Provisioned nuget-license 4.0.16 from D:\repos\Musoq.DataSources\.config\dotnet-tools.json at D:\repos\Musoq.DataSources\.builds\license-refresh\tooling\4.0.16
Refreshing license snapshot: Musoq.DataSources.Archives
  info: Musoq.Cloud.LicensesGatherer.LicenseGatherer[0]
        Starting license gathering for: D:\repos\Musoq.DataSources\Musoq.DataSources.Archives\Musoq.DataSources.Archives.csproj
  info: Musoq.Cloud.LicensesGatherer.LicenseGatherer[0]
        Output folder: D:\repos\Musoq.DataSources\.builds\license-refresh\Musoq.DataSources.Archives\snapshot\third-party-notices
  info: Musoq.Cloud.LicensesGatherer.LicenseGatherer[0]
        Loaded 12 manual link overrides
  info: Musoq.Cloud.LicensesGatherer.LicenseGatherer[0]
        Loaded 0 cached links
  info: Musoq.Cloud.LicensesGatherer.LicenseGatherer[0]
        Found 12 packages to process
  info: Musoq.Cloud.LicensesGatherer.LicenseGatherer[0]
        After filtering runtime packages: 12 packages
  info: System.Net.Http.HttpClient.NoLoggingHandler.LogicalHandler[100]
        Start processing HTTP request GET https://github.com/mmanela/diffplex/blob/main/LICENSE
  info: System.Net.Http.HttpClient.Default.LogicalHandler[100]
        Start processing HTTP request GET https://raw.githubusercontent.com/dotnet/runtime/main/LICENSE.TXT
  info: System.Net.Http.HttpClient.NoLoggingHandler.LogicalHandler[100]
        Start processing HTTP request GET https://github.com/dotnet/sourcelink/blob/main/LICENSE
  info: System.Net.Http.HttpClient.Default.LogicalHandler[100]
        Start processing HTTP request GET https://raw.githubusercontent.com/DanHarltey/Fastenshtein/master/LICENSE
  info: System.Net.Http.HttpClient.NoLoggingHandler.ClientHandler[100]
        Sending HTTP request GET https://github.com/dotnet/sourcelink/blob/main/LICENSE
  info: System.Net.Http.HttpClient.Default.ClientHandler[100]
        Sending HTTP request GET https://raw.githubusercontent.com/dotnet/runtime/main/LICENSE.TXT
  info: System.Net.Http.HttpClient.NoLoggingHandler.ClientHandler[100]
        Sending HTTP request GET https://github.com/mmanela/diffplex/blob/main/LICENSE
  info: System.Net.Http.HttpClient.Default.ClientHandler[100]
        Sending HTTP request GET https://raw.githubusercontent.com/DanHarltey/Fastenshtein/master/LICENSE
  info: System.Net.Http.HttpClient.Default.ClientHandler[101]
        Received HTTP response headers after 110.6092ms - 200
  info: System.Net.Http.HttpClient.Default.LogicalHandler[101]
        End processing HTTP request after 117.3352ms - 200
  info: System.Net.Http.HttpClient.Default.LogicalHandler[100]
        Start processing HTTP request GET https://raw.githubusercontent.com/dotnet/runtime/main/LICENSE.TXT
  info: System.Net.Http.HttpClient.Default.ClientHandler[100]
        Sending HTTP request GET https://raw.githubusercontent.com/dotnet/runtime/main/LICENSE.TXT
  info: System.Net.Http.HttpClient.Default.ClientHandler[101]
        Received HTTP response headers after 22.1929ms - 200
  info: System.Net.Http.HttpClient.Default.LogicalHandler[101]
        End processing HTTP request after 22.2571ms - 200
  info: System.Net.Http.HttpClient.NoLoggingHandler.LogicalHandler[100]
        Start processing HTTP request GET https://github.com/dotnet/sourcelink/blob/main/LICENSE
  info: System.Net.Http.HttpClient.NoLoggingHandler.ClientHandler[100]
        Sending HTTP request GET https://github.com/dotnet/sourcelink/blob/main/LICENSE
  info: System.Net.Http.HttpClient.Default.ClientHandler[101]
        Received HTTP response headers after 409.9911ms - 200
  info: System.Net.Http.HttpClient.Default.LogicalHandler[101]
        End processing HTTP request after 413.5955ms - 200
  info: System.Net.Http.HttpClient.NoLoggingHandler.LogicalHandler[100]
        Start processing HTTP request GET https://github.com/dotnet/sourcelink/blob/main/LICENSE
  info: System.Net.Http.HttpClient.NoLoggingHandler.ClientHandler[100]
        Sending HTTP request GET https://github.com/dotnet/sourcelink/blob/main/LICENSE
  info: System.Net.Http.HttpClient.NoLoggingHandler.ClientHandler[101]
        Received HTTP response headers after 416.5837ms - 404
  info: System.Net.Http.HttpClient.NoLoggingHandler.LogicalHandler[101]
        End processing HTTP request after 420.1635ms - 404
  info: System.Net.Http.HttpClient.NoLoggingHandler.ClientHandler[101]
        Received HTTP response headers after 453.2653ms - 404
  info: System.Net.Http.HttpClient.NoLoggingHandler.ClientHandler[101]
        Received HTTP response headers after 311.2945ms - 404
  info: System.Net.Http.HttpClient.NoLoggingHandler.LogicalHandler[101]
        End processing HTTP request after 311.354ms - 404
  info: System.Net.Http.HttpClient.NoLoggingHandler.LogicalHandler[101]
        End processing HTTP request after 456.8571ms - 404
  info: System.Net.Http.HttpClient.NoLoggingHandler.LogicalHandler[100]
        Start processing HTTP request GET https://github.com/mmanela/diffplex/blob/main/LICENSE.md
  info: System.Net.Http.HttpClient.NoLoggingHandler.ClientHandler[100]
        Sending HTTP request GET https://github.com/mmanela/diffplex/blob/main/LICENSE.md
  info: System.Net.Http.HttpClient.NoLoggingHandler.ClientHandler[101]
        Received HTTP response headers after 107.6979ms - 404
  info: System.Net.Http.HttpClient.NoLoggingHandler.LogicalHandler[101]
        End processing HTTP request after 107.7669ms - 404
  info: System.Net.Http.HttpClient.NoLoggingHandler.LogicalHandler[100]
        Start processing HTTP request GET https://github.com/dotnet/sourcelink/blob/main/LICENSE.md
  info: System.Net.Http.HttpClient.NoLoggingHandler.ClientHandler[100]
        Sending HTTP request GET https://github.com/dotnet/sourcelink/blob/main/LICENSE.md
  info: System.Net.Http.HttpClient.NoLoggingHandler.LogicalHandler[100]
        Start processing HTTP request GET https://github.com/dotnet/sourcelink/blob/main/LICENSE.md
  info: System.Net.Http.HttpClient.NoLoggingHandler.ClientHandler[100]
        Sending HTTP request GET https://github.com/dotnet/sourcelink/blob/main/LICENSE.md
  info: System.Net.Http.HttpClient.NoLoggingHandler.LogicalHandler[100]
        Start processing HTTP request GET https://github.com/dotnet/sourcelink/blob/main/LICENSE.md
  info: System.Net.Http.HttpClient.NoLoggingHandler.ClientHandler[100]
        Sending HTTP request GET https://github.com/dotnet/sourcelink/blob/main/LICENSE.md
  info: System.Net.Http.HttpClient.NoLoggingHandler.ClientHandler[101]
        Received HTTP response headers after 366.0031ms - 404
  info: System.Net.Http.HttpClient.NoLoggingHandler.LogicalHandler[101]
        End processing HTTP request after 366.1025ms - 404
  info: System.Net.Http.HttpClient.NoLoggingHandler.ClientHandler[101]
        Received HTTP response headers after 364.981ms - 404
  info: System.Net.Http.HttpClient.NoLoggingHandler.LogicalHandler[101]
        End processing HTTP request after 365.0214ms - 404
  info: System.Net.Http.HttpClient.NoLoggingHandler.LogicalHandler[100]
        Start processing HTTP request GET https://github.com/dotnet/sourcelink/blob/main/LICENSE.txt
  info: System.Net.Http.HttpClient.NoLoggingHandler.ClientHandler[100]
        Sending HTTP request GET https://github.com/dotnet/sourcelink/blob/main/LICENSE.txt
  info: System.Net.Http.HttpClient.NoLoggingHandler.LogicalHandler[100]
        Start processing HTTP request GET https://github.com/dotnet/sourcelink/blob/main/LICENSE.txt
  info: System.Net.Http.HttpClient.NoLoggingHandler.ClientHandler[100]
        Sending HTTP request GET https://github.com/dotnet/sourcelink/blob/main/LICENSE.txt
  info: System.Net.Http.HttpClient.NoLoggingHandler.ClientHandler[101]
        Received HTTP response headers after 286.328ms - 404
  info: System.Net.Http.HttpClient.NoLoggingHandler.LogicalHandler[101]
        End processing HTTP request after 286.4029ms - 404
  info: System.Net.Http.HttpClient.NoLoggingHandler.LogicalHandler[100]
        Start processing HTTP request GET https://github.com/dotnet/sourcelink/blob/main/LICENSE.txt
  info: System.Net.Http.HttpClient.NoLoggingHandler.ClientHandler[100]
        Sending HTTP request GET https://github.com/dotnet/sourcelink/blob/main/LICENSE.txt
  info: System.Net.Http.HttpClient.NoLoggingHandler.ClientHandler[101]
        Received HTTP response headers after 422.044ms - 404
  info: System.Net.Http.HttpClient.NoLoggingHandler.LogicalHandler[101]
        End processing HTTP request after 422.138ms - 404
  info: System.Net.Http.HttpClient.NoLoggingHandler.LogicalHandler[100]
        Start processing HTTP request GET https://github.com/mmanela/diffplex/blob/main/LICENSE.txt
  info: System.Net.Http.HttpClient.NoLoggingHandler.ClientHandler[100]
        Sending HTTP request GET https://github.com/mmanela/diffplex/blob/main/LICENSE.txt
  info: System.Net.Http.HttpClient.NoLoggingHandler.ClientHandler[101]
        Received HTTP response headers after 319.616ms - 404
  info: System.Net.Http.HttpClient.NoLoggingHandler.LogicalHandler[101]
        End processing HTTP request after 319.6927ms - 404
  info: System.Net.Http.HttpClient.NoLoggingHandler.LogicalHandler[100]
        Start processing HTTP request GET https://github.com/mmanela/diffplex/blob/main/license
  info: System.Net.Http.HttpClient.NoLoggingHandler.ClientHandler[100]
        Sending HTTP request GET https://github.com/mmanela/diffplex/blob/main/license
  info: System.Net.Http.HttpClient.NoLoggingHandler.ClientHandler[101]
        Received HTTP response headers after 469.7022ms - 404
  info: System.Net.Http.HttpClient.NoLoggingHandler.LogicalHandler[101]
        End processing HTTP request after 469.7625ms - 404
  info: System.Net.Http.HttpClient.NoLoggingHandler.ClientHandler[101]
        Received HTTP response headers after 470.2084ms - 404
  info: System.Net.Http.HttpClient.NoLoggingHandler.LogicalHandler[101]
        End processing HTTP request after 470.2645ms - 404
  info: System.Net.Http.HttpClient.NoLoggingHandler.LogicalHandler[100]
        Start processing HTTP request GET https://github.com/dotnet/sourcelink/blob/main/license
  info: System.Net.Http.HttpClient.NoLoggingHandler.ClientHandler[100]
        Sending HTTP request GET https://github.com/dotnet/sourcelink/blob/main/license
  info: System.Net.Http.HttpClient.NoLoggingHandler.LogicalHandler[100]
        Start processing HTTP request GET https://github.com/dotnet/sourcelink/blob/main/license
  info: System.Net.Http.HttpClient.NoLoggingHandler.ClientHandler[100]
        Sending HTTP request GET https://github.com/dotnet/sourcelink/blob/main/license
  info: System.Net.Http.HttpClient.NoLoggingHandler.ClientHandler[101]
        Received HTTP response headers after 471.9025ms - 404
  info: System.Net.Http.HttpClient.NoLoggingHandler.LogicalHandler[101]
        End processing HTTP request after 471.9288ms - 404
  info: System.Net.Http.HttpClient.NoLoggingHandler.LogicalHandler[100]
        Start processing HTTP request GET https://github.com/dotnet/sourcelink/blob/main/license
  info: System.Net.Http.HttpClient.NoLoggingHandler.ClientHandler[100]
        Sending HTTP request GET https://github.com/dotnet/sourcelink/blob/main/license
  info: System.Net.Http.HttpClient.NoLoggingHandler.ClientHandler[101]
        Received HTTP response headers after 337.6371ms - 404
  info: System.Net.Http.HttpClient.NoLoggingHandler.LogicalHandler[101]
        End processing HTTP request after 337.6927ms - 404
  info: System.Net.Http.HttpClient.NoLoggingHandler.LogicalHandler[100]
        Start processing HTTP request GET https://github.com/mmanela/diffplex/blob/main/license.md
  info: System.Net.Http.HttpClient.NoLoggingHandler.ClientHandler[100]
        Sending HTTP request GET https://github.com/mmanela/diffplex/blob/main/license.md
  info: System.Net.Http.HttpClient.NoLoggingHandler.ClientHandler[101]
        Received HTTP response headers after 358.657ms - 404
  info: System.Net.Http.HttpClient.NoLoggingHandler.LogicalHandler[101]
        End processing HTTP request after 358.7023ms - 404
  info: System.Net.Http.HttpClient.NoLoggingHandler.ClientHandler[101]
        Received HTTP response headers after 359.6871ms - 404
  info: System.Net.Http.HttpClient.NoLoggingHandler.LogicalHandler[101]
        End processing HTTP request after 359.7387ms - 404
  info: System.Net.Http.HttpClient.NoLoggingHandler.LogicalHandler[100]
        Start processing HTTP request GET https://github.com/dotnet/sourcelink/blob/main/license.md
  info: System.Net.Http.HttpClient.NoLoggingHandler.LogicalHandler[100]
        Start processing HTTP request GET https://github.com/dotnet/sourcelink/blob/main/license.md
  info: System.Net.Http.HttpClient.NoLoggingHandler.ClientHandler[100]
        Sending HTTP request GET https://github.com/dotnet/sourcelink/blob/main/license.md
  info: System.Net.Http.HttpClient.NoLoggingHandler.ClientHandler[100]
        Sending HTTP request GET https://github.com/dotnet/sourcelink/blob/main/license.md
  info: System.Net.Http.HttpClient.NoLoggingHandler.ClientHandler[101]
        Received HTTP response headers after 360.504ms - 404
  info: System.Net.Http.HttpClient.NoLoggingHandler.LogicalHandler[101]
        End processing HTTP request after 360.528ms - 404
  info: System.Net.Http.HttpClient.NoLoggingHandler.LogicalHandler[100]
        Start processing HTTP request GET https://github.com/dotnet/sourcelink/blob/main/license.md
  info: System.Net.Http.HttpClient.NoLoggingHandler.ClientHandler[100]
        Sending HTTP request GET https://github.com/dotnet/sourcelink/blob/main/license.md
  info: System.Net.Http.HttpClient.NoLoggingHandler.ClientHandler[101]
        Received HTTP response headers after 331.034ms - 404
  info: System.Net.Http.HttpClient.NoLoggingHandler.LogicalHandler[101]
        End processing HTTP request after 331.1336ms - 404
  info: System.Net.Http.HttpClient.NoLoggingHandler.LogicalHandler[100]
        Start processing HTTP request GET https://github.com/mmanela/diffplex/blob/main/license.txt
  info: System.Net.Http.HttpClient.NoLoggingHandler.ClientHandler[100]
        Sending HTTP request GET https://github.com/mmanela/diffplex/blob/main/license.txt
  info: System.Net.Http.HttpClient.NoLoggingHandler.ClientHandler[101]
        Received HTTP response headers after 322.1705ms - 404
  info: System.Net.Http.HttpClient.NoLoggingHandler.ClientHandler[101]
        Received HTTP response headers after 322.1715ms - 404
  info: System.Net.Http.HttpClient.NoLoggingHandler.LogicalHandler[101]
        End processing HTTP request after 322.2251ms - 404
  info: System.Net.Http.HttpClient.NoLoggingHandler.LogicalHandler[101]
        End processing HTTP request after 322.2245ms - 404
  info: System.Net.Http.HttpClient.NoLoggingHandler.LogicalHandler[100]
        Start processing HTTP request GET https://github.com/dotnet/sourcelink/blob/main/license.txt
  info: System.Net.Http.HttpClient.NoLoggingHandler.LogicalHandler[100]
        Start processing HTTP request GET https://github.com/dotnet/sourcelink/blob/main/license.txt
  info: System.Net.Http.HttpClient.NoLoggingHandler.ClientHandler[100]
        Sending HTTP request GET https://github.com/dotnet/sourcelink/blob/main/license.txt
  info: System.Net.Http.HttpClient.NoLoggingHandler.ClientHandler[100]
        Sending HTTP request GET https://github.com/dotnet/sourcelink/blob/main/license.txt
  info: System.Net.Http.HttpClient.NoLoggingHandler.ClientHandler[101]
        Received HTTP response headers after 323.1212ms - 404
  info: System.Net.Http.HttpClient.NoLoggingHandler.LogicalHandler[101]
        End processing HTTP request after 323.1658ms - 404
  info: System.Net.Http.HttpClient.NoLoggingHandler.LogicalHandler[100]
        Start processing HTTP request GET https://github.com/dotnet/sourcelink/blob/main/license.txt
  info: System.Net.Http.HttpClient.NoLoggingHandler.ClientHandler[100]
        Sending HTTP request GET https://github.com/dotnet/sourcelink/blob/main/license.txt
  info: System.Net.Http.HttpClient.NoLoggingHandler.ClientHandler[101]
        Received HTTP response headers after 361.1472ms - 404
  info: System.Net.Http.HttpClient.NoLoggingHandler.LogicalHandler[101]
        End processing HTTP request after 361.2142ms - 404
  info: System.Net.Http.HttpClient.NoLoggingHandler.LogicalHandler[100]
        Start processing HTTP request GET https://github.com/mmanela/diffplex/blob/main/License
  info: System.Net.Http.HttpClient.NoLoggingHandler.ClientHandler[100]
        Sending HTTP request GET https://github.com/mmanela/diffplex/blob/main/License
  info: System.Net.Http.HttpClient.NoLoggingHandler.ClientHandler[101]
        Received HTTP response headers after 328.8325ms - 404
  info: System.Net.Http.HttpClient.NoLoggingHandler.LogicalHandler[101]
        End processing HTTP request after 328.8809ms - 404
  info: System.Net.Http.HttpClient.NoLoggingHandler.ClientHandler[101]
        Received HTTP response headers after 328.8697ms - 404
  info: System.Net.Http.HttpClient.NoLoggingHandler.LogicalHandler[101]
        End processing HTTP request after 328.9086ms - 404
  info: System.Net.Http.HttpClient.NoLoggingHandler.LogicalHandler[100]
        Start processing HTTP request GET https://github.com/dotnet/sourcelink/blob/main/License
  info: System.Net.Http.HttpClient.NoLoggingHandler.ClientHandler[100]
        Sending HTTP request GET https://github.com/dotnet/sourcelink/blob/main/License
  info: System.Net.Http.HttpClient.NoLoggingHandler.LogicalHandler[100]
        Start processing HTTP request GET https://github.com/dotnet/sourcelink/blob/main/License
  info: System.Net.Http.HttpClient.NoLoggingHandler.ClientHandler[100]
        Sending HTTP request GET https://github.com/dotnet/sourcelink/blob/main/License
  info: System.Net.Http.HttpClient.NoLoggingHandler.ClientHandler[101]
        Received HTTP response headers after 330.3386ms - 404
  info: System.Net.Http.HttpClient.NoLoggingHandler.LogicalHandler[101]
        End processing HTTP request after 330.3784ms - 404
  info: System.Net.Http.HttpClient.NoLoggingHandler.LogicalHandler[100]
        Start processing HTTP request GET https://github.com/dotnet/sourcelink/blob/main/License
  info: System.Net.Http.HttpClient.NoLoggingHandler.ClientHandler[100]
        Sending HTTP request GET https://github.com/dotnet/sourcelink/blob/main/License
  info: System.Net.Http.HttpClient.NoLoggingHandler.ClientHandler[101]
        Received HTTP response headers after 340.8425ms - 404
  info: System.Net.Http.HttpClient.NoLoggingHandler.LogicalHandler[101]
        End processing HTTP request after 340.9044ms - 404
  info: System.Net.Http.HttpClient.NoLoggingHandler.LogicalHandler[100]
        Start processing HTTP request GET https://github.com/mmanela/diffplex/blob/main/License.md
  info: System.Net.Http.HttpClient.NoLoggingHandler.ClientHandler[100]
        Sending HTTP request GET https://github.com/mmanela/diffplex/blob/main/License.md
  info: System.Net.Http.HttpClient.NoLoggingHandler.ClientHandler[101]
        Received HTTP response headers after 346.564ms - 404
  info: System.Net.Http.HttpClient.NoLoggingHandler.ClientHandler[101]
        Received HTTP response headers after 346.5137ms - 404
  info: System.Net.Http.HttpClient.NoLoggingHandler.LogicalHandler[101]
        End processing HTTP request after 346.609ms - 404
  info: System.Net.Http.HttpClient.NoLoggingHandler.LogicalHandler[101]
        End processing HTTP request after 346.5537ms - 404
  info: System.Net.Http.HttpClient.NoLoggingHandler.LogicalHandler[100]
        Start processing HTTP request GET https://github.com/dotnet/sourcelink/blob/main/License.md
  info: System.Net.Http.HttpClient.NoLoggingHandler.ClientHandler[100]
        Sending HTTP request GET https://github.com/dotnet/sourcelink/blob/main/License.md
  info: System.Net.Http.HttpClient.NoLoggingHandler.LogicalHandler[100]
        Start processing HTTP request GET https://github.com/dotnet/sourcelink/blob/main/License.md
  info: System.Net.Http.HttpClient.NoLoggingHandler.ClientHandler[100]
        Sending HTTP request GET https://github.com/dotnet/sourcelink/blob/main/License.md
  info: System.Net.Http.HttpClient.NoLoggingHandler.ClientHandler[101]
        Received HTTP response headers after 348.5433ms - 404
  info: System.Net.Http.HttpClient.NoLoggingHandler.LogicalHandler[101]
        End processing HTTP request after 348.5703ms - 404
  info: System.Net.Http.HttpClient.NoLoggingHandler.LogicalHandler[100]
        Start processing HTTP request GET https://github.com/dotnet/sourcelink/blob/main/License.md
  info: System.Net.Http.HttpClient.NoLoggingHandler.ClientHandler[100]
        Sending HTTP request GET https://github.com/dotnet/sourcelink/blob/main/License.md
  info: System.Net.Http.HttpClient.NoLoggingHandler.ClientHandler[101]
        Received HTTP response headers after 311.9508ms - 404
  info: System.Net.Http.HttpClient.NoLoggingHandler.LogicalHandler[101]
        End processing HTTP request after 312.0027ms - 404
  info: System.Net.Http.HttpClient.NoLoggingHandler.LogicalHandler[100]
        Start processing HTTP request GET https://github.com/mmanela/diffplex/blob/main/License.txt
  info: System.Net.Http.HttpClient.NoLoggingHandler.ClientHandler[100]
        Sending HTTP request GET https://github.com/mmanela/diffplex/blob/main/License.txt
  info: System.Net.Http.HttpClient.NoLoggingHandler.ClientHandler[101]
        Received HTTP response headers after 392.2158ms - 404
  info: System.Net.Http.HttpClient.NoLoggingHandler.LogicalHandler[101]
        End processing HTTP request after 392.272ms - 404
  info: System.Net.Http.HttpClient.NoLoggingHandler.ClientHandler[101]
        Received HTTP response headers after 392.1833ms - 404
  info: System.Net.Http.HttpClient.NoLoggingHandler.LogicalHandler[101]
        End processing HTTP request after 392.2029ms - 404
  info: System.Net.Http.HttpClient.NoLoggingHandler.LogicalHandler[100]
        Start processing HTTP request GET https://github.com/dotnet/sourcelink/blob/main/License.txt
  info: System.Net.Http.HttpClient.NoLoggingHandler.ClientHandler[100]
        Sending HTTP request GET https://github.com/dotnet/sourcelink/blob/main/License.txt
  info: System.Net.Http.HttpClient.NoLoggingHandler.LogicalHandler[100]
        Start processing HTTP request GET https://github.com/dotnet/sourcelink/blob/main/License.txt
  info: System.Net.Http.HttpClient.NoLoggingHandler.ClientHandler[100]
        Sending HTTP request GET https://github.com/dotnet/sourcelink/blob/main/License.txt
  info: System.Net.Http.HttpClient.NoLoggingHandler.ClientHandler[101]
        Received HTTP response headers after 392.7535ms - 404
  info: System.Net.Http.HttpClient.NoLoggingHandler.LogicalHandler[101]
        End processing HTTP request after 392.7834ms - 404
  info: System.Net.Http.HttpClient.NoLoggingHandler.LogicalHandler[100]
        Start processing HTTP request GET https://github.com/dotnet/sourcelink/blob/main/License.txt
  info: System.Net.Http.HttpClient.NoLoggingHandler.ClientHandler[100]
        Sending HTTP request GET https://github.com/dotnet/sourcelink/blob/main/License.txt
  info: System.Net.Http.HttpClient.NoLoggingHandler.ClientHandler[101]
        Received HTTP response headers after 355.7888ms - 404
  info: System.Net.Http.HttpClient.NoLoggingHandler.LogicalHandler[101]
        End processing HTTP request after 355.8335ms - 404
  info: System.Net.Http.HttpClient.NoLoggingHandler.LogicalHandler[100]
        Start processing HTTP request GET https://github.com/mmanela/diffplex/blob/main/LICENSE.TXT
  info: System.Net.Http.HttpClient.NoLoggingHandler.ClientHandler[100]
        Sending HTTP request GET https://github.com/mmanela/diffplex/blob/main/LICENSE.TXT
  info: System.Net.Http.HttpClient.NoLoggingHandler.ClientHandler[101]
        Received HTTP response headers after 345.4358ms - 200
  info: System.Net.Http.HttpClient.NoLoggingHandler.LogicalHandler[101]
        End processing HTTP request after 345.4735ms - 200
  info: System.Net.Http.HttpClient.NoLoggingHandler.ClientHandler[101]
        Received HTTP response headers after 346.2598ms - 200
  info: System.Net.Http.HttpClient.NoLoggingHandler.LogicalHandler[101]
        End processing HTTP request after 346.2929ms - 200
  info: System.Net.Http.HttpClient.Default.LogicalHandler[100]
        Start processing HTTP request GET https://raw.githubusercontent.com/dotnet/sourcelink/main/License.txt
  info: System.Net.Http.HttpClient.Default.ClientHandler[100]
        Sending HTTP request GET https://raw.githubusercontent.com/dotnet/sourcelink/main/License.txt
  info: System.Net.Http.HttpClient.Default.LogicalHandler[100]
        Start processing HTTP request GET https://raw.githubusercontent.com/dotnet/sourcelink/main/License.txt
  info: System.Net.Http.HttpClient.Default.ClientHandler[100]
        Sending HTTP request GET https://raw.githubusercontent.com/dotnet/sourcelink/main/License.txt
  info: System.Net.Http.HttpClient.NoLoggingHandler.ClientHandler[101]
        Received HTTP response headers after 347.2751ms - 200
  info: System.Net.Http.HttpClient.NoLoggingHandler.LogicalHandler[101]
        End processing HTTP request after 347.2895ms - 200
  info: System.Net.Http.HttpClient.Default.LogicalHandler[100]
        Start processing HTTP request GET https://raw.githubusercontent.com/dotnet/sourcelink/main/License.txt
  info: System.Net.Http.HttpClient.Default.ClientHandler[100]
        Sending HTTP request GET https://raw.githubusercontent.com/dotnet/sourcelink/main/License.txt
  info: System.Net.Http.HttpClient.Default.ClientHandler[101]
        Received HTTP response headers after 22.1438ms - 200
  info: System.Net.Http.HttpClient.Default.LogicalHandler[101]
        End processing HTTP request after 22.1611ms - 200
  info: System.Net.Http.HttpClient.Default.ClientHandler[101]
        Received HTTP response headers after 25.8218ms - 200
  info: System.Net.Http.HttpClient.Default.LogicalHandler[101]
        End processing HTTP request after 25.8528ms - 200
  info: System.Net.Http.HttpClient.NoLoggingHandler.LogicalHandler[100]
        Start processing HTTP request GET https://github.com/adamhathcock/sharpcompress/blob/main/LICENSE
  info: System.Net.Http.HttpClient.NoLoggingHandler.ClientHandler[100]
        Sending HTTP request GET https://github.com/adamhathcock/sharpcompress/blob/main/LICENSE
  info: System.Net.Http.HttpClient.NoLoggingHandler.LogicalHandler[100]
        Start processing HTTP request GET https://github.com/oleg-st/ZstdSharp/blob/main/LICENSE
  info: System.Net.Http.HttpClient.NoLoggingHandler.ClientHandler[100]
        Sending HTTP request GET https://github.com/oleg-st/ZstdSharp/blob/main/LICENSE
  info: System.Net.Http.HttpClient.Default.ClientHandler[101]
        Received HTTP response headers after 41.9523ms - 200
  info: System.Net.Http.HttpClient.Default.LogicalHandler[101]
        End processing HTTP request after 41.9764ms - 200
  info: System.Net.Http.HttpClient.NoLoggingHandler.ClientHandler[101]
        Received HTTP response headers after 338.044ms - 404
  info: System.Net.Http.HttpClient.NoLoggingHandler.LogicalHandler[101]
        End processing HTTP request after 338.088ms - 404
  info: System.Net.Http.HttpClient.NoLoggingHandler.LogicalHandler[100]
        Start processing HTTP request GET https://github.com/mmanela/diffplex/blob/master/LICENSE
  info: System.Net.Http.HttpClient.NoLoggingHandler.ClientHandler[100]
        Sending HTTP request GET https://github.com/mmanela/diffplex/blob/master/LICENSE
  info: System.Net.Http.HttpClient.NoLoggingHandler.ClientHandler[101]
        Received HTTP response headers after 396.745ms - 404
  info: System.Net.Http.HttpClient.NoLoggingHandler.LogicalHandler[101]
        End processing HTTP request after 396.7846ms - 404
  info: System.Net.Http.HttpClient.NoLoggingHandler.LogicalHandler[100]
        Start processing HTTP request GET https://github.com/adamhathcock/sharpcompress/blob/main/LICENSE.md
  info: System.Net.Http.HttpClient.NoLoggingHandler.ClientHandler[100]
        Sending HTTP request GET https://github.com/adamhathcock/sharpcompress/blob/main/LICENSE.md
  info: System.Net.Http.HttpClient.NoLoggingHandler.ClientHandler[101]
        Received HTTP response headers after 423.8446ms - 404
  info: System.Net.Http.HttpClient.NoLoggingHandler.LogicalHandler[101]
        End processing HTTP request after 423.8666ms - 404
  info: System.Net.Http.HttpClient.NoLoggingHandler.LogicalHandler[100]
        Start processing HTTP request GET https://github.com/oleg-st/ZstdSharp/blob/main/LICENSE.md
  info: System.Net.Http.HttpClient.NoLoggingHandler.ClientHandler[100]
        Sending HTTP request GET https://github.com/oleg-st/ZstdSharp/blob/main/LICENSE.md
  info: System.Net.Http.HttpClient.NoLoggingHandler.ClientHandler[101]
        Received HTTP response headers after 380.0188ms - 404
  info: System.Net.Http.HttpClient.NoLoggingHandler.LogicalHandler[101]
        End processing HTTP request after 380.0494ms - 404
  info: System.Net.Http.HttpClient.NoLoggingHandler.LogicalHandler[100]
        Start processing HTTP request GET https://github.com/mmanela/diffplex/blob/master/LICENSE.md
  info: System.Net.Http.HttpClient.NoLoggingHandler.ClientHandler[100]
        Sending HTTP request GET https://github.com/mmanela/diffplex/blob/master/LICENSE.md
  info: System.Net.Http.HttpClient.NoLoggingHandler.ClientHandler[101]
        Received HTTP response headers after 335.2041ms - 404
  info: System.Net.Http.HttpClient.NoLoggingHandler.LogicalHandler[101]
        End processing HTTP request after 335.2428ms - 404
  info: System.Net.Http.HttpClient.NoLoggingHandler.LogicalHandler[100]
        Start processing HTTP request GET https://github.com/adamhathcock/sharpcompress/blob/main/LICENSE.txt
  info: System.Net.Http.HttpClient.NoLoggingHandler.ClientHandler[100]
        Sending HTTP request GET https://github.com/adamhathcock/sharpcompress/blob/main/LICENSE.txt
  info: System.Net.Http.HttpClient.NoLoggingHandler.ClientHandler[101]
        Received HTTP response headers after 327.964ms - 404
  info: System.Net.Http.HttpClient.NoLoggingHandler.LogicalHandler[101]
        End processing HTTP request after 327.9969ms - 404
  info: System.Net.Http.HttpClient.NoLoggingHandler.LogicalHandler[100]
        Start processing HTTP request GET https://github.com/oleg-st/ZstdSharp/blob/main/LICENSE.txt
  info: System.Net.Http.HttpClient.NoLoggingHandler.ClientHandler[100]
        Sending HTTP request GET https://github.com/oleg-st/ZstdSharp/blob/main/LICENSE.txt
  info: System.Net.Http.HttpClient.NoLoggingHandler.ClientHandler[101]
        Received HTTP response headers after 346.5924ms - 404
  info: System.Net.Http.HttpClient.NoLoggingHandler.LogicalHandler[101]
        End processing HTTP request after 346.6284ms - 404
  info: System.Net.Http.HttpClient.NoLoggingHandler.LogicalHandler[100]
        Start processing HTTP request GET https://github.com/mmanela/diffplex/blob/master/LICENSE.txt
  info: System.Net.Http.HttpClient.NoLoggingHandler.ClientHandler[100]
        Sending HTTP request GET https://github.com/mmanela/diffplex/blob/master/LICENSE.txt
  info: System.Net.Http.HttpClient.NoLoggingHandler.ClientHandler[101]
        Received HTTP response headers after 353.8109ms - 404
  info: System.Net.Http.HttpClient.NoLoggingHandler.LogicalHandler[101]
        End processing HTTP request after 353.8573ms - 404
  info: System.Net.Http.HttpClient.NoLoggingHandler.LogicalHandler[100]
        Start processing HTTP request GET https://github.com/adamhathcock/sharpcompress/blob/main/license
  info: System.Net.Http.HttpClient.NoLoggingHandler.ClientHandler[100]
        Sending HTTP request GET https://github.com/adamhathcock/sharpcompress/blob/main/license
  info: System.Net.Http.HttpClient.NoLoggingHandler.ClientHandler[101]
        Received HTTP response headers after 356.2717ms - 404
  info: System.Net.Http.HttpClient.NoLoggingHandler.LogicalHandler[101]
        End processing HTTP request after 356.2978ms - 404
  info: System.Net.Http.HttpClient.NoLoggingHandler.LogicalHandler[100]
        Start processing HTTP request GET https://github.com/oleg-st/ZstdSharp/blob/main/license
  info: System.Net.Http.HttpClient.NoLoggingHandler.ClientHandler[100]
        Sending HTTP request GET https://github.com/oleg-st/ZstdSharp/blob/main/license
  info: System.Net.Http.HttpClient.NoLoggingHandler.ClientHandler[101]
        Received HTTP response headers after 347.9525ms - 404
  info: System.Net.Http.HttpClient.NoLoggingHandler.LogicalHandler[101]
        End processing HTTP request after 347.9858ms - 404
  info: System.Net.Http.HttpClient.NoLoggingHandler.LogicalHandler[100]
        Start processing HTTP request GET https://github.com/mmanela/diffplex/blob/master/license
  info: System.Net.Http.HttpClient.NoLoggingHandler.ClientHandler[100]
        Sending HTTP request GET https://github.com/mmanela/diffplex/blob/master/license
  info: System.Net.Http.HttpClient.NoLoggingHandler.ClientHandler[101]
        Received HTTP response headers after 314.3798ms - 404
  info: System.Net.Http.HttpClient.NoLoggingHandler.LogicalHandler[101]
        End processing HTTP request after 314.4082ms - 404
  info: System.Net.Http.HttpClient.NoLoggingHandler.LogicalHandler[100]
        Start processing HTTP request GET https://github.com/oleg-st/ZstdSharp/blob/main/license.md
  info: System.Net.Http.HttpClient.NoLoggingHandler.ClientHandler[100]
        Sending HTTP request GET https://github.com/oleg-st/ZstdSharp/blob/main/license.md
  info: System.Net.Http.HttpClient.NoLoggingHandler.ClientHandler[101]
        Received HTTP response headers after 355.6979ms - 404
  info: System.Net.Http.HttpClient.NoLoggingHandler.LogicalHandler[101]
        End processing HTTP request after 355.7303ms - 404
  info: System.Net.Http.HttpClient.NoLoggingHandler.LogicalHandler[100]
        Start processing HTTP request GET https://github.com/adamhathcock/sharpcompress/blob/main/license.md
  info: System.Net.Http.HttpClient.NoLoggingHandler.ClientHandler[100]
        Sending HTTP request GET https://github.com/adamhathcock/sharpcompress/blob/main/license.md
  info: System.Net.Http.HttpClient.NoLoggingHandler.ClientHandler[101]
        Received HTTP response headers after 404.7286ms - 404
  info: System.Net.Http.HttpClient.NoLoggingHandler.LogicalHandler[101]
        End processing HTTP request after 404.7599ms - 404
  info: System.Net.Http.HttpClient.NoLoggingHandler.LogicalHandler[100]
        Start processing HTTP request GET https://github.com/mmanela/diffplex/blob/master/license.md
  info: System.Net.Http.HttpClient.NoLoggingHandler.ClientHandler[100]
        Sending HTTP request GET https://github.com/mmanela/diffplex/blob/master/license.md
  info: System.Net.Http.HttpClient.NoLoggingHandler.ClientHandler[101]
        Received HTTP response headers after 337.5027ms - 404
  info: System.Net.Http.HttpClient.NoLoggingHandler.LogicalHandler[101]
        End processing HTTP request after 337.5388ms - 404
  info: System.Net.Http.HttpClient.NoLoggingHandler.LogicalHandler[100]
        Start processing HTTP request GET https://github.com/oleg-st/ZstdSharp/blob/main/license.txt
  info: System.Net.Http.HttpClient.NoLoggingHandler.ClientHandler[100]
        Sending HTTP request GET https://github.com/oleg-st/ZstdSharp/blob/main/license.txt
  info: System.Net.Http.HttpClient.NoLoggingHandler.ClientHandler[101]
        Received HTTP response headers after 338.8648ms - 404
  info: System.Net.Http.HttpClient.NoLoggingHandler.LogicalHandler[101]
        End processing HTTP request after 338.8923ms - 404
  info: System.Net.Http.HttpClient.NoLoggingHandler.LogicalHandler[100]
        Start processing HTTP request GET https://github.com/adamhathcock/sharpcompress/blob/main/license.txt
  info: System.Net.Http.HttpClient.NoLoggingHandler.ClientHandler[100]
        Sending HTTP request GET https://github.com/adamhathcock/sharpcompress/blob/main/license.txt
  info: System.Net.Http.HttpClient.NoLoggingHandler.ClientHandler[101]
        Received HTTP response headers after 340.7521ms - 404
  info: System.Net.Http.HttpClient.NoLoggingHandler.LogicalHandler[101]
        End processing HTTP request after 340.7913ms - 404
  info: System.Net.Http.HttpClient.NoLoggingHandler.LogicalHandler[100]
        Start processing HTTP request GET https://github.com/mmanela/diffplex/blob/master/license.txt
  info: System.Net.Http.HttpClient.NoLoggingHandler.ClientHandler[100]
        Sending HTTP request GET https://github.com/mmanela/diffplex/blob/master/license.txt
  info: System.Net.Http.HttpClient.NoLoggingHandler.ClientHandler[101]
        Received HTTP response headers after 330.9152ms - 404
  info: System.Net.Http.HttpClient.NoLoggingHandler.LogicalHandler[101]
        End processing HTTP request after 330.9531ms - 404
  info: System.Net.Http.HttpClient.NoLoggingHandler.LogicalHandler[100]
        Start processing HTTP request GET https://github.com/adamhathcock/sharpcompress/blob/main/License
  info: System.Net.Http.HttpClient.NoLoggingHandler.ClientHandler[100]
        Sending HTTP request GET https://github.com/adamhathcock/sharpcompress/blob/main/License
  info: System.Net.Http.HttpClient.NoLoggingHandler.ClientHandler[101]
        Received HTTP response headers after 364.1495ms - 404
  info: System.Net.Http.HttpClient.NoLoggingHandler.LogicalHandler[101]
        End processing HTTP request after 364.1755ms - 404
  info: System.Net.Http.HttpClient.NoLoggingHandler.LogicalHandler[100]
        Start processing HTTP request GET https://github.com/oleg-st/ZstdSharp/blob/main/License
  info: System.Net.Http.HttpClient.NoLoggingHandler.ClientHandler[100]
        Sending HTTP request GET https://github.com/oleg-st/ZstdSharp/blob/main/License
  info: System.Net.Http.HttpClient.NoLoggingHandler.ClientHandler[101]
        Received HTTP response headers after 334.4492ms - 404
  info: System.Net.Http.HttpClient.NoLoggingHandler.LogicalHandler[101]
        End processing HTTP request after 334.4869ms - 404
  info: System.Net.Http.HttpClient.NoLoggingHandler.LogicalHandler[100]
        Start processing HTTP request GET https://github.com/mmanela/diffplex/blob/master/License
  info: System.Net.Http.HttpClient.NoLoggingHandler.ClientHandler[100]
        Sending HTTP request GET https://github.com/mmanela/diffplex/blob/master/License
  info: System.Net.Http.HttpClient.NoLoggingHandler.ClientHandler[101]
        Received HTTP response headers after 328.2265ms - 404
  info: System.Net.Http.HttpClient.NoLoggingHandler.LogicalHandler[101]
        End processing HTTP request after 328.2653ms - 404
  info: System.Net.Http.HttpClient.NoLoggingHandler.LogicalHandler[100]
        Start processing HTTP request GET https://github.com/adamhathcock/sharpcompress/blob/main/License.md
  info: System.Net.Http.HttpClient.NoLoggingHandler.ClientHandler[100]
        Sending HTTP request GET https://github.com/adamhathcock/sharpcompress/blob/main/License.md
  info: System.Net.Http.HttpClient.NoLoggingHandler.ClientHandler[101]
        Received HTTP response headers after 353.701ms - 404
  info: System.Net.Http.HttpClient.NoLoggingHandler.LogicalHandler[101]
        End processing HTTP request after 353.7221ms - 404
  info: System.Net.Http.HttpClient.NoLoggingHandler.LogicalHandler[100]
        Start processing HTTP request GET https://github.com/oleg-st/ZstdSharp/blob/main/License.md
  info: System.Net.Http.HttpClient.NoLoggingHandler.ClientHandler[100]
        Sending HTTP request GET https://github.com/oleg-st/ZstdSharp/blob/main/License.md
  info: System.Net.Http.HttpClient.NoLoggingHandler.ClientHandler[101]
        Received HTTP response headers after 334.4058ms - 404
  info: System.Net.Http.HttpClient.NoLoggingHandler.LogicalHandler[101]
        End processing HTTP request after 334.4429ms - 404
  info: System.Net.Http.HttpClient.NoLoggingHandler.LogicalHandler[100]
        Start processing HTTP request GET https://github.com/mmanela/diffplex/blob/master/License.md
  info: System.Net.Http.HttpClient.NoLoggingHandler.ClientHandler[100]
        Sending HTTP request GET https://github.com/mmanela/diffplex/blob/master/License.md
  info: System.Net.Http.HttpClient.NoLoggingHandler.ClientHandler[101]
        Received HTTP response headers after 339.6686ms - 404
  info: System.Net.Http.HttpClient.NoLoggingHandler.LogicalHandler[101]
        End processing HTTP request after 339.7015ms - 404
  info: System.Net.Http.HttpClient.NoLoggingHandler.LogicalHandler[100]
        Start processing HTTP request GET https://github.com/adamhathcock/sharpcompress/blob/main/License.txt
  info: System.Net.Http.HttpClient.NoLoggingHandler.ClientHandler[100]
        Sending HTTP request GET https://github.com/adamhathcock/sharpcompress/blob/main/License.txt
  info: System.Net.Http.HttpClient.NoLoggingHandler.ClientHandler[101]
        Received HTTP response headers after 343.1071ms - 404
  info: System.Net.Http.HttpClient.NoLoggingHandler.LogicalHandler[101]
        End processing HTTP request after 343.1335ms - 404
  info: System.Net.Http.HttpClient.NoLoggingHandler.LogicalHandler[100]
        Start processing HTTP request GET https://github.com/oleg-st/ZstdSharp/blob/main/License.txt
  info: System.Net.Http.HttpClient.NoLoggingHandler.ClientHandler[100]
        Sending HTTP request GET https://github.com/oleg-st/ZstdSharp/blob/main/License.txt
  info: System.Net.Http.HttpClient.NoLoggingHandler.ClientHandler[101]
        Received HTTP response headers after 329.7649ms - 404
  info: System.Net.Http.HttpClient.NoLoggingHandler.LogicalHandler[101]
        End processing HTTP request after 329.7949ms - 404
  info: System.Net.Http.HttpClient.NoLoggingHandler.LogicalHandler[100]
        Start processing HTTP request GET https://github.com/mmanela/diffplex/blob/master/License.txt
  info: System.Net.Http.HttpClient.NoLoggingHandler.ClientHandler[100]
        Sending HTTP request GET https://github.com/mmanela/diffplex/blob/master/License.txt
  info: System.Net.Http.HttpClient.NoLoggingHandler.ClientHandler[101]
        Received HTTP response headers after 335.1011ms - 404
  info: System.Net.Http.HttpClient.NoLoggingHandler.LogicalHandler[101]
        End processing HTTP request after 335.1359ms - 404
  info: System.Net.Http.HttpClient.NoLoggingHandler.LogicalHandler[100]
        Start processing HTTP request GET https://github.com/adamhathcock/sharpcompress/blob/main/LICENSE.TXT
  info: System.Net.Http.HttpClient.NoLoggingHandler.ClientHandler[100]
        Sending HTTP request GET https://github.com/adamhathcock/sharpcompress/blob/main/LICENSE.TXT
  info: System.Net.Http.HttpClient.NoLoggingHandler.ClientHandler[101]
        Received HTTP response headers after 364.5788ms - 404
  info: System.Net.Http.HttpClient.NoLoggingHandler.LogicalHandler[101]
        End processing HTTP request after 364.6449ms - 404
  info: System.Net.Http.HttpClient.NoLoggingHandler.LogicalHandler[100]
        Start processing HTTP request GET https://github.com/oleg-st/ZstdSharp/blob/main/LICENSE.TXT
  info: System.Net.Http.HttpClient.NoLoggingHandler.ClientHandler[100]
        Sending HTTP request GET https://github.com/oleg-st/ZstdSharp/blob/main/LICENSE.TXT
  info: System.Net.Http.HttpClient.NoLoggingHandler.ClientHandler[101]
        Received HTTP response headers after 363.2825ms - 200
  info: System.Net.Http.HttpClient.NoLoggingHandler.LogicalHandler[101]
        End processing HTTP request after 363.3155ms - 200
  info: System.Net.Http.HttpClient.Default.LogicalHandler[100]
        Start processing HTTP request GET https://raw.githubusercontent.com/mmanela/diffplex/master/License.txt
  info: System.Net.Http.HttpClient.Default.ClientHandler[100]
        Sending HTTP request GET https://raw.githubusercontent.com/mmanela/diffplex/master/License.txt
  info: System.Net.Http.HttpClient.NoLoggingHandler.ClientHandler[101]
        Received HTTP response headers after 331.9475ms - 404
  info: System.Net.Http.HttpClient.NoLoggingHandler.LogicalHandler[101]
        End processing HTTP request after 331.9818ms - 404
  info: System.Net.Http.HttpClient.NoLoggingHandler.LogicalHandler[100]
        Start processing HTTP request GET https://github.com/adamhathcock/sharpcompress/blob/master/LICENSE
  info: System.Net.Http.HttpClient.NoLoggingHandler.ClientHandler[100]
        Sending HTTP request GET https://github.com/adamhathcock/sharpcompress/blob/master/LICENSE
  info: System.Net.Http.HttpClient.NoLoggingHandler.ClientHandler[101]
        Received HTTP response headers after 359.6291ms - 404
  info: System.Net.Http.HttpClient.NoLoggingHandler.LogicalHandler[101]
        End processing HTTP request after 359.6662ms - 404
  info: System.Net.Http.HttpClient.NoLoggingHandler.LogicalHandler[100]
        Start processing HTTP request GET https://github.com/oleg-st/ZstdSharp/blob/master/LICENSE
  info: System.Net.Http.HttpClient.NoLoggingHandler.ClientHandler[100]
        Sending HTTP request GET https://github.com/oleg-st/ZstdSharp/blob/master/LICENSE
  info: System.Net.Http.HttpClient.Default.ClientHandler[101]
        Received HTTP response headers after 404.2131ms - 200
  info: System.Net.Http.HttpClient.Default.LogicalHandler[101]
        End processing HTTP request after 404.2404ms - 200
  info: System.Net.Http.HttpClient.NoLoggingHandler.ClientHandler[101]
        Received HTTP response headers after 347.0908ms - 404
  info: System.Net.Http.HttpClient.NoLoggingHandler.LogicalHandler[101]
        End processing HTTP request after 347.1234ms - 404
  info: System.Net.Http.HttpClient.NoLoggingHandler.LogicalHandler[100]
        Start processing HTTP request GET https://github.com/adamhathcock/sharpcompress/blob/master/LICENSE.md
  info: System.Net.Http.HttpClient.NoLoggingHandler.ClientHandler[100]
        Sending HTTP request GET https://github.com/adamhathcock/sharpcompress/blob/master/LICENSE.md
  info: System.Net.Http.HttpClient.NoLoggingHandler.ClientHandler[101]
        Received HTTP response headers after 400.3633ms - 200
  info: System.Net.Http.HttpClient.NoLoggingHandler.LogicalHandler[101]
        End processing HTTP request after 400.393ms - 200
  info: System.Net.Http.HttpClient.Default.LogicalHandler[100]
        Start processing HTTP request GET https://raw.githubusercontent.com/oleg-st/ZstdSharp/master/LICENSE
  info: System.Net.Http.HttpClient.Default.ClientHandler[100]
        Sending HTTP request GET https://raw.githubusercontent.com/oleg-st/ZstdSharp/master/LICENSE
  info: System.Net.Http.HttpClient.NoLoggingHandler.ClientHandler[101]
        Received HTTP response headers after 338.9426ms - 404
  info: System.Net.Http.HttpClient.NoLoggingHandler.LogicalHandler[101]
        End processing HTTP request after 338.9857ms - 404
  info: System.Net.Http.HttpClient.NoLoggingHandler.LogicalHandler[100]
        Start processing HTTP request GET https://github.com/adamhathcock/sharpcompress/blob/master/LICENSE.txt
  info: System.Net.Http.HttpClient.NoLoggingHandler.ClientHandler[100]
        Sending HTTP request GET https://github.com/adamhathcock/sharpcompress/blob/master/LICENSE.txt
  info: System.Net.Http.HttpClient.Default.ClientHandler[101]
        Received HTTP response headers after 243.0949ms - 200
  info: System.Net.Http.HttpClient.Default.LogicalHandler[101]
        End processing HTTP request after 243.1229ms - 200
  info: System.Net.Http.HttpClient.NoLoggingHandler.ClientHandler[101]
        Received HTTP response headers after 376.0485ms - 200
  info: System.Net.Http.HttpClient.NoLoggingHandler.LogicalHandler[101]
        End processing HTTP request after 376.0831ms - 200
  info: System.Net.Http.HttpClient.Default.LogicalHandler[100]
        Start processing HTTP request GET https://raw.githubusercontent.com/adamhathcock/sharpcompress/master/LICENSE.txt
  info: System.Net.Http.HttpClient.Default.ClientHandler[100]
        Sending HTTP request GET https://raw.githubusercontent.com/adamhathcock/sharpcompress/master/LICENSE.txt
  info: System.Net.Http.HttpClient.Default.ClientHandler[101]
        Received HTTP response headers after 218.2098ms - 200
  info: System.Net.Http.HttpClient.Default.LogicalHandler[101]
        End processing HTTP request after 218.2388ms - 200
  info: Musoq.Cloud.LicensesGatherer.LicenseGatherer[0]
        Saved 13 licenses from 13 packages
  info: Musoq.Cloud.LicensesGatherer.LicenseGatherer[0]
        License texts saved in: D:\repos\Musoq.DataSources\.builds\license-refresh\Musoq.DataSources.Archives\snapshot\third-party-notices
[SNAPSHOT] package=Musoq.DataSources.Archives packages=12 files=14 manifest_sha256=3aed3e1dbdb783a91f384641c9e89a9d82f286e77df80816ddf6721a4bbe962d source=checked-in
[UPDATED] License snapshot 'Musoq.DataSources.Archives'
Refreshing license snapshot: Musoq.DataSources.CANBus
  info: Musoq.Cloud.LicensesGatherer.LicenseGatherer[0]
        Starting license gathering for: D:\repos\Musoq.DataSources\Musoq.DataSources.CANBus\Musoq.DataSources.CANBus.csproj
  info: Musoq.Cloud.LicensesGatherer.LicenseGatherer[0]
        Output folder: D:\repos\Musoq.DataSources\.builds\license-refresh\Musoq.DataSources.CANBus\snapshot\third-party-notices
  info: Musoq.Cloud.LicensesGatherer.LicenseGatherer[0]
        Loaded 12 manual link overrides
  info: Musoq.Cloud.LicensesGatherer.LicenseGatherer[0]
        Loaded 0 cached links
  info: Musoq.Cloud.LicensesGatherer.LicenseGatherer[0]
        Found 27 packages to process
  info: Musoq.Cloud.LicensesGatherer.LicenseGatherer[0]
        After filtering runtime packages: 22 packages
  info: System.Net.Http.HttpClient.Default.LogicalHandler[100]
        Start processing HTTP request GET https://www.apache.org/licenses/LICENSE-2.0.txt
  info: System.Net.Http.HttpClient.NoLoggingHandler.LogicalHandler[100]
        Start processing HTTP request GET https://github.com/EFeru/DbcParser/blob/main/LICENSE
  info: System.Net.Http.HttpClient.Default.LogicalHandler[100]
        Start processing HTTP request GET https://raw.githubusercontent.com/DanHarltey/Fastenshtein/master/LICENSE
  info: System.Net.Http.HttpClient.NoLoggingHandler.LogicalHandler[100]
        Start processing HTTP request GET https://github.com/mmanela/diffplex/blob/main/LICENSE
  info: System.Net.Http.HttpClient.Default.ClientHandler[100]
        Sending HTTP request GET https://raw.githubusercontent.com/DanHarltey/Fastenshtein/master/LICENSE
  info: System.Net.Http.HttpClient.Default.ClientHandler[100]
        Sending HTTP request GET https://www.apache.org/licenses/LICENSE-2.0.txt
  info: System.Net.Http.HttpClient.NoLoggingHandler.ClientHandler[100]
        Sending HTTP request GET https://github.com/EFeru/DbcParser/blob/main/LICENSE
  info: System.Net.Http.HttpClient.NoLoggingHandler.ClientHandler[100]
        Sending HTTP request GET https://github.com/mmanela/diffplex/blob/main/LICENSE
  info: System.Net.Http.HttpClient.Default.ClientHandler[101]
        Received HTTP response headers after 107.5982ms - 200
  info: System.Net.Http.HttpClient.Default.LogicalHandler[101]
        End processing HTTP request after 114.2937ms - 200
  info: System.Net.Http.HttpClient.NoLoggingHandler.LogicalHandler[100]
        Start processing HTTP request GET https://github.com/dotnet/iot/blob/main/LICENSE
  info: System.Net.Http.HttpClient.NoLoggingHandler.ClientHandler[100]
        Sending HTTP request GET https://github.com/dotnet/iot/blob/main/LICENSE
  info: System.Net.Http.HttpClient.Default.ClientHandler[101]
        Received HTTP response headers after 128.7196ms - 200
  info: System.Net.Http.HttpClient.Default.LogicalHandler[101]
        End processing HTTP request after 132.3413ms - 200
  info: System.Net.Http.HttpClient.NoLoggingHandler.LogicalHandler[100]
        Start processing HTTP request GET https://github.com/dotnet/sourcelink/blob/main/LICENSE
  info: System.Net.Http.HttpClient.NoLoggingHandler.ClientHandler[100]
        Sending HTTP request GET https://github.com/dotnet/sourcelink/blob/main/LICENSE
  info: System.Net.Http.HttpClient.NoLoggingHandler.ClientHandler[101]
        Received HTTP response headers after 135.3902ms - 404
  info: System.Net.Http.HttpClient.NoLoggingHandler.LogicalHandler[101]
        End processing HTTP request after 139.0076ms - 404
  info: System.Net.Http.HttpClient.NoLoggingHandler.LogicalHandler[100]
        Start processing HTTP request GET https://github.com/mmanela/diffplex/blob/main/LICENSE.md
  info: System.Net.Http.HttpClient.NoLoggingHandler.ClientHandler[100]
        Sending HTTP request GET https://github.com/mmanela/diffplex/blob/main/LICENSE.md
  info: System.Net.Http.HttpClient.NoLoggingHandler.ClientHandler[101]
        Received HTTP response headers after 108.991ms - 404
  info: System.Net.Http.HttpClient.NoLoggingHandler.LogicalHandler[101]
        End processing HTTP request after 109.0592ms - 404
  info: System.Net.Http.HttpClient.NoLoggingHandler.ClientHandler[101]
        Received HTTP response headers after 35.7194ms - 404
  info: System.Net.Http.HttpClient.NoLoggingHandler.LogicalHandler[101]
        End processing HTTP request after 35.8045ms - 404
  info: System.Net.Http.HttpClient.NoLoggingHandler.LogicalHandler[100]
        Start processing HTTP request GET https://github.com/mmanela/diffplex/blob/main/LICENSE.txt
  info: System.Net.Http.HttpClient.NoLoggingHandler.ClientHandler[100]
        Sending HTTP request GET https://github.com/mmanela/diffplex/blob/main/LICENSE.txt
  info: System.Net.Http.HttpClient.NoLoggingHandler.ClientHandler[101]
        Received HTTP response headers after 35.8672ms - 404
  info: System.Net.Http.HttpClient.NoLoggingHandler.LogicalHandler[101]
        End processing HTTP request after 35.9199ms - 404
  info: System.Net.Http.HttpClient.NoLoggingHandler.LogicalHandler[100]
        Start processing HTTP request GET https://github.com/mmanela/diffplex/blob/main/license
  info: System.Net.Http.HttpClient.NoLoggingHandler.ClientHandler[100]
        Sending HTTP request GET https://github.com/mmanela/diffplex/blob/main/license
  info: System.Net.Http.HttpClient.NoLoggingHandler.ClientHandler[101]
        Received HTTP response headers after 35.5954ms - 404
  info: System.Net.Http.HttpClient.NoLoggingHandler.LogicalHandler[101]
        End processing HTTP request after 35.6843ms - 404
  info: System.Net.Http.HttpClient.NoLoggingHandler.LogicalHandler[100]
        Start processing HTTP request GET https://github.com/mmanela/diffplex/blob/main/license.md
  info: System.Net.Http.HttpClient.NoLoggingHandler.ClientHandler[100]
        Sending HTTP request GET https://github.com/mmanela/diffplex/blob/main/license.md
  info: System.Net.Http.HttpClient.NoLoggingHandler.LogicalHandler[100]
        Start processing HTTP request GET https://github.com/dotnet/sourcelink/blob/main/LICENSE.md
  info: System.Net.Http.HttpClient.NoLoggingHandler.ClientHandler[100]
        Sending HTTP request GET https://github.com/dotnet/sourcelink/blob/main/LICENSE.md
  info: System.Net.Http.HttpClient.NoLoggingHandler.ClientHandler[101]
        Received HTTP response headers after 35.7107ms - 404
  info: System.Net.Http.HttpClient.NoLoggingHandler.LogicalHandler[101]
        End processing HTTP request after 35.752ms - 404
  info: System.Net.Http.HttpClient.NoLoggingHandler.LogicalHandler[100]
        Start processing HTTP request GET https://github.com/mmanela/diffplex/blob/main/license.txt
  info: System.Net.Http.HttpClient.NoLoggingHandler.ClientHandler[100]
        Sending HTTP request GET https://github.com/mmanela/diffplex/blob/main/license.txt
  info: System.Net.Http.HttpClient.NoLoggingHandler.ClientHandler[101]
        Received HTTP response headers after 36.0757ms - 404
  info: System.Net.Http.HttpClient.NoLoggingHandler.LogicalHandler[101]
        End processing HTTP request after 36.1116ms - 404
  info: System.Net.Http.HttpClient.NoLoggingHandler.LogicalHandler[100]
        Start processing HTTP request GET https://github.com/dotnet/sourcelink/blob/main/LICENSE.txt
  info: System.Net.Http.HttpClient.NoLoggingHandler.ClientHandler[100]
        Sending HTTP request GET https://github.com/dotnet/sourcelink/blob/main/LICENSE.txt
  info: System.Net.Http.HttpClient.NoLoggingHandler.ClientHandler[101]
        Received HTTP response headers after 35.52ms - 404
  info: System.Net.Http.HttpClient.NoLoggingHandler.LogicalHandler[101]
        End processing HTTP request after 35.5574ms - 404
  info: System.Net.Http.HttpClient.NoLoggingHandler.LogicalHandler[100]
        Start processing HTTP request GET https://github.com/mmanela/diffplex/blob/main/License
  info: System.Net.Http.HttpClient.NoLoggingHandler.ClientHandler[100]
        Sending HTTP request GET https://github.com/mmanela/diffplex/blob/main/License
  info: System.Net.Http.HttpClient.NoLoggingHandler.ClientHandler[101]
        Received HTTP response headers after 35.8675ms - 404
  info: System.Net.Http.HttpClient.NoLoggingHandler.LogicalHandler[101]
        End processing HTTP request after 35.8939ms - 404
  info: System.Net.Http.HttpClient.NoLoggingHandler.LogicalHandler[100]
        Start processing HTTP request GET https://github.com/dotnet/sourcelink/blob/main/license
  info: System.Net.Http.HttpClient.NoLoggingHandler.ClientHandler[100]
        Sending HTTP request GET https://github.com/dotnet/sourcelink/blob/main/license
  info: System.Net.Http.HttpClient.NoLoggingHandler.ClientHandler[101]
        Received HTTP response headers after 36.0687ms - 404
  info: System.Net.Http.HttpClient.NoLoggingHandler.LogicalHandler[101]
        End processing HTTP request after 36.1169ms - 404
  info: System.Net.Http.HttpClient.NoLoggingHandler.LogicalHandler[100]
        Start processing HTTP request GET https://github.com/mmanela/diffplex/blob/main/License.md
  info: System.Net.Http.HttpClient.NoLoggingHandler.ClientHandler[100]
        Sending HTTP request GET https://github.com/mmanela/diffplex/blob/main/License.md
  info: System.Net.Http.HttpClient.NoLoggingHandler.ClientHandler[101]
        Received HTTP response headers after 35.7439ms - 404
  info: System.Net.Http.HttpClient.NoLoggingHandler.LogicalHandler[101]
        End processing HTTP request after 35.7823ms - 404
  info: System.Net.Http.HttpClient.NoLoggingHandler.LogicalHandler[100]
        Start processing HTTP request GET https://github.com/dotnet/sourcelink/blob/main/license.md
  info: System.Net.Http.HttpClient.NoLoggingHandler.ClientHandler[100]
        Sending HTTP request GET https://github.com/dotnet/sourcelink/blob/main/license.md
  info: System.Net.Http.HttpClient.NoLoggingHandler.ClientHandler[101]
        Received HTTP response headers after 35.592ms - 404
  info: System.Net.Http.HttpClient.NoLoggingHandler.LogicalHandler[101]
        End processing HTTP request after 35.632ms - 404
  info: System.Net.Http.HttpClient.NoLoggingHandler.LogicalHandler[100]
        Start processing HTTP request GET https://github.com/mmanela/diffplex/blob/main/License.txt
  info: System.Net.Http.HttpClient.NoLoggingHandler.ClientHandler[100]
        Sending HTTP request GET https://github.com/mmanela/diffplex/blob/main/License.txt
  info: System.Net.Http.HttpClient.NoLoggingHandler.ClientHandler[101]
        Received HTTP response headers after 35.8811ms - 404
  info: System.Net.Http.HttpClient.NoLoggingHandler.LogicalHandler[101]
        End processing HTTP request after 35.9685ms - 404
  info: System.Net.Http.HttpClient.NoLoggingHandler.LogicalHandler[100]
        Start processing HTTP request GET https://github.com/dotnet/sourcelink/blob/main/license.txt
  info: System.Net.Http.HttpClient.NoLoggingHandler.ClientHandler[100]
        Sending HTTP request GET https://github.com/dotnet/sourcelink/blob/main/license.txt
  info: System.Net.Http.HttpClient.NoLoggingHandler.ClientHandler[101]
        Received HTTP response headers after 35.5992ms - 404
  info: System.Net.Http.HttpClient.NoLoggingHandler.LogicalHandler[101]
        End processing HTTP request after 35.634ms - 404
  info: System.Net.Http.HttpClient.NoLoggingHandler.LogicalHandler[100]
        Start processing HTTP request GET https://github.com/mmanela/diffplex/blob/main/LICENSE.TXT
  info: System.Net.Http.HttpClient.NoLoggingHandler.ClientHandler[100]
        Sending HTTP request GET https://github.com/mmanela/diffplex/blob/main/LICENSE.TXT
  info: System.Net.Http.HttpClient.NoLoggingHandler.ClientHandler[101]
        Received HTTP response headers after 35.9178ms - 404
  info: System.Net.Http.HttpClient.NoLoggingHandler.LogicalHandler[101]
        End processing HTTP request after 35.9475ms - 404
  info: System.Net.Http.HttpClient.NoLoggingHandler.LogicalHandler[100]
        Start processing HTTP request GET https://github.com/dotnet/sourcelink/blob/main/License
  info: System.Net.Http.HttpClient.NoLoggingHandler.ClientHandler[100]
        Sending HTTP request GET https://github.com/dotnet/sourcelink/blob/main/License
  info: System.Net.Http.HttpClient.NoLoggingHandler.ClientHandler[101]
        Received HTTP response headers after 35.5601ms - 404
  info: System.Net.Http.HttpClient.NoLoggingHandler.LogicalHandler[101]
        End processing HTTP request after 35.5872ms - 404
  info: System.Net.Http.HttpClient.NoLoggingHandler.LogicalHandler[100]
        Start processing HTTP request GET https://github.com/mmanela/diffplex/blob/master/LICENSE
  info: System.Net.Http.HttpClient.NoLoggingHandler.ClientHandler[100]
        Sending HTTP request GET https://github.com/mmanela/diffplex/blob/master/LICENSE
  info: System.Net.Http.HttpClient.NoLoggingHandler.ClientHandler[101]
        Received HTTP response headers after 35.6874ms - 404
  info: System.Net.Http.HttpClient.NoLoggingHandler.LogicalHandler[101]
        End processing HTTP request after 35.7175ms - 404
  info: System.Net.Http.HttpClient.NoLoggingHandler.LogicalHandler[100]
        Start processing HTTP request GET https://github.com/dotnet/sourcelink/blob/main/License.md
  info: System.Net.Http.HttpClient.NoLoggingHandler.ClientHandler[100]
        Sending HTTP request GET https://github.com/dotnet/sourcelink/blob/main/License.md
  info: System.Net.Http.HttpClient.NoLoggingHandler.ClientHandler[101]
        Received HTTP response headers after 580.2783ms - 200
  info: System.Net.Http.HttpClient.NoLoggingHandler.LogicalHandler[101]
        End processing HTTP request after 583.8865ms - 200
  info: System.Net.Http.HttpClient.NoLoggingHandler.ClientHandler[101]
        Received HTTP response headers after 476.3209ms - 200
  info: System.Net.Http.HttpClient.NoLoggingHandler.LogicalHandler[101]
        End processing HTTP request after 476.3721ms - 200
  info: System.Net.Http.HttpClient.NoLoggingHandler.ClientHandler[101]
        Received HTTP response headers after 35.5796ms - 404
  info: System.Net.Http.HttpClient.NoLoggingHandler.LogicalHandler[101]
        End processing HTTP request after 35.6105ms - 404
  info: System.Net.Http.HttpClient.NoLoggingHandler.LogicalHandler[100]
        Start processing HTTP request GET https://github.com/mmanela/diffplex/blob/master/LICENSE.md
  info: System.Net.Http.HttpClient.NoLoggingHandler.ClientHandler[100]
        Sending HTTP request GET https://github.com/mmanela/diffplex/blob/master/LICENSE.md
  info: System.Net.Http.HttpClient.NoLoggingHandler.ClientHandler[101]
        Received HTTP response headers after 35.6531ms - 404
  info: System.Net.Http.HttpClient.NoLoggingHandler.LogicalHandler[101]
        End processing HTTP request after 35.6833ms - 404
  info: System.Net.Http.HttpClient.NoLoggingHandler.LogicalHandler[100]
        Start processing HTTP request GET https://github.com/dotnet/sourcelink/blob/main/License.txt
  info: System.Net.Http.HttpClient.NoLoggingHandler.ClientHandler[100]
        Sending HTTP request GET https://github.com/dotnet/sourcelink/blob/main/License.txt
  info: System.Net.Http.HttpClient.NoLoggingHandler.ClientHandler[101]
        Received HTTP response headers after 35.7418ms - 404
  info: System.Net.Http.HttpClient.NoLoggingHandler.LogicalHandler[101]
        End processing HTTP request after 35.7959ms - 404
  info: System.Net.Http.HttpClient.NoLoggingHandler.LogicalHandler[100]
        Start processing HTTP request GET https://github.com/mmanela/diffplex/blob/master/LICENSE.txt
  info: System.Net.Http.HttpClient.NoLoggingHandler.ClientHandler[100]
        Sending HTTP request GET https://github.com/mmanela/diffplex/blob/master/LICENSE.txt
  info: System.Net.Http.HttpClient.NoLoggingHandler.ClientHandler[101]
        Received HTTP response headers after 35.8104ms - 200
  info: System.Net.Http.HttpClient.NoLoggingHandler.LogicalHandler[101]
        End processing HTTP request after 35.8324ms - 200
  info: System.Net.Http.HttpClient.Default.LogicalHandler[100]
        Start processing HTTP request GET https://raw.githubusercontent.com/dotnet/sourcelink/main/License.txt
  info: System.Net.Http.HttpClient.Default.ClientHandler[100]
        Sending HTTP request GET https://raw.githubusercontent.com/dotnet/sourcelink/main/License.txt
  info: System.Net.Http.HttpClient.Default.ClientHandler[101]
        Received HTTP response headers after 22.7087ms - 200
  info: System.Net.Http.HttpClient.Default.LogicalHandler[101]
        End processing HTTP request after 22.7455ms - 200
  info: System.Net.Http.HttpClient.Default.LogicalHandler[100]
        Start processing HTTP request GET https://raw.githubusercontent.com/dotnet/runtime/main/LICENSE.TXT
  info: System.Net.Http.HttpClient.Default.ClientHandler[100]
        Sending HTTP request GET https://raw.githubusercontent.com/dotnet/runtime/main/LICENSE.TXT
  info: System.Net.Http.HttpClient.NoLoggingHandler.ClientHandler[101]
        Received HTTP response headers after 35.4406ms - 404
  info: System.Net.Http.HttpClient.NoLoggingHandler.LogicalHandler[101]
        End processing HTTP request after 35.4925ms - 404
  info: System.Net.Http.HttpClient.NoLoggingHandler.LogicalHandler[100]
        Start processing HTTP request GET https://github.com/mmanela/diffplex/blob/master/license
  info: System.Net.Http.HttpClient.NoLoggingHandler.ClientHandler[100]
        Sending HTTP request GET https://github.com/mmanela/diffplex/blob/master/license
  info: System.Net.Http.HttpClient.Default.ClientHandler[101]
        Received HTTP response headers after 22.3938ms - 200
  info: System.Net.Http.HttpClient.Default.LogicalHandler[101]
        End processing HTTP request after 22.449ms - 200
  info: System.Net.Http.HttpClient.Default.LogicalHandler[100]
        Start processing HTTP request GET https://raw.githubusercontent.com/dotnet/runtime/main/LICENSE.TXT
  info: System.Net.Http.HttpClient.Default.ClientHandler[100]
        Sending HTTP request GET https://raw.githubusercontent.com/dotnet/runtime/main/LICENSE.TXT
  info: System.Net.Http.HttpClient.Default.LogicalHandler[100]
        Start processing HTTP request GET https://raw.githubusercontent.com/EFeru/DbcParser/main/LICENSE
  info: System.Net.Http.HttpClient.Default.ClientHandler[100]
        Sending HTTP request GET https://raw.githubusercontent.com/EFeru/DbcParser/main/LICENSE
  info: System.Net.Http.HttpClient.NoLoggingHandler.ClientHandler[101]
        Received HTTP response headers after 35.4596ms - 404
  info: System.Net.Http.HttpClient.NoLoggingHandler.LogicalHandler[101]
        End processing HTTP request after 35.4966ms - 404
  info: System.Net.Http.HttpClient.NoLoggingHandler.LogicalHandler[100]
        Start processing HTTP request GET https://github.com/mmanela/diffplex/blob/master/license.md
  info: System.Net.Http.HttpClient.NoLoggingHandler.ClientHandler[100]
        Sending HTTP request GET https://github.com/mmanela/diffplex/blob/master/license.md
  info: System.Net.Http.HttpClient.Default.ClientHandler[101]
        Received HTTP response headers after 22.2134ms - 200
  info: System.Net.Http.HttpClient.Default.LogicalHandler[101]
        End processing HTTP request after 22.2449ms - 200
  info: System.Net.Http.HttpClient.NoLoggingHandler.LogicalHandler[100]
        Start processing HTTP request GET https://github.com/dotnet/runtime/blob/main/LICENSE
  info: System.Net.Http.HttpClient.NoLoggingHandler.ClientHandler[100]
        Sending HTTP request GET https://github.com/dotnet/runtime/blob/main/LICENSE
  info: System.Net.Http.HttpClient.Default.LogicalHandler[100]
        Start processing HTTP request GET https://raw.githubusercontent.com/dotnet/iot/main/LICENSE
  info: System.Net.Http.HttpClient.Default.ClientHandler[100]
        Sending HTTP request GET https://raw.githubusercontent.com/dotnet/iot/main/LICENSE
  info: System.Net.Http.HttpClient.NoLoggingHandler.ClientHandler[101]
        Received HTTP response headers after 35.794ms - 404
  info: System.Net.Http.HttpClient.NoLoggingHandler.LogicalHandler[101]
        End processing HTTP request after 35.839ms - 404
  info: System.Net.Http.HttpClient.NoLoggingHandler.LogicalHandler[100]
        Start processing HTTP request GET https://github.com/mmanela/diffplex/blob/master/license.txt
  info: System.Net.Http.HttpClient.NoLoggingHandler.ClientHandler[100]
        Sending HTTP request GET https://github.com/mmanela/diffplex/blob/master/license.txt
  info: System.Net.Http.HttpClient.NoLoggingHandler.ClientHandler[101]
        Received HTTP response headers after 35.8768ms - 404
  info: System.Net.Http.HttpClient.NoLoggingHandler.LogicalHandler[101]
        End processing HTTP request after 35.9215ms - 404
  info: System.Net.Http.HttpClient.NoLoggingHandler.LogicalHandler[100]
        Start processing HTTP request GET https://github.com/mmanela/diffplex/blob/master/License
  info: System.Net.Http.HttpClient.NoLoggingHandler.ClientHandler[100]
        Sending HTTP request GET https://github.com/mmanela/diffplex/blob/master/License
  info: System.Net.Http.HttpClient.NoLoggingHandler.ClientHandler[101]
        Received HTTP response headers after 35.665ms - 404
  info: System.Net.Http.HttpClient.NoLoggingHandler.LogicalHandler[101]
        End processing HTTP request after 35.7214ms - 404
  info: System.Net.Http.HttpClient.NoLoggingHandler.LogicalHandler[100]
        Start processing HTTP request GET https://github.com/mmanela/diffplex/blob/master/License.md
  info: System.Net.Http.HttpClient.NoLoggingHandler.ClientHandler[100]
        Sending HTTP request GET https://github.com/mmanela/diffplex/blob/master/License.md
  info: System.Net.Http.HttpClient.NoLoggingHandler.ClientHandler[101]
        Received HTTP response headers after 35.8833ms - 404
  info: System.Net.Http.HttpClient.NoLoggingHandler.LogicalHandler[101]
        End processing HTTP request after 35.9481ms - 404
  info: System.Net.Http.HttpClient.NoLoggingHandler.LogicalHandler[100]
        Start processing HTTP request GET https://github.com/mmanela/diffplex/blob/master/License.txt
  info: System.Net.Http.HttpClient.NoLoggingHandler.ClientHandler[100]
        Sending HTTP request GET https://github.com/mmanela/diffplex/blob/master/License.txt
  info: System.Net.Http.HttpClient.NoLoggingHandler.ClientHandler[101]
        Received HTTP response headers after 35.827ms - 200
  info: System.Net.Http.HttpClient.NoLoggingHandler.LogicalHandler[101]
        End processing HTTP request after 35.8709ms - 200
  info: System.Net.Http.HttpClient.Default.LogicalHandler[100]
        Start processing HTTP request GET https://raw.githubusercontent.com/mmanela/diffplex/master/License.txt
  info: System.Net.Http.HttpClient.Default.ClientHandler[100]
        Sending HTTP request GET https://raw.githubusercontent.com/mmanela/diffplex/master/License.txt
  info: System.Net.Http.HttpClient.Default.ClientHandler[101]
        Received HTTP response headers after 245.7701ms - 200
  info: System.Net.Http.HttpClient.Default.LogicalHandler[101]
        End processing HTTP request after 245.8057ms - 200
  info: System.Net.Http.HttpClient.NoLoggingHandler.LogicalHandler[100]
        Start processing HTTP request GET https://github.com/dotnet/sourcelink/blob/main/LICENSE
  info: System.Net.Http.HttpClient.NoLoggingHandler.ClientHandler[100]
        Sending HTTP request GET https://github.com/dotnet/sourcelink/blob/main/LICENSE
  info: System.Net.Http.HttpClient.Default.ClientHandler[101]
        Received HTTP response headers after 235.1837ms - 200
  info: System.Net.Http.HttpClient.Default.LogicalHandler[101]
        End processing HTTP request after 235.2341ms - 200
  info: System.Net.Http.HttpClient.NoLoggingHandler.LogicalHandler[100]
        Start processing HTTP request GET https://github.com/dotnet/sourcelink/blob/main/LICENSE
  info: System.Net.Http.HttpClient.NoLoggingHandler.ClientHandler[100]
        Sending HTTP request GET https://github.com/dotnet/sourcelink/blob/main/LICENSE
  info: System.Net.Http.HttpClient.Default.ClientHandler[101]
        Received HTTP response headers after 66.2314ms - 200
  info: System.Net.Http.HttpClient.Default.LogicalHandler[101]
        End processing HTTP request after 66.2678ms - 200
  info: System.Net.Http.HttpClient.Default.LogicalHandler[100]
        Start processing HTTP request GET https://raw.githubusercontent.com/dotnet/runtime/main/LICENSE.TXT
  info: System.Net.Http.HttpClient.Default.ClientHandler[100]
        Sending HTTP request GET https://raw.githubusercontent.com/dotnet/runtime/main/LICENSE.TXT
  info: System.Net.Http.HttpClient.NoLoggingHandler.ClientHandler[101]
        Received HTTP response headers after 35.8353ms - 404
  info: System.Net.Http.HttpClient.NoLoggingHandler.LogicalHandler[101]
        End processing HTTP request after 35.8814ms - 404
  info: System.Net.Http.HttpClient.NoLoggingHandler.LogicalHandler[100]
        Start processing HTTP request GET https://github.com/dotnet/sourcelink/blob/main/LICENSE.md
  info: System.Net.Http.HttpClient.NoLoggingHandler.ClientHandler[100]
        Sending HTTP request GET https://github.com/dotnet/sourcelink/blob/main/LICENSE.md
  info: System.Net.Http.HttpClient.Default.ClientHandler[101]
        Received HTTP response headers after 21.9011ms - 200
  info: System.Net.Http.HttpClient.Default.LogicalHandler[101]
        End processing HTTP request after 21.9322ms - 200
  info: System.Net.Http.HttpClient.NoLoggingHandler.ClientHandler[101]
        Received HTTP response headers after 35.5042ms - 404
  info: System.Net.Http.HttpClient.NoLoggingHandler.LogicalHandler[101]
        End processing HTTP request after 35.5422ms - 404
  info: System.Net.Http.HttpClient.NoLoggingHandler.LogicalHandler[100]
        Start processing HTTP request GET https://github.com/dotnet/sourcelink/blob/main/LICENSE.md
  info: System.Net.Http.HttpClient.NoLoggingHandler.ClientHandler[100]
        Sending HTTP request GET https://github.com/dotnet/sourcelink/blob/main/LICENSE.md
  info: System.Net.Http.HttpClient.Default.LogicalHandler[100]
        Start processing HTTP request GET https://raw.githubusercontent.com/JamesNK/Newtonsoft.Json/master/LICENSE.md
  info: System.Net.Http.HttpClient.Default.ClientHandler[100]
        Sending HTTP request GET https://raw.githubusercontent.com/JamesNK/Newtonsoft.Json/master/LICENSE.md
  info: System.Net.Http.HttpClient.NoLoggingHandler.ClientHandler[101]
        Received HTTP response headers after 35.4556ms - 404
  info: System.Net.Http.HttpClient.NoLoggingHandler.LogicalHandler[101]
        End processing HTTP request after 35.5093ms - 404
  info: System.Net.Http.HttpClient.NoLoggingHandler.LogicalHandler[100]
        Start processing HTTP request GET https://github.com/dotnet/sourcelink/blob/main/LICENSE.txt
  info: System.Net.Http.HttpClient.NoLoggingHandler.ClientHandler[100]
        Sending HTTP request GET https://github.com/dotnet/sourcelink/blob/main/LICENSE.txt
  info: System.Net.Http.HttpClient.NoLoggingHandler.ClientHandler[101]
        Received HTTP response headers after 35.0931ms - 404
  info: System.Net.Http.HttpClient.NoLoggingHandler.LogicalHandler[101]
        End processing HTTP request after 35.1298ms - 404
  info: System.Net.Http.HttpClient.NoLoggingHandler.LogicalHandler[100]
        Start processing HTTP request GET https://github.com/dotnet/sourcelink/blob/main/LICENSE.txt
  info: System.Net.Http.HttpClient.NoLoggingHandler.ClientHandler[100]
        Sending HTTP request GET https://github.com/dotnet/sourcelink/blob/main/LICENSE.txt
  info: System.Net.Http.HttpClient.NoLoggingHandler.ClientHandler[101]
        Received HTTP response headers after 35.7286ms - 404
  info: System.Net.Http.HttpClient.NoLoggingHandler.LogicalHandler[101]
        End processing HTTP request after 35.7634ms - 404
  info: System.Net.Http.HttpClient.NoLoggingHandler.LogicalHandler[100]
        Start processing HTTP request GET https://github.com/dotnet/sourcelink/blob/main/license
  info: System.Net.Http.HttpClient.NoLoggingHandler.ClientHandler[100]
        Sending HTTP request GET https://github.com/dotnet/sourcelink/blob/main/license
  info: System.Net.Http.HttpClient.NoLoggingHandler.ClientHandler[101]
        Received HTTP response headers after 346.7745ms - 404
  info: System.Net.Http.HttpClient.NoLoggingHandler.LogicalHandler[101]
        End processing HTTP request after 346.8012ms - 404
  info: System.Net.Http.HttpClient.NoLoggingHandler.LogicalHandler[100]
        Start processing HTTP request GET https://github.com/dotnet/runtime/blob/main/LICENSE.md
  info: System.Net.Http.HttpClient.NoLoggingHandler.ClientHandler[100]
        Sending HTTP request GET https://github.com/dotnet/runtime/blob/main/LICENSE.md
  info: System.Net.Http.HttpClient.NoLoggingHandler.ClientHandler[101]
        Received HTTP response headers after 34.1056ms - 404
  info: System.Net.Http.HttpClient.NoLoggingHandler.LogicalHandler[101]
        End processing HTTP request after 34.1358ms - 404
  info: System.Net.Http.HttpClient.NoLoggingHandler.LogicalHandler[100]
        Start processing HTTP request GET https://github.com/dotnet/sourcelink/blob/main/license
  info: System.Net.Http.HttpClient.NoLoggingHandler.ClientHandler[100]
        Sending HTTP request GET https://github.com/dotnet/sourcelink/blob/main/license
  info: System.Net.Http.HttpClient.NoLoggingHandler.ClientHandler[101]
        Received HTTP response headers after 35.5797ms - 404
  info: System.Net.Http.HttpClient.NoLoggingHandler.LogicalHandler[101]
        End processing HTTP request after 35.6071ms - 404
  info: System.Net.Http.HttpClient.NoLoggingHandler.LogicalHandler[100]
        Start processing HTTP request GET https://github.com/dotnet/sourcelink/blob/main/license.md
  info: System.Net.Http.HttpClient.NoLoggingHandler.ClientHandler[100]
        Sending HTTP request GET https://github.com/dotnet/sourcelink/blob/main/license.md
  info: System.Net.Http.HttpClient.NoLoggingHandler.ClientHandler[101]
        Received HTTP response headers after 33.955ms - 404
  info: System.Net.Http.HttpClient.NoLoggingHandler.LogicalHandler[101]
        End processing HTTP request after 33.9819ms - 404
  info: System.Net.Http.HttpClient.NoLoggingHandler.LogicalHandler[100]
        Start processing HTTP request GET https://github.com/dotnet/sourcelink/blob/main/license.md
  info: System.Net.Http.HttpClient.NoLoggingHandler.ClientHandler[100]
        Sending HTTP request GET https://github.com/dotnet/sourcelink/blob/main/license.md
  info: System.Net.Http.HttpClient.NoLoggingHandler.ClientHandler[101]
        Received HTTP response headers after 35.5667ms - 404
  info: System.Net.Http.HttpClient.NoLoggingHandler.LogicalHandler[101]
        End processing HTTP request after 35.6061ms - 404
  info: System.Net.Http.HttpClient.NoLoggingHandler.LogicalHandler[100]
        Start processing HTTP request GET https://github.com/dotnet/sourcelink/blob/main/license.txt
  info: System.Net.Http.HttpClient.NoLoggingHandler.ClientHandler[100]
        Sending HTTP request GET https://github.com/dotnet/sourcelink/blob/main/license.txt
  info: System.Net.Http.HttpClient.NoLoggingHandler.ClientHandler[101]
        Received HTTP response headers after 34.1821ms - 404
  info: System.Net.Http.HttpClient.NoLoggingHandler.LogicalHandler[101]
        End processing HTTP request after 34.2188ms - 404
  info: System.Net.Http.HttpClient.NoLoggingHandler.LogicalHandler[100]
        Start processing HTTP request GET https://github.com/dotnet/sourcelink/blob/main/license.txt
  info: System.Net.Http.HttpClient.NoLoggingHandler.ClientHandler[100]
        Sending HTTP request GET https://github.com/dotnet/sourcelink/blob/main/license.txt
  info: System.Net.Http.HttpClient.NoLoggingHandler.ClientHandler[101]
        Received HTTP response headers after 35.793ms - 404
  info: System.Net.Http.HttpClient.NoLoggingHandler.LogicalHandler[101]
        End processing HTTP request after 35.8403ms - 404
  info: System.Net.Http.HttpClient.NoLoggingHandler.LogicalHandler[100]
        Start processing HTTP request GET https://github.com/dotnet/sourcelink/blob/main/License
  info: System.Net.Http.HttpClient.NoLoggingHandler.ClientHandler[100]
        Sending HTTP request GET https://github.com/dotnet/sourcelink/blob/main/License
  info: System.Net.Http.HttpClient.NoLoggingHandler.ClientHandler[101]
        Received HTTP response headers after 36.0497ms - 404
  info: System.Net.Http.HttpClient.NoLoggingHandler.LogicalHandler[101]
        End processing HTTP request after 36.0867ms - 404
  info: System.Net.Http.HttpClient.NoLoggingHandler.LogicalHandler[100]
        Start processing HTTP request GET https://github.com/dotnet/sourcelink/blob/main/License
  info: System.Net.Http.HttpClient.NoLoggingHandler.ClientHandler[100]
        Sending HTTP request GET https://github.com/dotnet/sourcelink/blob/main/License
  info: System.Net.Http.HttpClient.Default.ClientHandler[101]
        Received HTTP response headers after 183.4046ms - 200
  info: System.Net.Http.HttpClient.Default.LogicalHandler[101]
        End processing HTTP request after 183.4356ms - 200
  info: System.Net.Http.HttpClient.NoLoggingHandler.LogicalHandler[100]
        Start processing HTTP request GET https://github.com/dotnet/runtime/blob/main/LICENSE
  info: System.Net.Http.HttpClient.NoLoggingHandler.ClientHandler[100]
        Sending HTTP request GET https://github.com/dotnet/runtime/blob/main/LICENSE
  info: System.Net.Http.HttpClient.NoLoggingHandler.ClientHandler[101]
        Received HTTP response headers after 35.7663ms - 404
  info: System.Net.Http.HttpClient.NoLoggingHandler.LogicalHandler[101]
        End processing HTTP request after 35.8153ms - 404
  info: System.Net.Http.HttpClient.NoLoggingHandler.LogicalHandler[100]
        Start processing HTTP request GET https://github.com/dotnet/sourcelink/blob/main/License.md
  info: System.Net.Http.HttpClient.NoLoggingHandler.ClientHandler[100]
        Sending HTTP request GET https://github.com/dotnet/sourcelink/blob/main/License.md
  info: System.Net.Http.HttpClient.NoLoggingHandler.ClientHandler[101]
        Received HTTP response headers after 35.5888ms - 404
  info: System.Net.Http.HttpClient.NoLoggingHandler.LogicalHandler[101]
        End processing HTTP request after 35.6249ms - 404
  info: System.Net.Http.HttpClient.NoLoggingHandler.LogicalHandler[100]
        Start processing HTTP request GET https://github.com/dotnet/sourcelink/blob/main/License.md
  info: System.Net.Http.HttpClient.NoLoggingHandler.ClientHandler[100]
        Sending HTTP request GET https://github.com/dotnet/sourcelink/blob/main/License.md
  info: System.Net.Http.HttpClient.NoLoggingHandler.ClientHandler[101]
        Received HTTP response headers after 35.9184ms - 404
  info: System.Net.Http.HttpClient.NoLoggingHandler.LogicalHandler[101]
        End processing HTTP request after 35.9433ms - 404
  info: System.Net.Http.HttpClient.NoLoggingHandler.LogicalHandler[100]
        Start processing HTTP request GET https://github.com/dotnet/runtime/blob/main/LICENSE.md
  info: System.Net.Http.HttpClient.NoLoggingHandler.ClientHandler[100]
        Sending HTTP request GET https://github.com/dotnet/runtime/blob/main/LICENSE.md
  info: System.Net.Http.HttpClient.NoLoggingHandler.ClientHandler[101]
        Received HTTP response headers after 35.8242ms - 404
  info: System.Net.Http.HttpClient.NoLoggingHandler.LogicalHandler[101]
        End processing HTTP request after 35.8639ms - 404
  info: System.Net.Http.HttpClient.NoLoggingHandler.LogicalHandler[100]
        Start processing HTTP request GET https://github.com/dotnet/sourcelink/blob/main/License.txt
  info: System.Net.Http.HttpClient.NoLoggingHandler.ClientHandler[100]
        Sending HTTP request GET https://github.com/dotnet/sourcelink/blob/main/License.txt
  info: System.Net.Http.HttpClient.NoLoggingHandler.ClientHandler[101]
        Received HTTP response headers after 35.004ms - 404
  info: System.Net.Http.HttpClient.NoLoggingHandler.LogicalHandler[101]
        End processing HTTP request after 35.0381ms - 404
  info: System.Net.Http.HttpClient.NoLoggingHandler.LogicalHandler[100]
        Start processing HTTP request GET https://github.com/dotnet/sourcelink/blob/main/License.txt
  info: System.Net.Http.HttpClient.NoLoggingHandler.ClientHandler[100]
        Sending HTTP request GET https://github.com/dotnet/sourcelink/blob/main/License.txt
  info: System.Net.Http.HttpClient.NoLoggingHandler.ClientHandler[101]
        Received HTTP response headers after 35.8439ms - 200
  info: System.Net.Http.HttpClient.NoLoggingHandler.LogicalHandler[101]
        End processing HTTP request after 35.8753ms - 200
  info: System.Net.Http.HttpClient.Default.LogicalHandler[100]
        Start processing HTTP request GET https://raw.githubusercontent.com/dotnet/sourcelink/main/License.txt
  info: System.Net.Http.HttpClient.Default.ClientHandler[100]
        Sending HTTP request GET https://raw.githubusercontent.com/dotnet/sourcelink/main/License.txt
  info: System.Net.Http.HttpClient.NoLoggingHandler.ClientHandler[101]
        Received HTTP response headers after 35.6386ms - 200
  info: System.Net.Http.HttpClient.NoLoggingHandler.LogicalHandler[101]
        End processing HTTP request after 35.6697ms - 200
  info: System.Net.Http.HttpClient.Default.LogicalHandler[100]
        Start processing HTTP request GET https://raw.githubusercontent.com/dotnet/sourcelink/main/License.txt
  info: System.Net.Http.HttpClient.Default.ClientHandler[100]
        Sending HTTP request GET https://raw.githubusercontent.com/dotnet/sourcelink/main/License.txt
  info: System.Net.Http.HttpClient.Default.ClientHandler[101]
        Received HTTP response headers after 21.7959ms - 200
  info: System.Net.Http.HttpClient.Default.LogicalHandler[101]
        End processing HTTP request after 21.8354ms - 200
  info: System.Net.Http.HttpClient.NoLoggingHandler.LogicalHandler[100]
        Start processing HTTP request GET https://github.com/dotnet/iot/blob/main/LICENSE
  info: System.Net.Http.HttpClient.NoLoggingHandler.ClientHandler[100]
        Sending HTTP request GET https://github.com/dotnet/iot/blob/main/LICENSE
  info: System.Net.Http.HttpClient.Default.ClientHandler[101]
        Received HTTP response headers after 22.6648ms - 200
  info: System.Net.Http.HttpClient.Default.LogicalHandler[101]
        End processing HTTP request after 22.6992ms - 200
  info: System.Net.Http.HttpClient.Default.LogicalHandler[100]
        Start processing HTTP request GET https://raw.githubusercontent.com/dotnet/runtime/main/LICENSE.TXT
  info: System.Net.Http.HttpClient.Default.ClientHandler[100]
        Sending HTTP request GET https://raw.githubusercontent.com/dotnet/runtime/main/LICENSE.TXT
  info: System.Net.Http.HttpClient.Default.ClientHandler[101]
        Received HTTP response headers after 22.4201ms - 200
  info: System.Net.Http.HttpClient.Default.LogicalHandler[101]
        End processing HTTP request after 22.4691ms - 200
  info: System.Net.Http.HttpClient.NoLoggingHandler.LogicalHandler[100]
        Start processing HTTP request GET https://github.com/dotnet/runtime/blob/main/LICENSE
  info: System.Net.Http.HttpClient.NoLoggingHandler.ClientHandler[100]
        Sending HTTP request GET https://github.com/dotnet/runtime/blob/main/LICENSE
  info: System.Net.Http.HttpClient.NoLoggingHandler.ClientHandler[101]
        Received HTTP response headers after 35.3227ms - 200
  info: System.Net.Http.HttpClient.NoLoggingHandler.LogicalHandler[101]
        End processing HTTP request after 35.3569ms - 200
  info: System.Net.Http.HttpClient.Default.LogicalHandler[100]
        Start processing HTTP request GET https://raw.githubusercontent.com/dotnet/iot/main/LICENSE
  info: System.Net.Http.HttpClient.Default.ClientHandler[100]
        Sending HTTP request GET https://raw.githubusercontent.com/dotnet/iot/main/LICENSE
  info: System.Net.Http.HttpClient.Default.ClientHandler[101]
        Received HTTP response headers after 23.6988ms - 200
  info: System.Net.Http.HttpClient.Default.LogicalHandler[101]
        End processing HTTP request after 23.7314ms - 200
  info: System.Net.Http.HttpClient.NoLoggingHandler.LogicalHandler[100]
        Start processing HTTP request GET https://github.com/dotnet/runtime/blob/main/LICENSE
  info: System.Net.Http.HttpClient.NoLoggingHandler.ClientHandler[100]
        Sending HTTP request GET https://github.com/dotnet/runtime/blob/main/LICENSE
  info: System.Net.Http.HttpClient.NoLoggingHandler.ClientHandler[101]
        Received HTTP response headers after 35.6243ms - 404
  info: System.Net.Http.HttpClient.NoLoggingHandler.LogicalHandler[101]
        End processing HTTP request after 35.6662ms - 404
  info: System.Net.Http.HttpClient.NoLoggingHandler.LogicalHandler[100]
        Start processing HTTP request GET https://github.com/dotnet/runtime/blob/main/LICENSE.md
  info: System.Net.Http.HttpClient.NoLoggingHandler.ClientHandler[100]
        Sending HTTP request GET https://github.com/dotnet/runtime/blob/main/LICENSE.md
  info: System.Net.Http.HttpClient.NoLoggingHandler.ClientHandler[101]
        Received HTTP response headers after 35.3909ms - 404
  info: System.Net.Http.HttpClient.NoLoggingHandler.LogicalHandler[101]
        End processing HTTP request after 35.4297ms - 404
  info: System.Net.Http.HttpClient.NoLoggingHandler.LogicalHandler[100]
        Start processing HTTP request GET https://github.com/dotnet/runtime/blob/main/LICENSE.md
  info: System.Net.Http.HttpClient.NoLoggingHandler.ClientHandler[100]
        Sending HTTP request GET https://github.com/dotnet/runtime/blob/main/LICENSE.md
  info: System.Net.Http.HttpClient.NoLoggingHandler.ClientHandler[101]
        Received HTTP response headers after 373.6ms - 404
  info: System.Net.Http.HttpClient.NoLoggingHandler.LogicalHandler[101]
        End processing HTTP request after 373.6373ms - 404
  info: System.Net.Http.HttpClient.NoLoggingHandler.LogicalHandler[100]
        Start processing HTTP request GET https://github.com/dotnet/runtime/blob/main/LICENSE.txt
  info: System.Net.Http.HttpClient.NoLoggingHandler.ClientHandler[100]
        Sending HTTP request GET https://github.com/dotnet/runtime/blob/main/LICENSE.txt
  info: System.Net.Http.HttpClient.NoLoggingHandler.ClientHandler[101]
        Received HTTP response headers after 73.6248ms - 404
  info: System.Net.Http.HttpClient.NoLoggingHandler.LogicalHandler[101]
        End processing HTTP request after 73.649ms - 404
  info: System.Net.Http.HttpClient.NoLoggingHandler.ClientHandler[101]
        Received HTTP response headers after 228.2636ms - 404
  info: System.Net.Http.HttpClient.NoLoggingHandler.LogicalHandler[101]
        End processing HTTP request after 228.2841ms - 404
  info: System.Net.Http.HttpClient.NoLoggingHandler.ClientHandler[101]
        Received HTTP response headers after 48.0718ms - 404
  info: System.Net.Http.HttpClient.NoLoggingHandler.LogicalHandler[101]
        End processing HTTP request after 48.1073ms - 404
  info: System.Net.Http.HttpClient.NoLoggingHandler.LogicalHandler[100]
        Start processing HTTP request GET https://github.com/dotnet/runtime/blob/main/LICENSE.txt
  info: System.Net.Http.HttpClient.NoLoggingHandler.ClientHandler[100]
        Sending HTTP request GET https://github.com/dotnet/runtime/blob/main/LICENSE.txt
  info: System.Net.Http.HttpClient.NoLoggingHandler.LogicalHandler[100]
        Start processing HTTP request GET https://github.com/dotnet/runtime/blob/main/LICENSE.txt
  info: System.Net.Http.HttpClient.NoLoggingHandler.ClientHandler[100]
        Sending HTTP request GET https://github.com/dotnet/runtime/blob/main/LICENSE.txt
  info: System.Net.Http.HttpClient.NoLoggingHandler.LogicalHandler[100]
        Start processing HTTP request GET https://github.com/dotnet/runtime/blob/main/LICENSE.txt
  info: System.Net.Http.HttpClient.NoLoggingHandler.ClientHandler[100]
        Sending HTTP request GET https://github.com/dotnet/runtime/blob/main/LICENSE.txt
  info: System.Net.Http.HttpClient.NoLoggingHandler.ClientHandler[101]
        Received HTTP response headers after 383.9543ms - 404
  info: System.Net.Http.HttpClient.NoLoggingHandler.LogicalHandler[101]
        End processing HTTP request after 384.0592ms - 404
  info: System.Net.Http.HttpClient.NoLoggingHandler.LogicalHandler[100]
        Start processing HTTP request GET https://github.com/dotnet/runtime/blob/main/license
  info: System.Net.Http.HttpClient.NoLoggingHandler.ClientHandler[100]
        Sending HTTP request GET https://github.com/dotnet/runtime/blob/main/license
  info: System.Net.Http.HttpClient.NoLoggingHandler.ClientHandler[101]
        Received HTTP response headers after 381.9762ms - 404
  info: System.Net.Http.HttpClient.NoLoggingHandler.LogicalHandler[101]
        End processing HTTP request after 382.0093ms - 404
  info: System.Net.Http.HttpClient.NoLoggingHandler.ClientHandler[101]
        Received HTTP response headers after 381.6685ms - 404
  info: System.Net.Http.HttpClient.NoLoggingHandler.LogicalHandler[101]
        End processing HTTP request after 381.6971ms - 404
  info: System.Net.Http.HttpClient.NoLoggingHandler.ClientHandler[101]
        Received HTTP response headers after 381.9965ms - 404
  info: System.Net.Http.HttpClient.NoLoggingHandler.LogicalHandler[101]
        End processing HTTP request after 382.0225ms - 404
  info: System.Net.Http.HttpClient.NoLoggingHandler.LogicalHandler[100]
        Start processing HTTP request GET https://github.com/dotnet/runtime/blob/main/license
  info: System.Net.Http.HttpClient.NoLoggingHandler.ClientHandler[100]
        Sending HTTP request GET https://github.com/dotnet/runtime/blob/main/license
  info: System.Net.Http.HttpClient.NoLoggingHandler.LogicalHandler[100]
        Start processing HTTP request GET https://github.com/dotnet/runtime/blob/main/license
  info: System.Net.Http.HttpClient.NoLoggingHandler.ClientHandler[100]
        Sending HTTP request GET https://github.com/dotnet/runtime/blob/main/license
  info: System.Net.Http.HttpClient.NoLoggingHandler.LogicalHandler[100]
        Start processing HTTP request GET https://github.com/dotnet/runtime/blob/main/license
  info: System.Net.Http.HttpClient.NoLoggingHandler.ClientHandler[100]
        Sending HTTP request GET https://github.com/dotnet/runtime/blob/main/license
  info: System.Net.Http.HttpClient.NoLoggingHandler.ClientHandler[101]
        Received HTTP response headers after 376.1725ms - 404
  info: System.Net.Http.HttpClient.NoLoggingHandler.LogicalHandler[101]
        End processing HTTP request after 376.2615ms - 404
  info: System.Net.Http.HttpClient.NoLoggingHandler.LogicalHandler[100]
        Start processing HTTP request GET https://github.com/dotnet/runtime/blob/main/license.md
  info: System.Net.Http.HttpClient.NoLoggingHandler.ClientHandler[100]
        Sending HTTP request GET https://github.com/dotnet/runtime/blob/main/license.md
  info: System.Net.Http.HttpClient.NoLoggingHandler.ClientHandler[101]
        Received HTTP response headers after 374.4568ms - 404
  info: System.Net.Http.HttpClient.NoLoggingHandler.LogicalHandler[101]
        End processing HTTP request after 374.4993ms - 404
  info: System.Net.Http.HttpClient.NoLoggingHandler.ClientHandler[101]
        Received HTTP response headers after 373.21ms - 404
  info: System.Net.Http.HttpClient.NoLoggingHandler.LogicalHandler[101]
        End processing HTTP request after 373.2473ms - 404
  info: System.Net.Http.HttpClient.NoLoggingHandler.ClientHandler[101]
        Received HTTP response headers after 376.3194ms - 404
  info: System.Net.Http.HttpClient.NoLoggingHandler.LogicalHandler[101]
        End processing HTTP request after 376.37ms - 404
  info: System.Net.Http.HttpClient.NoLoggingHandler.LogicalHandler[100]
        Start processing HTTP request GET https://github.com/dotnet/runtime/blob/main/license.md
  info: System.Net.Http.HttpClient.NoLoggingHandler.ClientHandler[100]
        Sending HTTP request GET https://github.com/dotnet/runtime/blob/main/license.md
  info: System.Net.Http.HttpClient.NoLoggingHandler.LogicalHandler[100]
        Start processing HTTP request GET https://github.com/dotnet/runtime/blob/main/license.md
  info: System.Net.Http.HttpClient.NoLoggingHandler.ClientHandler[100]
        Sending HTTP request GET https://github.com/dotnet/runtime/blob/main/license.md
  info: System.Net.Http.HttpClient.NoLoggingHandler.LogicalHandler[100]
        Start processing HTTP request GET https://github.com/dotnet/runtime/blob/main/license.md
  info: System.Net.Http.HttpClient.NoLoggingHandler.ClientHandler[100]
        Sending HTTP request GET https://github.com/dotnet/runtime/blob/main/license.md
  info: System.Net.Http.HttpClient.NoLoggingHandler.ClientHandler[101]
        Received HTTP response headers after 351.0229ms - 404
  info: System.Net.Http.HttpClient.NoLoggingHandler.LogicalHandler[101]
        End processing HTTP request after 351.0816ms - 404
  info: System.Net.Http.HttpClient.NoLoggingHandler.LogicalHandler[100]
        Start processing HTTP request GET https://github.com/dotnet/runtime/blob/main/license.txt
  info: System.Net.Http.HttpClient.NoLoggingHandler.ClientHandler[100]
        Sending HTTP request GET https://github.com/dotnet/runtime/blob/main/license.txt
  info: System.Net.Http.HttpClient.NoLoggingHandler.ClientHandler[101]
        Received HTTP response headers after 348.1007ms - 404
  info: System.Net.Http.HttpClient.NoLoggingHandler.LogicalHandler[101]
        End processing HTTP request after 348.1303ms - 404
  info: System.Net.Http.HttpClient.NoLoggingHandler.ClientHandler[101]
        Received HTTP response headers after 348.603ms - 404
  info: System.Net.Http.HttpClient.NoLoggingHandler.LogicalHandler[101]
        End processing HTTP request after 348.6477ms - 404
  info: System.Net.Http.HttpClient.NoLoggingHandler.ClientHandler[101]
        Received HTTP response headers after 349.2197ms - 404
  info: System.Net.Http.HttpClient.NoLoggingHandler.LogicalHandler[101]
        End processing HTTP request after 349.2408ms - 404
  info: System.Net.Http.HttpClient.NoLoggingHandler.LogicalHandler[100]
        Start processing HTTP request GET https://github.com/dotnet/runtime/blob/main/license.txt
  info: System.Net.Http.HttpClient.NoLoggingHandler.ClientHandler[100]
        Sending HTTP request GET https://github.com/dotnet/runtime/blob/main/license.txt
  info: System.Net.Http.HttpClient.NoLoggingHandler.LogicalHandler[100]
        Start processing HTTP request GET https://github.com/dotnet/runtime/blob/main/license.txt
  info: System.Net.Http.HttpClient.NoLoggingHandler.ClientHandler[100]
        Sending HTTP request GET https://github.com/dotnet/runtime/blob/main/license.txt
  info: System.Net.Http.HttpClient.NoLoggingHandler.LogicalHandler[100]
        Start processing HTTP request GET https://github.com/dotnet/runtime/blob/main/license.txt
  info: System.Net.Http.HttpClient.NoLoggingHandler.ClientHandler[100]
        Sending HTTP request GET https://github.com/dotnet/runtime/blob/main/license.txt
  info: System.Net.Http.HttpClient.NoLoggingHandler.ClientHandler[101]
        Received HTTP response headers after 388.1391ms - 404
  info: System.Net.Http.HttpClient.NoLoggingHandler.LogicalHandler[101]
        End processing HTTP request after 388.1907ms - 404
  info: System.Net.Http.HttpClient.NoLoggingHandler.LogicalHandler[100]
        Start processing HTTP request GET https://github.com/dotnet/runtime/blob/main/License
  info: System.Net.Http.HttpClient.NoLoggingHandler.ClientHandler[100]
        Sending HTTP request GET https://github.com/dotnet/runtime/blob/main/License
  info: System.Net.Http.HttpClient.NoLoggingHandler.ClientHandler[101]
        Received HTTP response headers after 387.1889ms - 404
  info: System.Net.Http.HttpClient.NoLoggingHandler.LogicalHandler[101]
        End processing HTTP request after 387.2369ms - 404
  info: System.Net.Http.HttpClient.NoLoggingHandler.ClientHandler[101]
        Received HTTP response headers after 386.4054ms - 404
  info: System.Net.Http.HttpClient.NoLoggingHandler.LogicalHandler[101]
        End processing HTTP request after 386.4376ms - 404
  info: System.Net.Http.HttpClient.NoLoggingHandler.ClientHandler[101]
        Received HTTP response headers after 386.601ms - 404
  info: System.Net.Http.HttpClient.NoLoggingHandler.LogicalHandler[101]
        End processing HTTP request after 386.6314ms - 404
  info: System.Net.Http.HttpClient.NoLoggingHandler.LogicalHandler[100]
        Start processing HTTP request GET https://github.com/dotnet/runtime/blob/main/License
  info: System.Net.Http.HttpClient.NoLoggingHandler.ClientHandler[100]
        Sending HTTP request GET https://github.com/dotnet/runtime/blob/main/License
  info: System.Net.Http.HttpClient.NoLoggingHandler.LogicalHandler[100]
        Start processing HTTP request GET https://github.com/dotnet/runtime/blob/main/License
  info: System.Net.Http.HttpClient.NoLoggingHandler.ClientHandler[100]
        Sending HTTP request GET https://github.com/dotnet/runtime/blob/main/License
  info: System.Net.Http.HttpClient.NoLoggingHandler.LogicalHandler[100]
        Start processing HTTP request GET https://github.com/dotnet/runtime/blob/main/License
  info: System.Net.Http.HttpClient.NoLoggingHandler.ClientHandler[100]
        Sending HTTP request GET https://github.com/dotnet/runtime/blob/main/License
  info: System.Net.Http.HttpClient.NoLoggingHandler.ClientHandler[101]
        Received HTTP response headers after 364.5167ms - 404
  info: System.Net.Http.HttpClient.NoLoggingHandler.LogicalHandler[101]
        End processing HTTP request after 364.5581ms - 404
  info: System.Net.Http.HttpClient.NoLoggingHandler.LogicalHandler[100]
        Start processing HTTP request GET https://github.com/dotnet/runtime/blob/main/License.md
  info: System.Net.Http.HttpClient.NoLoggingHandler.ClientHandler[100]
        Sending HTTP request GET https://github.com/dotnet/runtime/blob/main/License.md
  info: System.Net.Http.HttpClient.NoLoggingHandler.ClientHandler[101]
        Received HTTP response headers after 363.2511ms - 404
  info: System.Net.Http.HttpClient.NoLoggingHandler.LogicalHandler[101]
        End processing HTTP request after 363.2738ms - 404
  info: System.Net.Http.HttpClient.NoLoggingHandler.ClientHandler[101]
        Received HTTP response headers after 361.5105ms - 404
  info: System.Net.Http.HttpClient.NoLoggingHandler.LogicalHandler[101]
        End processing HTTP request after 361.5628ms - 404
  info: System.Net.Http.HttpClient.NoLoggingHandler.ClientHandler[101]
        Received HTTP response headers after 362.3458ms - 404
  info: System.Net.Http.HttpClient.NoLoggingHandler.LogicalHandler[101]
        End processing HTTP request after 362.367ms - 404
  info: System.Net.Http.HttpClient.NoLoggingHandler.LogicalHandler[100]
        Start processing HTTP request GET https://github.com/dotnet/runtime/blob/main/License.md
  info: System.Net.Http.HttpClient.NoLoggingHandler.ClientHandler[100]
        Sending HTTP request GET https://github.com/dotnet/runtime/blob/main/License.md
  info: System.Net.Http.HttpClient.NoLoggingHandler.LogicalHandler[100]
        Start processing HTTP request GET https://github.com/dotnet/runtime/blob/main/License.md
  info: System.Net.Http.HttpClient.NoLoggingHandler.ClientHandler[100]
        Sending HTTP request GET https://github.com/dotnet/runtime/blob/main/License.md
  info: System.Net.Http.HttpClient.NoLoggingHandler.LogicalHandler[100]
        Start processing HTTP request GET https://github.com/dotnet/runtime/blob/main/License.md
  info: System.Net.Http.HttpClient.NoLoggingHandler.ClientHandler[100]
        Sending HTTP request GET https://github.com/dotnet/runtime/blob/main/License.md
  info: System.Net.Http.HttpClient.NoLoggingHandler.ClientHandler[101]
        Received HTTP response headers after 363.5279ms - 404
  info: System.Net.Http.HttpClient.NoLoggingHandler.LogicalHandler[101]
        End processing HTTP request after 363.5665ms - 404
  info: System.Net.Http.HttpClient.NoLoggingHandler.LogicalHandler[100]
        Start processing HTTP request GET https://github.com/dotnet/runtime/blob/main/License.txt
  info: System.Net.Http.HttpClient.NoLoggingHandler.ClientHandler[100]
        Sending HTTP request GET https://github.com/dotnet/runtime/blob/main/License.txt
  info: System.Net.Http.HttpClient.NoLoggingHandler.ClientHandler[101]
        Received HTTP response headers after 361.8217ms - 404
  info: System.Net.Http.HttpClient.NoLoggingHandler.LogicalHandler[101]
        End processing HTTP request after 361.8368ms - 404
  info: System.Net.Http.HttpClient.NoLoggingHandler.ClientHandler[101]
        Received HTTP response headers after 361.5465ms - 404
  info: System.Net.Http.HttpClient.NoLoggingHandler.LogicalHandler[101]
        End processing HTTP request after 361.556ms - 404
  info: System.Net.Http.HttpClient.NoLoggingHandler.ClientHandler[101]
        Received HTTP response headers after 361.9798ms - 404
  info: System.Net.Http.HttpClient.NoLoggingHandler.LogicalHandler[101]
        End processing HTTP request after 361.9931ms - 404
  info: System.Net.Http.HttpClient.NoLoggingHandler.LogicalHandler[100]
        Start processing HTTP request GET https://github.com/dotnet/runtime/blob/main/License.txt
  info: System.Net.Http.HttpClient.NoLoggingHandler.ClientHandler[100]
        Sending HTTP request GET https://github.com/dotnet/runtime/blob/main/License.txt
  info: System.Net.Http.HttpClient.NoLoggingHandler.LogicalHandler[100]
        Start processing HTTP request GET https://github.com/dotnet/runtime/blob/main/License.txt
  info: System.Net.Http.HttpClient.NoLoggingHandler.ClientHandler[100]
        Sending HTTP request GET https://github.com/dotnet/runtime/blob/main/License.txt
  info: System.Net.Http.HttpClient.NoLoggingHandler.LogicalHandler[100]
        Start processing HTTP request GET https://github.com/dotnet/runtime/blob/main/License.txt
  info: System.Net.Http.HttpClient.NoLoggingHandler.ClientHandler[100]
        Sending HTTP request GET https://github.com/dotnet/runtime/blob/main/License.txt
  info: System.Net.Http.HttpClient.NoLoggingHandler.ClientHandler[101]
        Received HTTP response headers after 376.626ms - 404
  info: System.Net.Http.HttpClient.NoLoggingHandler.LogicalHandler[101]
        End processing HTTP request after 376.6651ms - 404
  info: System.Net.Http.HttpClient.NoLoggingHandler.LogicalHandler[100]
        Start processing HTTP request GET https://github.com/dotnet/runtime/blob/main/LICENSE.TXT
  info: System.Net.Http.HttpClient.NoLoggingHandler.ClientHandler[100]
        Sending HTTP request GET https://github.com/dotnet/runtime/blob/main/LICENSE.TXT
  info: System.Net.Http.HttpClient.NoLoggingHandler.ClientHandler[101]
        Received HTTP response headers after 375.5619ms - 404
  info: System.Net.Http.HttpClient.NoLoggingHandler.LogicalHandler[101]
        End processing HTTP request after 375.5816ms - 404
  info: System.Net.Http.HttpClient.NoLoggingHandler.ClientHandler[101]
        Received HTTP response headers after 375.1474ms - 404
  info: System.Net.Http.HttpClient.NoLoggingHandler.LogicalHandler[101]
        End processing HTTP request after 375.1622ms - 404
  info: System.Net.Http.HttpClient.NoLoggingHandler.LogicalHandler[100]
        Start processing HTTP request GET https://github.com/dotnet/runtime/blob/main/LICENSE.TXT
  info: System.Net.Http.HttpClient.NoLoggingHandler.ClientHandler[100]
        Sending HTTP request GET https://github.com/dotnet/runtime/blob/main/LICENSE.TXT
  info: System.Net.Http.HttpClient.NoLoggingHandler.ClientHandler[101]
        Received HTTP response headers after 376.6506ms - 404
  info: System.Net.Http.HttpClient.NoLoggingHandler.LogicalHandler[101]
        End processing HTTP request after 376.6689ms - 404
  info: System.Net.Http.HttpClient.NoLoggingHandler.LogicalHandler[100]
        Start processing HTTP request GET https://github.com/dotnet/runtime/blob/main/LICENSE.TXT
  info: System.Net.Http.HttpClient.NoLoggingHandler.ClientHandler[100]
        Sending HTTP request GET https://github.com/dotnet/runtime/blob/main/LICENSE.TXT
  info: System.Net.Http.HttpClient.NoLoggingHandler.LogicalHandler[100]
        Start processing HTTP request GET https://github.com/dotnet/runtime/blob/main/LICENSE.TXT
  info: System.Net.Http.HttpClient.NoLoggingHandler.ClientHandler[100]
        Sending HTTP request GET https://github.com/dotnet/runtime/blob/main/LICENSE.TXT
  info: System.Net.Http.HttpClient.NoLoggingHandler.ClientHandler[101]
        Received HTTP response headers after 376.4098ms - 200
  info: System.Net.Http.HttpClient.NoLoggingHandler.LogicalHandler[101]
        End processing HTTP request after 376.4506ms - 200
  info: System.Net.Http.HttpClient.Default.LogicalHandler[100]
        Start processing HTTP request GET https://raw.githubusercontent.com/dotnet/runtime/main/LICENSE.TXT
  info: System.Net.Http.HttpClient.Default.ClientHandler[100]
        Sending HTTP request GET https://raw.githubusercontent.com/dotnet/runtime/main/LICENSE.TXT
  info: System.Net.Http.HttpClient.NoLoggingHandler.ClientHandler[101]
        Received HTTP response headers after 375.6044ms - 200
  info: System.Net.Http.HttpClient.NoLoggingHandler.LogicalHandler[101]
        End processing HTTP request after 375.6329ms - 200
  info: System.Net.Http.HttpClient.NoLoggingHandler.ClientHandler[101]
        Received HTTP response headers after 374.5987ms - 200
  info: System.Net.Http.HttpClient.NoLoggingHandler.LogicalHandler[101]
        End processing HTTP request after 374.6258ms - 200
  info: System.Net.Http.HttpClient.NoLoggingHandler.ClientHandler[101]
        Received HTTP response headers after 375.0648ms - 200
  info: System.Net.Http.HttpClient.NoLoggingHandler.LogicalHandler[101]
        End processing HTTP request after 375.084ms - 200
  info: System.Net.Http.HttpClient.Default.LogicalHandler[100]
        Start processing HTTP request GET https://raw.githubusercontent.com/dotnet/runtime/main/LICENSE.TXT
  info: System.Net.Http.HttpClient.Default.ClientHandler[100]
        Sending HTTP request GET https://raw.githubusercontent.com/dotnet/runtime/main/LICENSE.TXT
  info: System.Net.Http.HttpClient.Default.LogicalHandler[100]
        Start processing HTTP request GET https://raw.githubusercontent.com/dotnet/runtime/main/LICENSE.TXT
  info: System.Net.Http.HttpClient.Default.ClientHandler[100]
        Sending HTTP request GET https://raw.githubusercontent.com/dotnet/runtime/main/LICENSE.TXT
  info: System.Net.Http.HttpClient.Default.LogicalHandler[100]
        Start processing HTTP request GET https://raw.githubusercontent.com/dotnet/runtime/main/LICENSE.TXT
  info: System.Net.Http.HttpClient.Default.ClientHandler[100]
        Sending HTTP request GET https://raw.githubusercontent.com/dotnet/runtime/main/LICENSE.TXT
  info: System.Net.Http.HttpClient.Default.ClientHandler[101]
        Received HTTP response headers after 22.4899ms - 200
  info: System.Net.Http.HttpClient.Default.LogicalHandler[101]
        End processing HTTP request after 22.5407ms - 200
  info: System.Net.Http.HttpClient.NoLoggingHandler.LogicalHandler[100]
        Start processing HTTP request GET https://github.com/angularsen/UnitsNet/blob/main/LICENSE
  info: System.Net.Http.HttpClient.NoLoggingHandler.ClientHandler[100]
        Sending HTTP request GET https://github.com/angularsen/UnitsNet/blob/main/LICENSE
  info: System.Net.Http.HttpClient.Default.ClientHandler[101]
        Received HTTP response headers after 22.5736ms - 200
  info: System.Net.Http.HttpClient.Default.LogicalHandler[101]
        End processing HTTP request after 22.6161ms - 200
  info: System.Net.Http.HttpClient.Default.ClientHandler[101]
        Received HTTP response headers after 36.0354ms - 200
  info: System.Net.Http.HttpClient.Default.LogicalHandler[101]
        End processing HTTP request after 36.0696ms - 200
  info: System.Net.Http.HttpClient.Default.ClientHandler[101]
        Received HTTP response headers after 207.8663ms - 200
  info: System.Net.Http.HttpClient.Default.LogicalHandler[101]
        End processing HTTP request after 207.8975ms - 200
  info: System.Net.Http.HttpClient.NoLoggingHandler.ClientHandler[101]
        Received HTTP response headers after 348.0221ms - 404
  info: System.Net.Http.HttpClient.NoLoggingHandler.LogicalHandler[101]
        End processing HTTP request after 348.0598ms - 404
  info: System.Net.Http.HttpClient.NoLoggingHandler.LogicalHandler[100]
        Start processing HTTP request GET https://github.com/angularsen/UnitsNet/blob/main/LICENSE.md
  info: System.Net.Http.HttpClient.NoLoggingHandler.ClientHandler[100]
        Sending HTTP request GET https://github.com/angularsen/UnitsNet/blob/main/LICENSE.md
  info: System.Net.Http.HttpClient.NoLoggingHandler.ClientHandler[101]
        Received HTTP response headers after 372.4084ms - 404
  info: System.Net.Http.HttpClient.NoLoggingHandler.LogicalHandler[101]
        End processing HTTP request after 372.4398ms - 404
  info: System.Net.Http.HttpClient.NoLoggingHandler.LogicalHandler[100]
        Start processing HTTP request GET https://github.com/angularsen/UnitsNet/blob/main/LICENSE.txt
  info: System.Net.Http.HttpClient.NoLoggingHandler.ClientHandler[100]
        Sending HTTP request GET https://github.com/angularsen/UnitsNet/blob/main/LICENSE.txt
  info: System.Net.Http.HttpClient.NoLoggingHandler.ClientHandler[101]
        Received HTTP response headers after 336.1731ms - 404
  info: System.Net.Http.HttpClient.NoLoggingHandler.LogicalHandler[101]
        End processing HTTP request after 336.203ms - 404
  info: System.Net.Http.HttpClient.NoLoggingHandler.LogicalHandler[100]
        Start processing HTTP request GET https://github.com/angularsen/UnitsNet/blob/main/license
  info: System.Net.Http.HttpClient.NoLoggingHandler.ClientHandler[100]
        Sending HTTP request GET https://github.com/angularsen/UnitsNet/blob/main/license
  info: System.Net.Http.HttpClient.NoLoggingHandler.ClientHandler[101]
        Received HTTP response headers after 349.7453ms - 404
  info: System.Net.Http.HttpClient.NoLoggingHandler.LogicalHandler[101]
        End processing HTTP request after 349.7757ms - 404
  info: System.Net.Http.HttpClient.NoLoggingHandler.LogicalHandler[100]
        Start processing HTTP request GET https://github.com/angularsen/UnitsNet/blob/main/license.md
  info: System.Net.Http.HttpClient.NoLoggingHandler.ClientHandler[100]
        Sending HTTP request GET https://github.com/angularsen/UnitsNet/blob/main/license.md
  info: System.Net.Http.HttpClient.NoLoggingHandler.ClientHandler[101]
        Received HTTP response headers after 394.604ms - 404
  info: System.Net.Http.HttpClient.NoLoggingHandler.LogicalHandler[101]
        End processing HTTP request after 394.6393ms - 404
  info: System.Net.Http.HttpClient.NoLoggingHandler.LogicalHandler[100]
        Start processing HTTP request GET https://github.com/angularsen/UnitsNet/blob/main/license.txt
  info: System.Net.Http.HttpClient.NoLoggingHandler.ClientHandler[100]
        Sending HTTP request GET https://github.com/angularsen/UnitsNet/blob/main/license.txt
  info: System.Net.Http.HttpClient.NoLoggingHandler.ClientHandler[101]
        Received HTTP response headers after 340.0501ms - 404
  info: System.Net.Http.HttpClient.NoLoggingHandler.LogicalHandler[101]
        End processing HTTP request after 340.0843ms - 404
  info: System.Net.Http.HttpClient.NoLoggingHandler.LogicalHandler[100]
        Start processing HTTP request GET https://github.com/angularsen/UnitsNet/blob/main/License
  info: System.Net.Http.HttpClient.NoLoggingHandler.ClientHandler[100]
        Sending HTTP request GET https://github.com/angularsen/UnitsNet/blob/main/License
  info: System.Net.Http.HttpClient.NoLoggingHandler.ClientHandler[101]
        Received HTTP response headers after 355.6069ms - 404
  info: System.Net.Http.HttpClient.NoLoggingHandler.LogicalHandler[101]
        End processing HTTP request after 355.6382ms - 404
  info: System.Net.Http.HttpClient.NoLoggingHandler.LogicalHandler[100]
        Start processing HTTP request GET https://github.com/angularsen/UnitsNet/blob/main/License.md
  info: System.Net.Http.HttpClient.NoLoggingHandler.ClientHandler[100]
        Sending HTTP request GET https://github.com/angularsen/UnitsNet/blob/main/License.md
  info: System.Net.Http.HttpClient.NoLoggingHandler.ClientHandler[101]
        Received HTTP response headers after 336.6236ms - 404
  info: System.Net.Http.HttpClient.NoLoggingHandler.LogicalHandler[101]
        End processing HTTP request after 336.6558ms - 404
  info: System.Net.Http.HttpClient.NoLoggingHandler.LogicalHandler[100]
        Start processing HTTP request GET https://github.com/angularsen/UnitsNet/blob/main/License.txt
  info: System.Net.Http.HttpClient.NoLoggingHandler.ClientHandler[100]
        Sending HTTP request GET https://github.com/angularsen/UnitsNet/blob/main/License.txt
  info: System.Net.Http.HttpClient.NoLoggingHandler.ClientHandler[101]
        Received HTTP response headers after 323.4511ms - 404
  info: System.Net.Http.HttpClient.NoLoggingHandler.LogicalHandler[101]
        End processing HTTP request after 323.4807ms - 404
  info: System.Net.Http.HttpClient.NoLoggingHandler.LogicalHandler[100]
        Start processing HTTP request GET https://github.com/angularsen/UnitsNet/blob/main/LICENSE.TXT
  info: System.Net.Http.HttpClient.NoLoggingHandler.ClientHandler[100]
        Sending HTTP request GET https://github.com/angularsen/UnitsNet/blob/main/LICENSE.TXT
  info: System.Net.Http.HttpClient.NoLoggingHandler.ClientHandler[101]
        Received HTTP response headers after 365.7039ms - 404
  info: System.Net.Http.HttpClient.NoLoggingHandler.LogicalHandler[101]
        End processing HTTP request after 365.7359ms - 404
  info: System.Net.Http.HttpClient.NoLoggingHandler.LogicalHandler[100]
        Start processing HTTP request GET https://github.com/angularsen/UnitsNet/blob/master/LICENSE
  info: System.Net.Http.HttpClient.NoLoggingHandler.ClientHandler[100]
        Sending HTTP request GET https://github.com/angularsen/UnitsNet/blob/master/LICENSE
  info: System.Net.Http.HttpClient.NoLoggingHandler.ClientHandler[101]
        Received HTTP response headers after 373.6318ms - 200
  info: System.Net.Http.HttpClient.NoLoggingHandler.LogicalHandler[101]
        End processing HTTP request after 373.6655ms - 200
  info: System.Net.Http.HttpClient.Default.LogicalHandler[100]
        Start processing HTTP request GET https://raw.githubusercontent.com/angularsen/UnitsNet/master/LICENSE
  info: System.Net.Http.HttpClient.Default.ClientHandler[100]
        Sending HTTP request GET https://raw.githubusercontent.com/angularsen/UnitsNet/master/LICENSE
  info: System.Net.Http.HttpClient.Default.ClientHandler[101]
        Received HTTP response headers after 231.5469ms - 200
  info: System.Net.Http.HttpClient.Default.LogicalHandler[101]
        End processing HTTP request after 231.5764ms - 200
  info: Musoq.Cloud.LicensesGatherer.LicenseGatherer[0]
        Saved 23 licenses from 23 packages
  info: Musoq.Cloud.LicensesGatherer.LicenseGatherer[0]
        License texts saved in: D:\repos\Musoq.DataSources\.builds\license-refresh\Musoq.DataSources.CANBus\snapshot\third-party-notices
[SNAPSHOT] package=Musoq.DataSources.CANBus packages=22 files=24 manifest_sha256=c8775dd907dd3f53415f727a75744045c285df3618c79b3129c4acc2cc72ff47 source=checked-in
[UPDATED] License snapshot 'Musoq.DataSources.CANBus'
Refreshing license snapshot: Musoq.DataSources.Docker
  info: Musoq.Cloud.LicensesGatherer.LicenseGatherer[0]
        Starting license gathering for: D:\repos\Musoq.DataSources\Musoq.DataSources.Docker\Musoq.DataSources.Docker.csproj
  info: Musoq.Cloud.LicensesGatherer.LicenseGatherer[0]
        Output folder: D:\repos\Musoq.DataSources\.builds\license-refresh\Musoq.DataSources.Docker\snapshot\third-party-notices
  info: Musoq.Cloud.LicensesGatherer.LicenseGatherer[0]
        Loaded 12 manual link overrides
  info: Musoq.Cloud.LicensesGatherer.LicenseGatherer[0]
        Loaded 0 cached links
  info: Musoq.Cloud.LicensesGatherer.LicenseGatherer[0]
        Found 12 packages to process
  info: Musoq.Cloud.LicensesGatherer.LicenseGatherer[0]
        After filtering runtime packages: 12 packages
  info: System.Net.Http.HttpClient.NoLoggingHandler.LogicalHandler[100]
        Start processing HTTP request GET https://github.com/mmanela/diffplex/blob/main/LICENSE
  info: System.Net.Http.HttpClient.NoLoggingHandler.LogicalHandler[100]
        Start processing HTTP request GET https://github.com/dotnet/sourcelink/blob/main/LICENSE
  info: System.Net.Http.HttpClient.Default.LogicalHandler[100]
        Start processing HTTP request GET https://raw.githubusercontent.com/dotnet/Docker.DotNet/master/LICENSE
  info: System.Net.Http.HttpClient.Default.LogicalHandler[100]
        Start processing HTTP request GET https://raw.githubusercontent.com/DanHarltey/Fastenshtein/master/LICENSE
  info: System.Net.Http.HttpClient.NoLoggingHandler.ClientHandler[100]
        Sending HTTP request GET https://github.com/mmanela/diffplex/blob/main/LICENSE
  info: System.Net.Http.HttpClient.Default.ClientHandler[100]
        Sending HTTP request GET https://raw.githubusercontent.com/DanHarltey/Fastenshtein/master/LICENSE
  info: System.Net.Http.HttpClient.Default.ClientHandler[100]
        Sending HTTP request GET https://raw.githubusercontent.com/dotnet/Docker.DotNet/master/LICENSE
  info: System.Net.Http.HttpClient.NoLoggingHandler.ClientHandler[100]
        Sending HTTP request GET https://github.com/dotnet/sourcelink/blob/main/LICENSE
  info: System.Net.Http.HttpClient.Default.ClientHandler[101]
        Received HTTP response headers after 121.2484ms - 200
  info: System.Net.Http.HttpClient.Default.LogicalHandler[101]
        End processing HTTP request after 128.0101ms - 200
  info: System.Net.Http.HttpClient.Default.LogicalHandler[100]
        Start processing HTTP request GET https://raw.githubusercontent.com/dotnet/runtime/main/LICENSE.TXT
  info: System.Net.Http.HttpClient.Default.ClientHandler[100]
        Sending HTTP request GET https://raw.githubusercontent.com/dotnet/runtime/main/LICENSE.TXT
  info: System.Net.Http.HttpClient.NoLoggingHandler.ClientHandler[101]
        Received HTTP response headers after 130.8162ms - 404
  info: System.Net.Http.HttpClient.NoLoggingHandler.ClientHandler[101]
        Received HTTP response headers after 130.81ms - 404
  info: System.Net.Http.HttpClient.NoLoggingHandler.LogicalHandler[101]
        End processing HTTP request after 134.4369ms - 404
  info: System.Net.Http.HttpClient.NoLoggingHandler.LogicalHandler[101]
        End processing HTTP request after 134.4334ms - 404
  info: System.Net.Http.HttpClient.Default.ClientHandler[101]
        Received HTTP response headers after 25.7668ms - 200
  info: System.Net.Http.HttpClient.Default.LogicalHandler[101]
        End processing HTTP request after 25.8369ms - 200
  info: System.Net.Http.HttpClient.Default.LogicalHandler[100]
        Start processing HTTP request GET https://raw.githubusercontent.com/dotnet/runtime/main/LICENSE.TXT
  info: System.Net.Http.HttpClient.Default.ClientHandler[100]
        Sending HTTP request GET https://raw.githubusercontent.com/dotnet/runtime/main/LICENSE.TXT
  info: System.Net.Http.HttpClient.Default.ClientHandler[101]
        Received HTTP response headers after 25.5247ms - 200
  info: System.Net.Http.HttpClient.Default.LogicalHandler[101]
        End processing HTTP request after 25.5906ms - 200
  info: System.Net.Http.HttpClient.NoLoggingHandler.LogicalHandler[100]
        Start processing HTTP request GET https://github.com/dotnet/sourcelink/blob/main/LICENSE
  info: System.Net.Http.HttpClient.NoLoggingHandler.ClientHandler[100]
        Sending HTTP request GET https://github.com/dotnet/sourcelink/blob/main/LICENSE
  info: System.Net.Http.HttpClient.NoLoggingHandler.LogicalHandler[100]
        Start processing HTTP request GET https://github.com/dotnet/sourcelink/blob/main/LICENSE.md
  info: System.Net.Http.HttpClient.NoLoggingHandler.ClientHandler[100]
        Sending HTTP request GET https://github.com/dotnet/sourcelink/blob/main/LICENSE.md
  info: System.Net.Http.HttpClient.NoLoggingHandler.LogicalHandler[100]
        Start processing HTTP request GET https://github.com/mmanela/diffplex/blob/main/LICENSE.md
  info: System.Net.Http.HttpClient.NoLoggingHandler.ClientHandler[100]
        Sending HTTP request GET https://github.com/mmanela/diffplex/blob/main/LICENSE.md
  info: System.Net.Http.HttpClient.NoLoggingHandler.ClientHandler[101]
        Received HTTP response headers after 55.1502ms - 404
  info: System.Net.Http.HttpClient.NoLoggingHandler.LogicalHandler[101]
        End processing HTTP request after 55.2249ms - 404
  info: System.Net.Http.HttpClient.NoLoggingHandler.LogicalHandler[100]
        Start processing HTTP request GET https://github.com/dotnet/sourcelink/blob/main/LICENSE.md
  info: System.Net.Http.HttpClient.NoLoggingHandler.ClientHandler[100]
        Sending HTTP request GET https://github.com/dotnet/sourcelink/blob/main/LICENSE.md
  info: System.Net.Http.HttpClient.NoLoggingHandler.ClientHandler[101]
        Received HTTP response headers after 54.9074ms - 404
  info: System.Net.Http.HttpClient.NoLoggingHandler.LogicalHandler[101]
        End processing HTTP request after 54.9985ms - 404
  info: System.Net.Http.HttpClient.NoLoggingHandler.LogicalHandler[100]
        Start processing HTTP request GET https://github.com/dotnet/sourcelink/blob/main/LICENSE.txt
  info: System.Net.Http.HttpClient.NoLoggingHandler.ClientHandler[100]
        Sending HTTP request GET https://github.com/dotnet/sourcelink/blob/main/LICENSE.txt
  info: System.Net.Http.HttpClient.NoLoggingHandler.ClientHandler[101]
        Received HTTP response headers after 43.0137ms - 404
  info: System.Net.Http.HttpClient.NoLoggingHandler.LogicalHandler[101]
        End processing HTTP request after 43.1847ms - 404
  info: System.Net.Http.HttpClient.NoLoggingHandler.LogicalHandler[100]
        Start processing HTTP request GET https://github.com/mmanela/diffplex/blob/main/LICENSE.txt
  info: System.Net.Http.HttpClient.NoLoggingHandler.ClientHandler[100]
        Sending HTTP request GET https://github.com/mmanela/diffplex/blob/main/LICENSE.txt
  info: System.Net.Http.HttpClient.NoLoggingHandler.ClientHandler[101]
        Received HTTP response headers after 32.2121ms - 404
  info: System.Net.Http.HttpClient.NoLoggingHandler.LogicalHandler[101]
        End processing HTTP request after 32.2538ms - 404
  info: System.Net.Http.HttpClient.NoLoggingHandler.ClientHandler[101]
        Received HTTP response headers after 35.6526ms - 404
  info: System.Net.Http.HttpClient.NoLoggingHandler.LogicalHandler[101]
        End processing HTTP request after 35.719ms - 404
  info: System.Net.Http.HttpClient.NoLoggingHandler.LogicalHandler[100]
        Start processing HTTP request GET https://github.com/dotnet/sourcelink/blob/main/license
  info: System.Net.Http.HttpClient.NoLoggingHandler.ClientHandler[100]
        Sending HTTP request GET https://github.com/dotnet/sourcelink/blob/main/license
  info: System.Net.Http.HttpClient.NoLoggingHandler.ClientHandler[101]
        Received HTTP response headers after 30.4618ms - 404
  info: System.Net.Http.HttpClient.NoLoggingHandler.LogicalHandler[101]
        End processing HTTP request after 30.5044ms - 404
  info: System.Net.Http.HttpClient.NoLoggingHandler.LogicalHandler[100]
        Start processing HTTP request GET https://github.com/mmanela/diffplex/blob/main/license
  info: System.Net.Http.HttpClient.NoLoggingHandler.ClientHandler[100]
        Sending HTTP request GET https://github.com/mmanela/diffplex/blob/main/license
  info: System.Net.Http.HttpClient.NoLoggingHandler.ClientHandler[101]
        Received HTTP response headers after 30.4523ms - 404
  info: System.Net.Http.HttpClient.NoLoggingHandler.LogicalHandler[101]
        End processing HTTP request after 30.5049ms - 404
  info: System.Net.Http.HttpClient.NoLoggingHandler.LogicalHandler[100]
        Start processing HTTP request GET https://github.com/mmanela/diffplex/blob/main/license.md
  info: System.Net.Http.HttpClient.NoLoggingHandler.ClientHandler[100]
        Sending HTTP request GET https://github.com/mmanela/diffplex/blob/main/license.md
  info: System.Net.Http.HttpClient.NoLoggingHandler.ClientHandler[101]
        Received HTTP response headers after 35.6949ms - 404
  info: System.Net.Http.HttpClient.NoLoggingHandler.LogicalHandler[101]
        End processing HTTP request after 35.7404ms - 404
  info: System.Net.Http.HttpClient.NoLoggingHandler.LogicalHandler[100]
        Start processing HTTP request GET https://github.com/dotnet/sourcelink/blob/main/license.md
  info: System.Net.Http.HttpClient.NoLoggingHandler.ClientHandler[100]
        Sending HTTP request GET https://github.com/dotnet/sourcelink/blob/main/license.md
  info: System.Net.Http.HttpClient.NoLoggingHandler.LogicalHandler[100]
        Start processing HTTP request GET https://github.com/dotnet/sourcelink/blob/main/LICENSE.txt
  info: System.Net.Http.HttpClient.NoLoggingHandler.ClientHandler[100]
        Sending HTTP request GET https://github.com/dotnet/sourcelink/blob/main/LICENSE.txt
  info: System.Net.Http.HttpClient.Default.ClientHandler[101]
        Received HTTP response headers after 359.8679ms - 200
  info: System.Net.Http.HttpClient.Default.LogicalHandler[101]
        End processing HTTP request after 363.4905ms - 200
  info: System.Net.Http.HttpClient.NoLoggingHandler.LogicalHandler[100]
        Start processing HTTP request GET https://github.com/dotnet/sourcelink/blob/main/LICENSE
  info: System.Net.Http.HttpClient.NoLoggingHandler.ClientHandler[100]
        Sending HTTP request GET https://github.com/dotnet/sourcelink/blob/main/LICENSE
  info: System.Net.Http.HttpClient.NoLoggingHandler.ClientHandler[101]
        Received HTTP response headers after 31.0779ms - 404
  info: System.Net.Http.HttpClient.NoLoggingHandler.LogicalHandler[101]
        End processing HTTP request after 31.1244ms - 404
  info: System.Net.Http.HttpClient.NoLoggingHandler.LogicalHandler[100]
        Start processing HTTP request GET https://github.com/mmanela/diffplex/blob/main/license.txt
  info: System.Net.Http.HttpClient.NoLoggingHandler.ClientHandler[100]
        Sending HTTP request GET https://github.com/mmanela/diffplex/blob/main/license.txt
  info: System.Net.Http.HttpClient.NoLoggingHandler.ClientHandler[101]
        Received HTTP response headers after 36.6462ms - 404
  info: System.Net.Http.HttpClient.NoLoggingHandler.LogicalHandler[101]
        End processing HTTP request after 36.6958ms - 404
  info: System.Net.Http.HttpClient.NoLoggingHandler.LogicalHandler[100]
        Start processing HTTP request GET https://github.com/dotnet/sourcelink/blob/main/license.txt
  info: System.Net.Http.HttpClient.NoLoggingHandler.ClientHandler[100]
        Sending HTTP request GET https://github.com/dotnet/sourcelink/blob/main/license.txt
  info: System.Net.Http.HttpClient.NoLoggingHandler.ClientHandler[101]
        Received HTTP response headers after 29.4419ms - 404
  info: System.Net.Http.HttpClient.NoLoggingHandler.LogicalHandler[101]
        End processing HTTP request after 29.4732ms - 404
  info: System.Net.Http.HttpClient.NoLoggingHandler.LogicalHandler[100]
        Start processing HTTP request GET https://github.com/dotnet/sourcelink/blob/main/license
  info: System.Net.Http.HttpClient.NoLoggingHandler.ClientHandler[100]
        Sending HTTP request GET https://github.com/dotnet/sourcelink/blob/main/license
  info: System.Net.Http.HttpClient.NoLoggingHandler.ClientHandler[101]
        Received HTTP response headers after 36.3417ms - 404
  info: System.Net.Http.HttpClient.NoLoggingHandler.LogicalHandler[101]
        End processing HTTP request after 36.3899ms - 404
  info: System.Net.Http.HttpClient.NoLoggingHandler.LogicalHandler[100]
        Start processing HTTP request GET https://github.com/dotnet/sourcelink/blob/main/LICENSE.md
  info: System.Net.Http.HttpClient.NoLoggingHandler.ClientHandler[100]
        Sending HTTP request GET https://github.com/dotnet/sourcelink/blob/main/LICENSE.md
  info: System.Net.Http.HttpClient.NoLoggingHandler.ClientHandler[101]
        Received HTTP response headers after 32.964ms - 404
  info: System.Net.Http.HttpClient.NoLoggingHandler.LogicalHandler[101]
        End processing HTTP request after 32.9952ms - 404
  info: System.Net.Http.HttpClient.NoLoggingHandler.LogicalHandler[100]
        Start processing HTTP request GET https://github.com/dotnet/sourcelink/blob/main/License
  info: System.Net.Http.HttpClient.NoLoggingHandler.ClientHandler[100]
        Sending HTTP request GET https://github.com/dotnet/sourcelink/blob/main/License
  info: System.Net.Http.HttpClient.NoLoggingHandler.ClientHandler[101]
        Received HTTP response headers after 45.1799ms - 404
  info: System.Net.Http.HttpClient.NoLoggingHandler.LogicalHandler[101]
        End processing HTTP request after 45.2066ms - 404
  info: System.Net.Http.HttpClient.NoLoggingHandler.LogicalHandler[100]
        Start processing HTTP request GET https://github.com/mmanela/diffplex/blob/main/License
  info: System.Net.Http.HttpClient.NoLoggingHandler.ClientHandler[100]
        Sending HTTP request GET https://github.com/mmanela/diffplex/blob/main/License
  info: System.Net.Http.HttpClient.NoLoggingHandler.ClientHandler[101]
        Received HTTP response headers after 48.3408ms - 404
  info: System.Net.Http.HttpClient.NoLoggingHandler.LogicalHandler[101]
        End processing HTTP request after 48.3676ms - 404
  info: System.Net.Http.HttpClient.NoLoggingHandler.LogicalHandler[100]
        Start processing HTTP request GET https://github.com/dotnet/sourcelink/blob/main/license.md
  info: System.Net.Http.HttpClient.NoLoggingHandler.ClientHandler[100]
        Sending HTTP request GET https://github.com/dotnet/sourcelink/blob/main/license.md
  info: System.Net.Http.HttpClient.NoLoggingHandler.ClientHandler[101]
        Received HTTP response headers after 41.4594ms - 404
  info: System.Net.Http.HttpClient.NoLoggingHandler.LogicalHandler[101]
        End processing HTTP request after 41.5005ms - 404
  info: System.Net.Http.HttpClient.NoLoggingHandler.LogicalHandler[100]
        Start processing HTTP request GET https://github.com/dotnet/sourcelink/blob/main/LICENSE.txt
  info: System.Net.Http.HttpClient.NoLoggingHandler.ClientHandler[100]
        Sending HTTP request GET https://github.com/dotnet/sourcelink/blob/main/LICENSE.txt
  info: System.Net.Http.HttpClient.NoLoggingHandler.ClientHandler[101]
        Received HTTP response headers after 38.1926ms - 404
  info: System.Net.Http.HttpClient.NoLoggingHandler.LogicalHandler[101]
        End processing HTTP request after 38.2211ms - 404
  info: System.Net.Http.HttpClient.NoLoggingHandler.LogicalHandler[100]
        Start processing HTTP request GET https://github.com/dotnet/sourcelink/blob/main/License.md
  info: System.Net.Http.HttpClient.NoLoggingHandler.ClientHandler[100]
        Sending HTTP request GET https://github.com/dotnet/sourcelink/blob/main/License.md
  info: System.Net.Http.HttpClient.NoLoggingHandler.ClientHandler[101]
        Received HTTP response headers after 48.406ms - 404
  info: System.Net.Http.HttpClient.NoLoggingHandler.LogicalHandler[101]
        End processing HTTP request after 48.4321ms - 404
  info: System.Net.Http.HttpClient.NoLoggingHandler.LogicalHandler[100]
        Start processing HTTP request GET https://github.com/mmanela/diffplex/blob/main/License.md
  info: System.Net.Http.HttpClient.NoLoggingHandler.ClientHandler[100]
        Sending HTTP request GET https://github.com/mmanela/diffplex/blob/main/License.md
  info: System.Net.Http.HttpClient.NoLoggingHandler.ClientHandler[101]
        Received HTTP response headers after 36.7033ms - 404
  info: System.Net.Http.HttpClient.NoLoggingHandler.LogicalHandler[101]
        End processing HTTP request after 36.7374ms - 404
  info: System.Net.Http.HttpClient.NoLoggingHandler.ClientHandler[101]
        Received HTTP response headers after 29.0676ms - 404
  info: System.Net.Http.HttpClient.NoLoggingHandler.LogicalHandler[101]
        End processing HTTP request after 29.0974ms - 404
  info: System.Net.Http.HttpClient.NoLoggingHandler.LogicalHandler[100]
        Start processing HTTP request GET https://github.com/dotnet/sourcelink/blob/main/license
  info: System.Net.Http.HttpClient.NoLoggingHandler.ClientHandler[100]
        Sending HTTP request GET https://github.com/dotnet/sourcelink/blob/main/license
  info: System.Net.Http.HttpClient.NoLoggingHandler.ClientHandler[101]
        Received HTTP response headers after 35.7824ms - 404
  info: System.Net.Http.HttpClient.NoLoggingHandler.LogicalHandler[101]
        End processing HTTP request after 35.8182ms - 404
  info: System.Net.Http.HttpClient.NoLoggingHandler.LogicalHandler[100]
        Start processing HTTP request GET https://github.com/dotnet/sourcelink/blob/main/License.txt
  info: System.Net.Http.HttpClient.NoLoggingHandler.ClientHandler[100]
        Sending HTTP request GET https://github.com/dotnet/sourcelink/blob/main/License.txt
  info: System.Net.Http.HttpClient.NoLoggingHandler.ClientHandler[101]
        Received HTTP response headers after 30.294ms - 404
  info: System.Net.Http.HttpClient.NoLoggingHandler.LogicalHandler[101]
        End processing HTTP request after 30.3233ms - 404
  info: System.Net.Http.HttpClient.NoLoggingHandler.LogicalHandler[100]
        Start processing HTTP request GET https://github.com/mmanela/diffplex/blob/main/License.txt
  info: System.Net.Http.HttpClient.NoLoggingHandler.ClientHandler[100]
        Sending HTTP request GET https://github.com/mmanela/diffplex/blob/main/License.txt
  info: System.Net.Http.HttpClient.NoLoggingHandler.ClientHandler[101]
        Received HTTP response headers after 29.0509ms - 404
  info: System.Net.Http.HttpClient.NoLoggingHandler.LogicalHandler[101]
        End processing HTTP request after 29.0841ms - 404
  info: System.Net.Http.HttpClient.NoLoggingHandler.LogicalHandler[100]
        Start processing HTTP request GET https://github.com/dotnet/sourcelink/blob/main/license.md
  info: System.Net.Http.HttpClient.NoLoggingHandler.ClientHandler[100]
        Sending HTTP request GET https://github.com/dotnet/sourcelink/blob/main/license.md
  info: System.Net.Http.HttpClient.NoLoggingHandler.ClientHandler[101]
        Received HTTP response headers after 35.4776ms - 200
  info: System.Net.Http.HttpClient.NoLoggingHandler.LogicalHandler[101]
        End processing HTTP request after 35.519ms - 200
  info: System.Net.Http.HttpClient.Default.LogicalHandler[100]
        Start processing HTTP request GET https://raw.githubusercontent.com/dotnet/sourcelink/main/License.txt
  info: System.Net.Http.HttpClient.Default.ClientHandler[100]
        Sending HTTP request GET https://raw.githubusercontent.com/dotnet/sourcelink/main/License.txt
  info: System.Net.Http.HttpClient.NoLoggingHandler.ClientHandler[101]
        Received HTTP response headers after 30.4916ms - 404
  info: System.Net.Http.HttpClient.NoLoggingHandler.LogicalHandler[101]
        End processing HTTP request after 30.5181ms - 404
  info: System.Net.Http.HttpClient.NoLoggingHandler.LogicalHandler[100]
        Start processing HTTP request GET https://github.com/mmanela/diffplex/blob/main/LICENSE.TXT
  info: System.Net.Http.HttpClient.NoLoggingHandler.ClientHandler[100]
        Sending HTTP request GET https://github.com/mmanela/diffplex/blob/main/LICENSE.TXT
  info: System.Net.Http.HttpClient.NoLoggingHandler.ClientHandler[101]
        Received HTTP response headers after 29.4739ms - 404
  info: System.Net.Http.HttpClient.NoLoggingHandler.LogicalHandler[101]
        End processing HTTP request after 29.5069ms - 404
  info: System.Net.Http.HttpClient.NoLoggingHandler.LogicalHandler[100]
        Start processing HTTP request GET https://github.com/dotnet/sourcelink/blob/main/license.txt
  info: System.Net.Http.HttpClient.NoLoggingHandler.ClientHandler[100]
        Sending HTTP request GET https://github.com/dotnet/sourcelink/blob/main/license.txt
  info: System.Net.Http.HttpClient.Default.ClientHandler[101]
        Received HTTP response headers after 25.6327ms - 200
  info: System.Net.Http.HttpClient.Default.LogicalHandler[101]
        End processing HTTP request after 25.6749ms - 200
  info: System.Net.Http.HttpClient.NoLoggingHandler.ClientHandler[101]
        Received HTTP response headers after 29.6062ms - 404
  info: System.Net.Http.HttpClient.NoLoggingHandler.LogicalHandler[101]
        End processing HTTP request after 29.6449ms - 404
  info: System.Net.Http.HttpClient.Default.LogicalHandler[100]
        Start processing HTTP request GET https://raw.githubusercontent.com/JamesNK/Newtonsoft.Json/master/LICENSE.md
  info: System.Net.Http.HttpClient.Default.ClientHandler[100]
        Sending HTTP request GET https://raw.githubusercontent.com/JamesNK/Newtonsoft.Json/master/LICENSE.md
  info: System.Net.Http.HttpClient.NoLoggingHandler.LogicalHandler[100]
        Start processing HTTP request GET https://github.com/mmanela/diffplex/blob/master/LICENSE
  info: System.Net.Http.HttpClient.NoLoggingHandler.ClientHandler[100]
        Sending HTTP request GET https://github.com/mmanela/diffplex/blob/master/LICENSE
  info: System.Net.Http.HttpClient.NoLoggingHandler.ClientHandler[101]
        Received HTTP response headers after 29.0446ms - 404
  info: System.Net.Http.HttpClient.NoLoggingHandler.LogicalHandler[101]
        End processing HTTP request after 29.0823ms - 404
  info: System.Net.Http.HttpClient.NoLoggingHandler.LogicalHandler[100]
        Start processing HTTP request GET https://github.com/dotnet/sourcelink/blob/main/license.txt
  info: System.Net.Http.HttpClient.NoLoggingHandler.ClientHandler[100]
        Sending HTTP request GET https://github.com/dotnet/sourcelink/blob/main/license.txt
  info: System.Net.Http.HttpClient.NoLoggingHandler.LogicalHandler[100]
        Start processing HTTP request GET https://github.com/dotnet/sourcelink/blob/main/License
  info: System.Net.Http.HttpClient.NoLoggingHandler.ClientHandler[100]
        Sending HTTP request GET https://github.com/dotnet/sourcelink/blob/main/License
  info: System.Net.Http.HttpClient.NoLoggingHandler.ClientHandler[101]
        Received HTTP response headers after 30.715ms - 404
  info: System.Net.Http.HttpClient.NoLoggingHandler.LogicalHandler[101]
        End processing HTTP request after 30.758ms - 404
  info: System.Net.Http.HttpClient.NoLoggingHandler.LogicalHandler[100]
        Start processing HTTP request GET https://github.com/mmanela/diffplex/blob/master/LICENSE.md
  info: System.Net.Http.HttpClient.NoLoggingHandler.ClientHandler[100]
        Sending HTTP request GET https://github.com/mmanela/diffplex/blob/master/LICENSE.md
  info: System.Net.Http.HttpClient.NoLoggingHandler.ClientHandler[101]
        Received HTTP response headers after 30.4403ms - 404
  info: System.Net.Http.HttpClient.NoLoggingHandler.LogicalHandler[101]
        End processing HTTP request after 30.4676ms - 404
  info: System.Net.Http.HttpClient.NoLoggingHandler.LogicalHandler[100]
        Start processing HTTP request GET https://github.com/dotnet/sourcelink/blob/main/License.md
  info: System.Net.Http.HttpClient.NoLoggingHandler.ClientHandler[100]
        Sending HTTP request GET https://github.com/dotnet/sourcelink/blob/main/License.md
  info: System.Net.Http.HttpClient.NoLoggingHandler.ClientHandler[101]
        Received HTTP response headers after 34.5959ms - 404
  info: System.Net.Http.HttpClient.NoLoggingHandler.LogicalHandler[101]
        End processing HTTP request after 34.6389ms - 404
  info: System.Net.Http.HttpClient.NoLoggingHandler.LogicalHandler[100]
        Start processing HTTP request GET https://github.com/dotnet/sourcelink/blob/main/License
  info: System.Net.Http.HttpClient.NoLoggingHandler.ClientHandler[100]
        Sending HTTP request GET https://github.com/dotnet/sourcelink/blob/main/License
  info: System.Net.Http.HttpClient.NoLoggingHandler.ClientHandler[101]
        Received HTTP response headers after 31.0093ms - 404
  info: System.Net.Http.HttpClient.NoLoggingHandler.LogicalHandler[101]
        End processing HTTP request after 31.0465ms - 404
  info: System.Net.Http.HttpClient.NoLoggingHandler.LogicalHandler[100]
        Start processing HTTP request GET https://github.com/mmanela/diffplex/blob/master/LICENSE.txt
  info: System.Net.Http.HttpClient.NoLoggingHandler.ClientHandler[100]
        Sending HTTP request GET https://github.com/mmanela/diffplex/blob/master/LICENSE.txt
  info: System.Net.Http.HttpClient.NoLoggingHandler.ClientHandler[101]
        Received HTTP response headers after 29.3782ms - 404
  info: System.Net.Http.HttpClient.NoLoggingHandler.LogicalHandler[101]
        End processing HTTP request after 29.4064ms - 404
  info: System.Net.Http.HttpClient.NoLoggingHandler.LogicalHandler[100]
        Start processing HTTP request GET https://github.com/dotnet/sourcelink/blob/main/License.txt
  info: System.Net.Http.HttpClient.NoLoggingHandler.ClientHandler[100]
        Sending HTTP request GET https://github.com/dotnet/sourcelink/blob/main/License.txt
  info: System.Net.Http.HttpClient.NoLoggingHandler.ClientHandler[101]
        Received HTTP response headers after 34.6713ms - 404
  info: System.Net.Http.HttpClient.NoLoggingHandler.LogicalHandler[101]
        End processing HTTP request after 34.7079ms - 404
  info: System.Net.Http.HttpClient.NoLoggingHandler.LogicalHandler[100]
        Start processing HTTP request GET https://github.com/dotnet/sourcelink/blob/main/License.md
  info: System.Net.Http.HttpClient.NoLoggingHandler.ClientHandler[100]
        Sending HTTP request GET https://github.com/dotnet/sourcelink/blob/main/License.md
  info: System.Net.Http.HttpClient.NoLoggingHandler.ClientHandler[101]
        Received HTTP response headers after 30.3972ms - 404
  info: System.Net.Http.HttpClient.NoLoggingHandler.LogicalHandler[101]
        End processing HTTP request after 30.4339ms - 404
  info: System.Net.Http.HttpClient.NoLoggingHandler.LogicalHandler[100]
        Start processing HTTP request GET https://github.com/mmanela/diffplex/blob/master/license
  info: System.Net.Http.HttpClient.NoLoggingHandler.ClientHandler[100]
        Sending HTTP request GET https://github.com/mmanela/diffplex/blob/master/license
  info: System.Net.Http.HttpClient.NoLoggingHandler.ClientHandler[101]
        Received HTTP response headers after 29.2548ms - 200
  info: System.Net.Http.HttpClient.NoLoggingHandler.LogicalHandler[101]
        End processing HTTP request after 29.2793ms - 200
  info: System.Net.Http.HttpClient.Default.LogicalHandler[100]
        Start processing HTTP request GET https://raw.githubusercontent.com/dotnet/sourcelink/main/License.txt
  info: System.Net.Http.HttpClient.Default.ClientHandler[100]
        Sending HTTP request GET https://raw.githubusercontent.com/dotnet/sourcelink/main/License.txt
  info: System.Net.Http.HttpClient.NoLoggingHandler.ClientHandler[101]
        Received HTTP response headers after 34.5314ms - 404
  info: System.Net.Http.HttpClient.NoLoggingHandler.LogicalHandler[101]
        End processing HTTP request after 34.5657ms - 404
  info: System.Net.Http.HttpClient.NoLoggingHandler.LogicalHandler[100]
        Start processing HTTP request GET https://github.com/dotnet/sourcelink/blob/main/License.txt
  info: System.Net.Http.HttpClient.NoLoggingHandler.ClientHandler[100]
        Sending HTTP request GET https://github.com/dotnet/sourcelink/blob/main/License.txt
  info: System.Net.Http.HttpClient.Default.ClientHandler[101]
        Received HTTP response headers after 25.766ms - 200
  info: System.Net.Http.HttpClient.Default.LogicalHandler[101]
        End processing HTTP request after 25.7955ms - 200
  info: System.Net.Http.HttpClient.NoLoggingHandler.ClientHandler[101]
        Received HTTP response headers after 30.2805ms - 404
  info: System.Net.Http.HttpClient.NoLoggingHandler.LogicalHandler[101]
        End processing HTTP request after 30.314ms - 404
  info: System.Net.Http.HttpClient.NoLoggingHandler.LogicalHandler[100]
        Start processing HTTP request GET https://github.com/mmanela/diffplex/blob/master/license.md
  info: System.Net.Http.HttpClient.NoLoggingHandler.ClientHandler[100]
        Sending HTTP request GET https://github.com/mmanela/diffplex/blob/master/license.md
  info: System.Net.Http.HttpClient.NoLoggingHandler.ClientHandler[101]
        Received HTTP response headers after 35.2284ms - 200
  info: System.Net.Http.HttpClient.NoLoggingHandler.LogicalHandler[101]
        End processing HTTP request after 35.2755ms - 200
  info: System.Net.Http.HttpClient.Default.LogicalHandler[100]
        Start processing HTTP request GET https://raw.githubusercontent.com/dotnet/sourcelink/main/License.txt
  info: System.Net.Http.HttpClient.Default.ClientHandler[100]
        Sending HTTP request GET https://raw.githubusercontent.com/dotnet/sourcelink/main/License.txt
  info: System.Net.Http.HttpClient.NoLoggingHandler.ClientHandler[101]
        Received HTTP response headers after 30.669ms - 404
  info: System.Net.Http.HttpClient.NoLoggingHandler.LogicalHandler[101]
        End processing HTTP request after 30.7102ms - 404
  info: System.Net.Http.HttpClient.NoLoggingHandler.LogicalHandler[100]
        Start processing HTTP request GET https://github.com/mmanela/diffplex/blob/master/license.txt
  info: System.Net.Http.HttpClient.NoLoggingHandler.ClientHandler[100]
        Sending HTTP request GET https://github.com/mmanela/diffplex/blob/master/license.txt
  info: System.Net.Http.HttpClient.Default.ClientHandler[101]
        Received HTTP response headers after 160.9602ms - 200
  info: System.Net.Http.HttpClient.Default.LogicalHandler[101]
        End processing HTTP request after 160.9977ms - 200
  info: System.Net.Http.HttpClient.Default.ClientHandler[101]
        Received HTTP response headers after 25.6403ms - 200
  info: System.Net.Http.HttpClient.Default.LogicalHandler[101]
        End processing HTTP request after 25.6895ms - 200
  info: System.Net.Http.HttpClient.NoLoggingHandler.ClientHandler[101]
        Received HTTP response headers after 30.7112ms - 404
  info: System.Net.Http.HttpClient.NoLoggingHandler.LogicalHandler[101]
        End processing HTTP request after 30.7581ms - 404
  info: System.Net.Http.HttpClient.NoLoggingHandler.LogicalHandler[100]
        Start processing HTTP request GET https://github.com/mmanela/diffplex/blob/master/License
  info: System.Net.Http.HttpClient.NoLoggingHandler.ClientHandler[100]
        Sending HTTP request GET https://github.com/mmanela/diffplex/blob/master/License
  info: System.Net.Http.HttpClient.NoLoggingHandler.ClientHandler[101]
        Received HTTP response headers after 31.1386ms - 404
  info: System.Net.Http.HttpClient.NoLoggingHandler.LogicalHandler[101]
        End processing HTTP request after 31.1801ms - 404
  info: System.Net.Http.HttpClient.NoLoggingHandler.LogicalHandler[100]
        Start processing HTTP request GET https://github.com/mmanela/diffplex/blob/master/License.md
  info: System.Net.Http.HttpClient.NoLoggingHandler.ClientHandler[100]
        Sending HTTP request GET https://github.com/mmanela/diffplex/blob/master/License.md
  info: System.Net.Http.HttpClient.NoLoggingHandler.ClientHandler[101]
        Received HTTP response headers after 30.8297ms - 404
  info: System.Net.Http.HttpClient.NoLoggingHandler.LogicalHandler[101]
        End processing HTTP request after 30.8834ms - 404
  info: System.Net.Http.HttpClient.NoLoggingHandler.LogicalHandler[100]
        Start processing HTTP request GET https://github.com/mmanela/diffplex/blob/master/License.txt
  info: System.Net.Http.HttpClient.NoLoggingHandler.ClientHandler[100]
        Sending HTTP request GET https://github.com/mmanela/diffplex/blob/master/License.txt
  info: System.Net.Http.HttpClient.NoLoggingHandler.ClientHandler[101]
        Received HTTP response headers after 30.8755ms - 200
  info: System.Net.Http.HttpClient.NoLoggingHandler.LogicalHandler[101]
        End processing HTTP request after 30.9377ms - 200
  info: System.Net.Http.HttpClient.Default.LogicalHandler[100]
        Start processing HTTP request GET https://raw.githubusercontent.com/mmanela/diffplex/master/License.txt
  info: System.Net.Http.HttpClient.Default.ClientHandler[100]
        Sending HTTP request GET https://raw.githubusercontent.com/mmanela/diffplex/master/License.txt
  info: System.Net.Http.HttpClient.Default.ClientHandler[101]
        Received HTTP response headers after 25.9333ms - 200
  info: System.Net.Http.HttpClient.Default.LogicalHandler[101]
        End processing HTTP request after 25.9972ms - 200
  info: Musoq.Cloud.LicensesGatherer.LicenseGatherer[0]
        Saved 13 licenses from 13 packages
  info: Musoq.Cloud.LicensesGatherer.LicenseGatherer[0]
        License texts saved in: D:\repos\Musoq.DataSources\.builds\license-refresh\Musoq.DataSources.Docker\snapshot\third-party-notices
[SNAPSHOT] package=Musoq.DataSources.Docker packages=12 files=14 manifest_sha256=680a4596649bdba1dd1cc6c04033c0feb9330dee622a41448be2a7340c3fb9a0 source=checked-in
[UPDATED] License snapshot 'Musoq.DataSources.Docker'
Refreshing license snapshot: Musoq.DataSources.FlatFile
  info: Musoq.Cloud.LicensesGatherer.LicenseGatherer[0]
        Starting license gathering for: D:\repos\Musoq.DataSources\Musoq.DataSources.FlatFile\Musoq.DataSources.FlatFile.csproj
  info: Musoq.Cloud.LicensesGatherer.LicenseGatherer[0]
        Output folder: D:\repos\Musoq.DataSources\.builds\license-refresh\Musoq.DataSources.FlatFile\snapshot\third-party-notices
  info: Musoq.Cloud.LicensesGatherer.LicenseGatherer[0]
        Loaded 12 manual link overrides
  info: Musoq.Cloud.LicensesGatherer.LicenseGatherer[0]
        Loaded 0 cached links
  info: Musoq.Cloud.LicensesGatherer.LicenseGatherer[0]
        Found 10 packages to process
  info: Musoq.Cloud.LicensesGatherer.LicenseGatherer[0]
        After filtering runtime packages: 10 packages
  info: System.Net.Http.HttpClient.NoLoggingHandler.LogicalHandler[100]
        Start processing HTTP request GET https://github.com/dotnet/sourcelink/blob/main/LICENSE
  info: System.Net.Http.HttpClient.NoLoggingHandler.LogicalHandler[100]
        Start processing HTTP request GET https://github.com/mmanela/diffplex/blob/main/LICENSE
  info: System.Net.Http.HttpClient.Default.LogicalHandler[100]
        Start processing HTTP request GET https://raw.githubusercontent.com/dotnet/runtime/main/LICENSE.TXT
  info: System.Net.Http.HttpClient.Default.LogicalHandler[100]
        Start processing HTTP request GET https://raw.githubusercontent.com/DanHarltey/Fastenshtein/master/LICENSE
  info: System.Net.Http.HttpClient.Default.ClientHandler[100]
        Sending HTTP request GET https://raw.githubusercontent.com/dotnet/runtime/main/LICENSE.TXT
  info: System.Net.Http.HttpClient.NoLoggingHandler.ClientHandler[100]
        Sending HTTP request GET https://github.com/mmanela/diffplex/blob/main/LICENSE
  info: System.Net.Http.HttpClient.Default.ClientHandler[100]
        Sending HTTP request GET https://raw.githubusercontent.com/DanHarltey/Fastenshtein/master/LICENSE
  info: System.Net.Http.HttpClient.NoLoggingHandler.ClientHandler[100]
        Sending HTTP request GET https://github.com/dotnet/sourcelink/blob/main/LICENSE
  info: System.Net.Http.HttpClient.Default.ClientHandler[101]
        Received HTTP response headers after 111.0424ms - 200
  info: System.Net.Http.HttpClient.Default.ClientHandler[101]
        Received HTTP response headers after 109.6001ms - 200
  info: System.Net.Http.HttpClient.Default.LogicalHandler[101]
        End processing HTTP request after 116.5343ms - 200
  info: System.Net.Http.HttpClient.Default.LogicalHandler[101]
        End processing HTTP request after 116.5368ms - 200
  info: System.Net.Http.HttpClient.Default.LogicalHandler[100]
        Start processing HTTP request GET https://raw.githubusercontent.com/dotnet/runtime/main/LICENSE.TXT
  info: System.Net.Http.HttpClient.Default.ClientHandler[100]
        Sending HTTP request GET https://raw.githubusercontent.com/dotnet/runtime/main/LICENSE.TXT
  info: System.Net.Http.HttpClient.NoLoggingHandler.LogicalHandler[100]
        Start processing HTTP request GET https://github.com/dotnet/sourcelink/blob/main/LICENSE
  info: System.Net.Http.HttpClient.NoLoggingHandler.ClientHandler[100]
        Sending HTTP request GET https://github.com/dotnet/sourcelink/blob/main/LICENSE
  info: System.Net.Http.HttpClient.NoLoggingHandler.ClientHandler[101]
        Received HTTP response headers after 119.7179ms - 404
  info: System.Net.Http.HttpClient.NoLoggingHandler.LogicalHandler[101]
        End processing HTTP request after 123.2446ms - 404
  info: System.Net.Http.HttpClient.NoLoggingHandler.ClientHandler[101]
        Received HTTP response headers after 129.0394ms - 404
  info: System.Net.Http.HttpClient.NoLoggingHandler.LogicalHandler[101]
        End processing HTTP request after 132.5686ms - 404
  info: System.Net.Http.HttpClient.Default.ClientHandler[101]
        Received HTTP response headers after 22.849ms - 200
  info: System.Net.Http.HttpClient.Default.LogicalHandler[101]
        End processing HTTP request after 22.9009ms - 200
  info: System.Net.Http.HttpClient.NoLoggingHandler.LogicalHandler[100]
        Start processing HTTP request GET https://github.com/dotnet/sourcelink/blob/main/LICENSE
  info: System.Net.Http.HttpClient.NoLoggingHandler.ClientHandler[100]
        Sending HTTP request GET https://github.com/dotnet/sourcelink/blob/main/LICENSE
  info: System.Net.Http.HttpClient.NoLoggingHandler.LogicalHandler[100]
        Start processing HTTP request GET https://github.com/mmanela/diffplex/blob/main/LICENSE.md
  info: System.Net.Http.HttpClient.NoLoggingHandler.ClientHandler[100]
        Sending HTTP request GET https://github.com/mmanela/diffplex/blob/main/LICENSE.md
  info: System.Net.Http.HttpClient.NoLoggingHandler.ClientHandler[101]
        Received HTTP response headers after 92.3192ms - 404
  info: System.Net.Http.HttpClient.NoLoggingHandler.LogicalHandler[101]
        End processing HTTP request after 92.3716ms - 404
  info: System.Net.Http.HttpClient.NoLoggingHandler.ClientHandler[101]
        Received HTTP response headers after 74.445ms - 404
  info: System.Net.Http.HttpClient.NoLoggingHandler.LogicalHandler[101]
        End processing HTTP request after 74.5073ms - 404
  info: System.Net.Http.HttpClient.NoLoggingHandler.LogicalHandler[100]
        Start processing HTTP request GET https://github.com/dotnet/sourcelink/blob/main/LICENSE.md
  info: System.Net.Http.HttpClient.NoLoggingHandler.ClientHandler[100]
        Sending HTTP request GET https://github.com/dotnet/sourcelink/blob/main/LICENSE.md
  info: System.Net.Http.HttpClient.NoLoggingHandler.LogicalHandler[100]
        Start processing HTTP request GET https://github.com/dotnet/sourcelink/blob/main/LICENSE.md
  info: System.Net.Http.HttpClient.NoLoggingHandler.ClientHandler[100]
        Sending HTTP request GET https://github.com/dotnet/sourcelink/blob/main/LICENSE.md
  info: System.Net.Http.HttpClient.NoLoggingHandler.ClientHandler[101]
        Received HTTP response headers after 46.3624ms - 404
  info: System.Net.Http.HttpClient.NoLoggingHandler.LogicalHandler[101]
        End processing HTTP request after 46.4259ms - 404
  info: System.Net.Http.HttpClient.NoLoggingHandler.ClientHandler[101]
        Received HTTP response headers after 29.044ms - 404
  info: System.Net.Http.HttpClient.NoLoggingHandler.LogicalHandler[101]
        End processing HTTP request after 29.091ms - 404
  info: System.Net.Http.HttpClient.NoLoggingHandler.LogicalHandler[100]
        Start processing HTTP request GET https://github.com/dotnet/sourcelink/blob/main/LICENSE.txt
  info: System.Net.Http.HttpClient.NoLoggingHandler.ClientHandler[100]
        Sending HTTP request GET https://github.com/dotnet/sourcelink/blob/main/LICENSE.txt
  info: System.Net.Http.HttpClient.NoLoggingHandler.ClientHandler[101]
        Received HTTP response headers after 36.8111ms - 404
  info: System.Net.Http.HttpClient.NoLoggingHandler.LogicalHandler[101]
        End processing HTTP request after 36.8598ms - 404
  info: System.Net.Http.HttpClient.NoLoggingHandler.LogicalHandler[100]
        Start processing HTTP request GET https://github.com/dotnet/sourcelink/blob/main/LICENSE.txt
  info: System.Net.Http.HttpClient.NoLoggingHandler.ClientHandler[100]
        Sending HTTP request GET https://github.com/dotnet/sourcelink/blob/main/LICENSE.txt
  info: System.Net.Http.HttpClient.NoLoggingHandler.ClientHandler[101]
        Received HTTP response headers after 28.5931ms - 404
  info: System.Net.Http.HttpClient.NoLoggingHandler.LogicalHandler[101]
        End processing HTTP request after 28.6447ms - 404
  info: System.Net.Http.HttpClient.NoLoggingHandler.LogicalHandler[100]
        Start processing HTTP request GET https://github.com/dotnet/sourcelink/blob/main/license
  info: System.Net.Http.HttpClient.NoLoggingHandler.ClientHandler[100]
        Sending HTTP request GET https://github.com/dotnet/sourcelink/blob/main/license
  info: System.Net.Http.HttpClient.NoLoggingHandler.LogicalHandler[100]
        Start processing HTTP request GET https://github.com/dotnet/sourcelink/blob/main/LICENSE.md
  info: System.Net.Http.HttpClient.NoLoggingHandler.ClientHandler[100]
        Sending HTTP request GET https://github.com/dotnet/sourcelink/blob/main/LICENSE.md
  info: System.Net.Http.HttpClient.NoLoggingHandler.ClientHandler[101]
        Received HTTP response headers after 36.723ms - 404
  info: System.Net.Http.HttpClient.NoLoggingHandler.LogicalHandler[101]
        End processing HTTP request after 36.7694ms - 404
  info: System.Net.Http.HttpClient.NoLoggingHandler.LogicalHandler[100]
        Start processing HTTP request GET https://github.com/dotnet/sourcelink/blob/main/license
  info: System.Net.Http.HttpClient.NoLoggingHandler.ClientHandler[100]
        Sending HTTP request GET https://github.com/dotnet/sourcelink/blob/main/license
  info: System.Net.Http.HttpClient.NoLoggingHandler.ClientHandler[101]
        Received HTTP response headers after 28.093ms - 404
  info: System.Net.Http.HttpClient.NoLoggingHandler.LogicalHandler[101]
        End processing HTTP request after 28.1148ms - 404
  info: System.Net.Http.HttpClient.NoLoggingHandler.LogicalHandler[100]
        Start processing HTTP request GET https://github.com/dotnet/sourcelink/blob/main/license.md
  info: System.Net.Http.HttpClient.NoLoggingHandler.ClientHandler[100]
        Sending HTTP request GET https://github.com/dotnet/sourcelink/blob/main/license.md
  info: System.Net.Http.HttpClient.NoLoggingHandler.LogicalHandler[100]
        Start processing HTTP request GET https://github.com/mmanela/diffplex/blob/main/LICENSE.txt
  info: System.Net.Http.HttpClient.NoLoggingHandler.ClientHandler[100]
        Sending HTTP request GET https://github.com/mmanela/diffplex/blob/main/LICENSE.txt
  info: System.Net.Http.HttpClient.NoLoggingHandler.ClientHandler[101]
        Received HTTP response headers after 30.4801ms - 404
  info: System.Net.Http.HttpClient.NoLoggingHandler.LogicalHandler[101]
        End processing HTTP request after 30.5365ms - 404
  info: System.Net.Http.HttpClient.NoLoggingHandler.LogicalHandler[100]
        Start processing HTTP request GET https://github.com/dotnet/sourcelink/blob/main/LICENSE.txt
  info: System.Net.Http.HttpClient.NoLoggingHandler.ClientHandler[100]
        Sending HTTP request GET https://github.com/dotnet/sourcelink/blob/main/LICENSE.txt
  info: System.Net.Http.HttpClient.NoLoggingHandler.ClientHandler[101]
        Received HTTP response headers after 28.0209ms - 404
  info: System.Net.Http.HttpClient.NoLoggingHandler.LogicalHandler[101]
        End processing HTTP request after 28.0544ms - 404
  info: System.Net.Http.HttpClient.NoLoggingHandler.LogicalHandler[100]
        Start processing HTTP request GET https://github.com/dotnet/sourcelink/blob/main/license.txt
  info: System.Net.Http.HttpClient.NoLoggingHandler.ClientHandler[100]
        Sending HTTP request GET https://github.com/dotnet/sourcelink/blob/main/license.txt
  info: System.Net.Http.HttpClient.NoLoggingHandler.ClientHandler[101]
        Received HTTP response headers after 35.7078ms - 404
  info: System.Net.Http.HttpClient.NoLoggingHandler.LogicalHandler[101]
        End processing HTTP request after 35.7362ms - 404
  info: System.Net.Http.HttpClient.NoLoggingHandler.LogicalHandler[100]
        Start processing HTTP request GET https://github.com/dotnet/sourcelink/blob/main/license.md
  info: System.Net.Http.HttpClient.NoLoggingHandler.ClientHandler[100]
        Sending HTTP request GET https://github.com/dotnet/sourcelink/blob/main/license.md
  info: System.Net.Http.HttpClient.NoLoggingHandler.ClientHandler[101]
        Received HTTP response headers after 31.2317ms - 404
  info: System.Net.Http.HttpClient.NoLoggingHandler.LogicalHandler[101]
        End processing HTTP request after 31.2659ms - 404
  info: System.Net.Http.HttpClient.NoLoggingHandler.LogicalHandler[100]
        Start processing HTTP request GET https://github.com/mmanela/diffplex/blob/main/license
  info: System.Net.Http.HttpClient.NoLoggingHandler.ClientHandler[100]
        Sending HTTP request GET https://github.com/mmanela/diffplex/blob/main/license
  info: System.Net.Http.HttpClient.NoLoggingHandler.ClientHandler[101]
        Received HTTP response headers after 30.7546ms - 404
  info: System.Net.Http.HttpClient.NoLoggingHandler.LogicalHandler[101]
        End processing HTTP request after 30.7819ms - 404
  info: System.Net.Http.HttpClient.NoLoggingHandler.LogicalHandler[100]
        Start processing HTTP request GET https://github.com/dotnet/sourcelink/blob/main/license
  info: System.Net.Http.HttpClient.NoLoggingHandler.ClientHandler[100]
        Sending HTTP request GET https://github.com/dotnet/sourcelink/blob/main/license
  info: System.Net.Http.HttpClient.NoLoggingHandler.ClientHandler[101]
        Received HTTP response headers after 28.0056ms - 404
  info: System.Net.Http.HttpClient.NoLoggingHandler.LogicalHandler[101]
        End processing HTTP request after 28.0334ms - 404
  info: System.Net.Http.HttpClient.NoLoggingHandler.LogicalHandler[100]
        Start processing HTTP request GET https://github.com/dotnet/sourcelink/blob/main/License
  info: System.Net.Http.HttpClient.NoLoggingHandler.ClientHandler[100]
        Sending HTTP request GET https://github.com/dotnet/sourcelink/blob/main/License
  info: System.Net.Http.HttpClient.NoLoggingHandler.ClientHandler[101]
        Received HTTP response headers after 36.3429ms - 404
  info: System.Net.Http.HttpClient.NoLoggingHandler.LogicalHandler[101]
        End processing HTTP request after 36.3699ms - 404
  info: System.Net.Http.HttpClient.NoLoggingHandler.LogicalHandler[100]
        Start processing HTTP request GET https://github.com/dotnet/sourcelink/blob/main/license.txt
  info: System.Net.Http.HttpClient.NoLoggingHandler.ClientHandler[100]
        Sending HTTP request GET https://github.com/dotnet/sourcelink/blob/main/license.txt
  info: System.Net.Http.HttpClient.NoLoggingHandler.ClientHandler[101]
        Received HTTP response headers after 30.6561ms - 404
  info: System.Net.Http.HttpClient.NoLoggingHandler.LogicalHandler[101]
        End processing HTTP request after 30.6841ms - 404
  info: System.Net.Http.HttpClient.NoLoggingHandler.LogicalHandler[100]
        Start processing HTTP request GET https://github.com/mmanela/diffplex/blob/main/license.md
  info: System.Net.Http.HttpClient.NoLoggingHandler.ClientHandler[100]
        Sending HTTP request GET https://github.com/mmanela/diffplex/blob/main/license.md
  info: System.Net.Http.HttpClient.NoLoggingHandler.ClientHandler[101]
        Received HTTP response headers after 30.2086ms - 404
  info: System.Net.Http.HttpClient.NoLoggingHandler.LogicalHandler[101]
        End processing HTTP request after 30.2386ms - 404
  info: System.Net.Http.HttpClient.NoLoggingHandler.LogicalHandler[100]
        Start processing HTTP request GET https://github.com/dotnet/sourcelink/blob/main/license.md
  info: System.Net.Http.HttpClient.NoLoggingHandler.ClientHandler[100]
        Sending HTTP request GET https://github.com/dotnet/sourcelink/blob/main/license.md
  info: System.Net.Http.HttpClient.NoLoggingHandler.ClientHandler[101]
        Received HTTP response headers after 28.4135ms - 404
  info: System.Net.Http.HttpClient.NoLoggingHandler.LogicalHandler[101]
        End processing HTTP request after 28.4457ms - 404
  info: System.Net.Http.HttpClient.NoLoggingHandler.LogicalHandler[100]
        Start processing HTTP request GET https://github.com/dotnet/sourcelink/blob/main/License.md
  info: System.Net.Http.HttpClient.NoLoggingHandler.ClientHandler[100]
        Sending HTTP request GET https://github.com/dotnet/sourcelink/blob/main/License.md
  info: System.Net.Http.HttpClient.NoLoggingHandler.ClientHandler[101]
        Received HTTP response headers after 30.4602ms - 404
  info: System.Net.Http.HttpClient.NoLoggingHandler.LogicalHandler[101]
        End processing HTTP request after 30.5329ms - 404
  info: System.Net.Http.HttpClient.NoLoggingHandler.LogicalHandler[100]
        Start processing HTTP request GET https://github.com/mmanela/diffplex/blob/main/license.txt
  info: System.Net.Http.HttpClient.NoLoggingHandler.ClientHandler[100]
        Sending HTTP request GET https://github.com/mmanela/diffplex/blob/main/license.txt
  info: System.Net.Http.HttpClient.NoLoggingHandler.ClientHandler[101]
        Received HTTP response headers after 37.9304ms - 404
  info: System.Net.Http.HttpClient.NoLoggingHandler.LogicalHandler[101]
        End processing HTTP request after 37.957ms - 404
  info: System.Net.Http.HttpClient.NoLoggingHandler.LogicalHandler[100]
        Start processing HTTP request GET https://github.com/dotnet/sourcelink/blob/main/License
  info: System.Net.Http.HttpClient.NoLoggingHandler.ClientHandler[100]
        Sending HTTP request GET https://github.com/dotnet/sourcelink/blob/main/License
  info: System.Net.Http.HttpClient.NoLoggingHandler.ClientHandler[101]
        Received HTTP response headers after 30.4584ms - 404
  info: System.Net.Http.HttpClient.NoLoggingHandler.LogicalHandler[101]
        End processing HTTP request after 30.4882ms - 404
  info: System.Net.Http.HttpClient.NoLoggingHandler.LogicalHandler[100]
        Start processing HTTP request GET https://github.com/dotnet/sourcelink/blob/main/license.txt
  info: System.Net.Http.HttpClient.NoLoggingHandler.ClientHandler[100]
        Sending HTTP request GET https://github.com/dotnet/sourcelink/blob/main/license.txt
  info: System.Net.Http.HttpClient.NoLoggingHandler.ClientHandler[101]
        Received HTTP response headers after 28.2102ms - 404
  info: System.Net.Http.HttpClient.NoLoggingHandler.LogicalHandler[101]
        End processing HTTP request after 28.2307ms - 404
  info: System.Net.Http.HttpClient.NoLoggingHandler.LogicalHandler[100]
        Start processing HTTP request GET https://github.com/dotnet/sourcelink/blob/main/License.txt
  info: System.Net.Http.HttpClient.NoLoggingHandler.ClientHandler[100]
        Sending HTTP request GET https://github.com/dotnet/sourcelink/blob/main/License.txt
  info: System.Net.Http.HttpClient.NoLoggingHandler.ClientHandler[101]
        Received HTTP response headers after 31.6308ms - 404
  info: System.Net.Http.HttpClient.NoLoggingHandler.LogicalHandler[101]
        End processing HTTP request after 31.6734ms - 404
  info: System.Net.Http.HttpClient.NoLoggingHandler.LogicalHandler[100]
        Start processing HTTP request GET https://github.com/mmanela/diffplex/blob/main/License
  info: System.Net.Http.HttpClient.NoLoggingHandler.ClientHandler[100]
        Sending HTTP request GET https://github.com/mmanela/diffplex/blob/main/License
  info: System.Net.Http.HttpClient.NoLoggingHandler.ClientHandler[101]
        Received HTTP response headers after 30.3489ms - 404
  info: System.Net.Http.HttpClient.NoLoggingHandler.LogicalHandler[101]
        End processing HTTP request after 30.3792ms - 404
  info: System.Net.Http.HttpClient.NoLoggingHandler.LogicalHandler[100]
        Start processing HTTP request GET https://github.com/dotnet/sourcelink/blob/main/License
  info: System.Net.Http.HttpClient.NoLoggingHandler.ClientHandler[100]
        Sending HTTP request GET https://github.com/dotnet/sourcelink/blob/main/License
  info: System.Net.Http.HttpClient.NoLoggingHandler.ClientHandler[101]
        Received HTTP response headers after 36.1401ms - 404
  info: System.Net.Http.HttpClient.NoLoggingHandler.LogicalHandler[101]
        End processing HTTP request after 36.1646ms - 404
  info: System.Net.Http.HttpClient.NoLoggingHandler.LogicalHandler[100]
        Start processing HTTP request GET https://github.com/dotnet/sourcelink/blob/main/License.md
  info: System.Net.Http.HttpClient.NoLoggingHandler.ClientHandler[100]
        Sending HTTP request GET https://github.com/dotnet/sourcelink/blob/main/License.md
  info: System.Net.Http.HttpClient.NoLoggingHandler.ClientHandler[101]
        Received HTTP response headers after 29.5396ms - 200
  info: System.Net.Http.HttpClient.NoLoggingHandler.LogicalHandler[101]
        End processing HTTP request after 29.5728ms - 200
  info: System.Net.Http.HttpClient.Default.LogicalHandler[100]
        Start processing HTTP request GET https://raw.githubusercontent.com/dotnet/sourcelink/main/License.txt
  info: System.Net.Http.HttpClient.Default.ClientHandler[100]
        Sending HTTP request GET https://raw.githubusercontent.com/dotnet/sourcelink/main/License.txt
  info: System.Net.Http.HttpClient.NoLoggingHandler.ClientHandler[101]
        Received HTTP response headers after 30.68ms - 404
  info: System.Net.Http.HttpClient.NoLoggingHandler.LogicalHandler[101]
        End processing HTTP request after 30.7168ms - 404
  info: System.Net.Http.HttpClient.NoLoggingHandler.LogicalHandler[100]
        Start processing HTTP request GET https://github.com/mmanela/diffplex/blob/main/License.md
  info: System.Net.Http.HttpClient.NoLoggingHandler.ClientHandler[100]
        Sending HTTP request GET https://github.com/mmanela/diffplex/blob/main/License.md
  info: System.Net.Http.HttpClient.Default.ClientHandler[101]
        Received HTTP response headers after 21.6198ms - 200
  info: System.Net.Http.HttpClient.Default.LogicalHandler[101]
        End processing HTTP request after 21.6503ms - 200
  info: System.Net.Http.HttpClient.NoLoggingHandler.ClientHandler[101]
        Received HTTP response headers after 30.2376ms - 404
  info: System.Net.Http.HttpClient.NoLoggingHandler.LogicalHandler[101]
        End processing HTTP request after 30.2656ms - 404
  info: System.Net.Http.HttpClient.NoLoggingHandler.LogicalHandler[100]
        Start processing HTTP request GET https://github.com/dotnet/sourcelink/blob/main/License.md
  info: System.Net.Http.HttpClient.NoLoggingHandler.ClientHandler[100]
        Sending HTTP request GET https://github.com/dotnet/sourcelink/blob/main/License.md
  info: System.Net.Http.HttpClient.NoLoggingHandler.ClientHandler[101]
        Received HTTP response headers after 37.0682ms - 404
  info: System.Net.Http.HttpClient.NoLoggingHandler.LogicalHandler[101]
        End processing HTTP request after 37.1019ms - 404
  info: System.Net.Http.HttpClient.NoLoggingHandler.LogicalHandler[100]
        Start processing HTTP request GET https://github.com/dotnet/sourcelink/blob/main/License.txt
  info: System.Net.Http.HttpClient.NoLoggingHandler.ClientHandler[100]
        Sending HTTP request GET https://github.com/dotnet/sourcelink/blob/main/License.txt
  info: System.Net.Http.HttpClient.NoLoggingHandler.ClientHandler[101]
        Received HTTP response headers after 31.0994ms - 404
  info: System.Net.Http.HttpClient.NoLoggingHandler.LogicalHandler[101]
        End processing HTTP request after 31.1304ms - 404
  info: System.Net.Http.HttpClient.NoLoggingHandler.LogicalHandler[100]
        Start processing HTTP request GET https://github.com/mmanela/diffplex/blob/main/License.txt
  info: System.Net.Http.HttpClient.NoLoggingHandler.ClientHandler[100]
        Sending HTTP request GET https://github.com/mmanela/diffplex/blob/main/License.txt
  info: System.Net.Http.HttpClient.NoLoggingHandler.ClientHandler[101]
        Received HTTP response headers after 30.3523ms - 404
  info: System.Net.Http.HttpClient.NoLoggingHandler.LogicalHandler[101]
        End processing HTTP request after 30.3886ms - 404
  info: System.Net.Http.HttpClient.NoLoggingHandler.LogicalHandler[100]
        Start processing HTTP request GET https://github.com/dotnet/sourcelink/blob/main/License.txt
  info: System.Net.Http.HttpClient.NoLoggingHandler.ClientHandler[100]
        Sending HTTP request GET https://github.com/dotnet/sourcelink/blob/main/License.txt
  info: System.Net.Http.HttpClient.NoLoggingHandler.ClientHandler[101]
        Received HTTP response headers after 37.4632ms - 200
  info: System.Net.Http.HttpClient.NoLoggingHandler.LogicalHandler[101]
        End processing HTTP request after 37.5022ms - 200
  info: System.Net.Http.HttpClient.Default.LogicalHandler[100]
        Start processing HTTP request GET https://raw.githubusercontent.com/dotnet/sourcelink/main/License.txt
  info: System.Net.Http.HttpClient.Default.ClientHandler[100]
        Sending HTTP request GET https://raw.githubusercontent.com/dotnet/sourcelink/main/License.txt
  info: System.Net.Http.HttpClient.NoLoggingHandler.ClientHandler[101]
        Received HTTP response headers after 30.2493ms - 404
  info: System.Net.Http.HttpClient.NoLoggingHandler.LogicalHandler[101]
        End processing HTTP request after 30.2802ms - 404
  info: System.Net.Http.HttpClient.NoLoggingHandler.LogicalHandler[100]
        Start processing HTTP request GET https://github.com/mmanela/diffplex/blob/main/LICENSE.TXT
  info: System.Net.Http.HttpClient.NoLoggingHandler.ClientHandler[100]
        Sending HTTP request GET https://github.com/mmanela/diffplex/blob/main/LICENSE.TXT
  info: System.Net.Http.HttpClient.NoLoggingHandler.ClientHandler[101]
        Received HTTP response headers after 30.4444ms - 200
  info: System.Net.Http.HttpClient.NoLoggingHandler.LogicalHandler[101]
        End processing HTTP request after 30.4769ms - 200
  info: System.Net.Http.HttpClient.Default.LogicalHandler[100]
        Start processing HTTP request GET https://raw.githubusercontent.com/dotnet/sourcelink/main/License.txt
  info: System.Net.Http.HttpClient.Default.ClientHandler[100]
        Sending HTTP request GET https://raw.githubusercontent.com/dotnet/sourcelink/main/License.txt
  info: System.Net.Http.HttpClient.Default.ClientHandler[101]
        Received HTTP response headers after 22.2894ms - 200
  info: System.Net.Http.HttpClient.Default.LogicalHandler[101]
        End processing HTTP request after 22.3152ms - 200
  info: System.Net.Http.HttpClient.NoLoggingHandler.ClientHandler[101]
        Received HTTP response headers after 31.198ms - 404
  info: System.Net.Http.HttpClient.NoLoggingHandler.LogicalHandler[101]
        End processing HTTP request after 31.2486ms - 404
  info: System.Net.Http.HttpClient.Default.ClientHandler[101]
        Received HTTP response headers after 27.6537ms - 200
  info: System.Net.Http.HttpClient.Default.LogicalHandler[101]
        End processing HTTP request after 27.6833ms - 200
  info: System.Net.Http.HttpClient.NoLoggingHandler.LogicalHandler[100]
        Start processing HTTP request GET https://github.com/mmanela/diffplex/blob/master/LICENSE
  info: System.Net.Http.HttpClient.NoLoggingHandler.ClientHandler[100]
        Sending HTTP request GET https://github.com/mmanela/diffplex/blob/master/LICENSE
  info: System.Net.Http.HttpClient.NoLoggingHandler.ClientHandler[101]
        Received HTTP response headers after 30.9785ms - 404
  info: System.Net.Http.HttpClient.NoLoggingHandler.LogicalHandler[101]
        End processing HTTP request after 31.041ms - 404
  info: System.Net.Http.HttpClient.NoLoggingHandler.LogicalHandler[100]
        Start processing HTTP request GET https://github.com/mmanela/diffplex/blob/master/LICENSE.md
  info: System.Net.Http.HttpClient.NoLoggingHandler.ClientHandler[100]
        Sending HTTP request GET https://github.com/mmanela/diffplex/blob/master/LICENSE.md
  info: System.Net.Http.HttpClient.NoLoggingHandler.ClientHandler[101]
        Received HTTP response headers after 31.0743ms - 404
  info: System.Net.Http.HttpClient.NoLoggingHandler.LogicalHandler[101]
        End processing HTTP request after 31.1363ms - 404
  info: System.Net.Http.HttpClient.NoLoggingHandler.LogicalHandler[100]
        Start processing HTTP request GET https://github.com/mmanela/diffplex/blob/master/LICENSE.txt
  info: System.Net.Http.HttpClient.NoLoggingHandler.ClientHandler[100]
        Sending HTTP request GET https://github.com/mmanela/diffplex/blob/master/LICENSE.txt
  info: System.Net.Http.HttpClient.NoLoggingHandler.ClientHandler[101]
        Received HTTP response headers after 30.6513ms - 404
  info: System.Net.Http.HttpClient.NoLoggingHandler.LogicalHandler[101]
        End processing HTTP request after 30.7159ms - 404
  info: System.Net.Http.HttpClient.NoLoggingHandler.LogicalHandler[100]
        Start processing HTTP request GET https://github.com/mmanela/diffplex/blob/master/license
  info: System.Net.Http.HttpClient.NoLoggingHandler.ClientHandler[100]
        Sending HTTP request GET https://github.com/mmanela/diffplex/blob/master/license
  info: System.Net.Http.HttpClient.NoLoggingHandler.ClientHandler[101]
        Received HTTP response headers after 30.6035ms - 404
  info: System.Net.Http.HttpClient.NoLoggingHandler.LogicalHandler[101]
        End processing HTTP request after 30.6611ms - 404
  info: System.Net.Http.HttpClient.NoLoggingHandler.LogicalHandler[100]
        Start processing HTTP request GET https://github.com/mmanela/diffplex/blob/master/license.md
  info: System.Net.Http.HttpClient.NoLoggingHandler.ClientHandler[100]
        Sending HTTP request GET https://github.com/mmanela/diffplex/blob/master/license.md
  info: System.Net.Http.HttpClient.NoLoggingHandler.ClientHandler[101]
        Received HTTP response headers after 30.544ms - 404
  info: System.Net.Http.HttpClient.NoLoggingHandler.LogicalHandler[101]
        End processing HTTP request after 30.5973ms - 404
  info: System.Net.Http.HttpClient.NoLoggingHandler.LogicalHandler[100]
        Start processing HTTP request GET https://github.com/mmanela/diffplex/blob/master/license.txt
  info: System.Net.Http.HttpClient.NoLoggingHandler.ClientHandler[100]
        Sending HTTP request GET https://github.com/mmanela/diffplex/blob/master/license.txt
  info: System.Net.Http.HttpClient.NoLoggingHandler.ClientHandler[101]
        Received HTTP response headers after 30.3925ms - 404
  info: System.Net.Http.HttpClient.NoLoggingHandler.LogicalHandler[101]
        End processing HTTP request after 30.4346ms - 404
  info: System.Net.Http.HttpClient.NoLoggingHandler.LogicalHandler[100]
        Start processing HTTP request GET https://github.com/mmanela/diffplex/blob/master/License
  info: System.Net.Http.HttpClient.NoLoggingHandler.ClientHandler[100]
        Sending HTTP request GET https://github.com/mmanela/diffplex/blob/master/License
  info: System.Net.Http.HttpClient.NoLoggingHandler.ClientHandler[101]
        Received HTTP response headers after 30.4042ms - 404
  info: System.Net.Http.HttpClient.NoLoggingHandler.LogicalHandler[101]
        End processing HTTP request after 30.4484ms - 404
  info: System.Net.Http.HttpClient.NoLoggingHandler.LogicalHandler[100]
        Start processing HTTP request GET https://github.com/mmanela/diffplex/blob/master/License.md
  info: System.Net.Http.HttpClient.NoLoggingHandler.ClientHandler[100]
        Sending HTTP request GET https://github.com/mmanela/diffplex/blob/master/License.md
  info: System.Net.Http.HttpClient.NoLoggingHandler.ClientHandler[101]
        Received HTTP response headers after 30.8317ms - 404
  info: System.Net.Http.HttpClient.NoLoggingHandler.LogicalHandler[101]
        End processing HTTP request after 30.8741ms - 404
  info: System.Net.Http.HttpClient.NoLoggingHandler.LogicalHandler[100]
        Start processing HTTP request GET https://github.com/mmanela/diffplex/blob/master/License.txt
  info: System.Net.Http.HttpClient.NoLoggingHandler.ClientHandler[100]
        Sending HTTP request GET https://github.com/mmanela/diffplex/blob/master/License.txt
  info: System.Net.Http.HttpClient.NoLoggingHandler.ClientHandler[101]
        Received HTTP response headers after 32.1069ms - 200
  info: System.Net.Http.HttpClient.NoLoggingHandler.LogicalHandler[101]
        End processing HTTP request after 32.1583ms - 200
  info: System.Net.Http.HttpClient.Default.LogicalHandler[100]
        Start processing HTTP request GET https://raw.githubusercontent.com/mmanela/diffplex/master/License.txt
  info: System.Net.Http.HttpClient.Default.ClientHandler[100]
        Sending HTTP request GET https://raw.githubusercontent.com/mmanela/diffplex/master/License.txt
  info: System.Net.Http.HttpClient.Default.ClientHandler[101]
        Received HTTP response headers after 25.6388ms - 200
  info: System.Net.Http.HttpClient.Default.LogicalHandler[101]
        End processing HTTP request after 25.6903ms - 200
  info: Musoq.Cloud.LicensesGatherer.LicenseGatherer[0]
        Saved 11 licenses from 11 packages
  info: Musoq.Cloud.LicensesGatherer.LicenseGatherer[0]
        License texts saved in: D:\repos\Musoq.DataSources\.builds\license-refresh\Musoq.DataSources.FlatFile\snapshot\third-party-notices
[SNAPSHOT] package=Musoq.DataSources.FlatFile packages=10 files=12 manifest_sha256=fb9fe2134a746c988a47dcab549209c05f3f592473a6936b1fea6eec23ffbc40 source=checked-in
[UPDATED] License snapshot 'Musoq.DataSources.FlatFile'
Refreshing license snapshot: Musoq.DataSources.Git
  info: Musoq.Cloud.LicensesGatherer.LicenseGatherer[0]
        Starting license gathering for: D:\repos\Musoq.DataSources\Musoq.DataSources.Git\Musoq.DataSources.Git.csproj
  info: Musoq.Cloud.LicensesGatherer.LicenseGatherer[0]
        Output folder: D:\repos\Musoq.DataSources\.builds\license-refresh\Musoq.DataSources.Git\snapshot\third-party-notices
  info: Musoq.Cloud.LicensesGatherer.LicenseGatherer[0]
        Loaded 12 manual link overrides
  info: Musoq.Cloud.LicensesGatherer.LicenseGatherer[0]
        Loaded 0 cached links
  info: Musoq.Cloud.LicensesGatherer.LicenseGatherer[0]
        Found 9 packages to process
  info: Musoq.Cloud.LicensesGatherer.LicenseGatherer[0]
        After filtering runtime packages: 9 packages
  info: System.Net.Http.HttpClient.NoLoggingHandler.LogicalHandler[100]
        Start processing HTTP request GET https://github.com/mmanela/diffplex/blob/main/LICENSE
  info: System.Net.Http.HttpClient.NoLoggingHandler.LogicalHandler[100]
        Start processing HTTP request GET https://github.com/libgit2/libgit2sharp.nativebinaries/blob/main/LICENSE
  info: System.Net.Http.HttpClient.NoLoggingHandler.LogicalHandler[100]
        Start processing HTTP request GET https://github.com/libgit2/libgit2sharp/blob/main/LICENSE
  info: System.Net.Http.HttpClient.Default.LogicalHandler[100]
        Start processing HTTP request GET https://raw.githubusercontent.com/DanHarltey/Fastenshtein/master/LICENSE
  info: System.Net.Http.HttpClient.NoLoggingHandler.ClientHandler[100]
        Sending HTTP request GET https://github.com/mmanela/diffplex/blob/main/LICENSE
  info: System.Net.Http.HttpClient.NoLoggingHandler.ClientHandler[100]
        Sending HTTP request GET https://github.com/libgit2/libgit2sharp/blob/main/LICENSE
  info: System.Net.Http.HttpClient.NoLoggingHandler.ClientHandler[100]
        Sending HTTP request GET https://github.com/libgit2/libgit2sharp.nativebinaries/blob/main/LICENSE
  info: System.Net.Http.HttpClient.Default.ClientHandler[100]
        Sending HTTP request GET https://raw.githubusercontent.com/DanHarltey/Fastenshtein/master/LICENSE
  info: System.Net.Http.HttpClient.Default.ClientHandler[101]
        Received HTTP response headers after 116.2699ms - 200
  info: System.Net.Http.HttpClient.Default.LogicalHandler[101]
        End processing HTTP request after 123.3066ms - 200
  info: System.Net.Http.HttpClient.Default.LogicalHandler[100]
        Start processing HTTP request GET https://raw.githubusercontent.com/dotnet/runtime/main/LICENSE.TXT
  info: System.Net.Http.HttpClient.Default.ClientHandler[100]
        Sending HTTP request GET https://raw.githubusercontent.com/dotnet/runtime/main/LICENSE.TXT
  info: System.Net.Http.HttpClient.NoLoggingHandler.ClientHandler[101]
        Received HTTP response headers after 128.5486ms - 404
  info: System.Net.Http.HttpClient.NoLoggingHandler.LogicalHandler[101]
        End processing HTTP request after 132.2026ms - 404
  info: System.Net.Http.HttpClient.Default.ClientHandler[101]
        Received HTTP response headers after 22.8817ms - 200
  info: System.Net.Http.HttpClient.Default.LogicalHandler[101]
        End processing HTTP request after 22.9529ms - 200
  info: System.Net.Http.HttpClient.Default.LogicalHandler[100]
        Start processing HTTP request GET https://raw.githubusercontent.com/dotnet/runtime/main/LICENSE.TXT
  info: System.Net.Http.HttpClient.Default.ClientHandler[100]
        Sending HTTP request GET https://raw.githubusercontent.com/dotnet/runtime/main/LICENSE.TXT
  info: System.Net.Http.HttpClient.Default.ClientHandler[101]
        Received HTTP response headers after 22.5358ms - 200
  info: System.Net.Http.HttpClient.Default.LogicalHandler[101]
        End processing HTTP request after 22.6014ms - 200
  info: System.Net.Http.HttpClient.NoLoggingHandler.LogicalHandler[100]
        Start processing HTTP request GET https://github.com/mmanela/diffplex/blob/main/LICENSE.md
  info: System.Net.Http.HttpClient.NoLoggingHandler.ClientHandler[100]
        Sending HTTP request GET https://github.com/mmanela/diffplex/blob/main/LICENSE.md
  info: System.Net.Http.HttpClient.NoLoggingHandler.ClientHandler[101]
        Received HTTP response headers after 30.8989ms - 404
  info: System.Net.Http.HttpClient.NoLoggingHandler.LogicalHandler[101]
        End processing HTTP request after 30.9979ms - 404
  info: System.Net.Http.HttpClient.NoLoggingHandler.LogicalHandler[100]
        Start processing HTTP request GET https://github.com/mmanela/diffplex/blob/main/LICENSE.txt
  info: System.Net.Http.HttpClient.NoLoggingHandler.ClientHandler[100]
        Sending HTTP request GET https://github.com/mmanela/diffplex/blob/main/LICENSE.txt
  info: System.Net.Http.HttpClient.NoLoggingHandler.ClientHandler[101]
        Received HTTP response headers after 30.6749ms - 404
  info: System.Net.Http.HttpClient.NoLoggingHandler.LogicalHandler[101]
        End processing HTTP request after 30.7336ms - 404
  info: System.Net.Http.HttpClient.NoLoggingHandler.LogicalHandler[100]
        Start processing HTTP request GET https://github.com/mmanela/diffplex/blob/main/license
  info: System.Net.Http.HttpClient.NoLoggingHandler.ClientHandler[100]
        Sending HTTP request GET https://github.com/mmanela/diffplex/blob/main/license
  info: System.Net.Http.HttpClient.NoLoggingHandler.ClientHandler[101]
        Received HTTP response headers after 31.3517ms - 404
  info: System.Net.Http.HttpClient.NoLoggingHandler.LogicalHandler[101]
        End processing HTTP request after 31.4115ms - 404
  info: System.Net.Http.HttpClient.NoLoggingHandler.LogicalHandler[100]
        Start processing HTTP request GET https://github.com/mmanela/diffplex/blob/main/license.md
  info: System.Net.Http.HttpClient.NoLoggingHandler.ClientHandler[100]
        Sending HTTP request GET https://github.com/mmanela/diffplex/blob/main/license.md
  info: System.Net.Http.HttpClient.NoLoggingHandler.ClientHandler[101]
        Received HTTP response headers after 30.7693ms - 404
  info: System.Net.Http.HttpClient.NoLoggingHandler.LogicalHandler[101]
        End processing HTTP request after 30.8362ms - 404
  info: System.Net.Http.HttpClient.NoLoggingHandler.LogicalHandler[100]
        Start processing HTTP request GET https://github.com/mmanela/diffplex/blob/main/license.txt
  info: System.Net.Http.HttpClient.NoLoggingHandler.ClientHandler[100]
        Sending HTTP request GET https://github.com/mmanela/diffplex/blob/main/license.txt
  info: System.Net.Http.HttpClient.NoLoggingHandler.ClientHandler[101]
        Received HTTP response headers after 31.7151ms - 404
  info: System.Net.Http.HttpClient.NoLoggingHandler.LogicalHandler[101]
        End processing HTTP request after 31.7834ms - 404
  info: System.Net.Http.HttpClient.NoLoggingHandler.LogicalHandler[100]
        Start processing HTTP request GET https://github.com/mmanela/diffplex/blob/main/License
  info: System.Net.Http.HttpClient.NoLoggingHandler.ClientHandler[100]
        Sending HTTP request GET https://github.com/mmanela/diffplex/blob/main/License
  info: System.Net.Http.HttpClient.NoLoggingHandler.ClientHandler[101]
        Received HTTP response headers after 31.0264ms - 404
  info: System.Net.Http.HttpClient.NoLoggingHandler.LogicalHandler[101]
        End processing HTTP request after 31.0845ms - 404
  info: System.Net.Http.HttpClient.NoLoggingHandler.LogicalHandler[100]
        Start processing HTTP request GET https://github.com/mmanela/diffplex/blob/main/License.md
  info: System.Net.Http.HttpClient.NoLoggingHandler.ClientHandler[100]
        Sending HTTP request GET https://github.com/mmanela/diffplex/blob/main/License.md
  info: System.Net.Http.HttpClient.NoLoggingHandler.ClientHandler[101]
        Received HTTP response headers after 30.9083ms - 404
  info: System.Net.Http.HttpClient.NoLoggingHandler.LogicalHandler[101]
        End processing HTTP request after 30.9487ms - 404
  info: System.Net.Http.HttpClient.NoLoggingHandler.LogicalHandler[100]
        Start processing HTTP request GET https://github.com/mmanela/diffplex/blob/main/License.txt
  info: System.Net.Http.HttpClient.NoLoggingHandler.ClientHandler[100]
        Sending HTTP request GET https://github.com/mmanela/diffplex/blob/main/License.txt
  info: System.Net.Http.HttpClient.NoLoggingHandler.ClientHandler[101]
        Received HTTP response headers after 30.1985ms - 404
  info: System.Net.Http.HttpClient.NoLoggingHandler.LogicalHandler[101]
        End processing HTTP request after 30.2525ms - 404
  info: System.Net.Http.HttpClient.NoLoggingHandler.LogicalHandler[100]
        Start processing HTTP request GET https://github.com/mmanela/diffplex/blob/main/LICENSE.TXT
  info: System.Net.Http.HttpClient.NoLoggingHandler.ClientHandler[100]
        Sending HTTP request GET https://github.com/mmanela/diffplex/blob/main/LICENSE.TXT
  info: System.Net.Http.HttpClient.NoLoggingHandler.ClientHandler[101]
        Received HTTP response headers after 487.386ms - 404
  info: System.Net.Http.HttpClient.NoLoggingHandler.LogicalHandler[101]
        End processing HTTP request after 491.0371ms - 404
  info: System.Net.Http.HttpClient.NoLoggingHandler.ClientHandler[101]
        Received HTTP response headers after 30.6404ms - 404
  info: System.Net.Http.HttpClient.NoLoggingHandler.LogicalHandler[101]
        End processing HTTP request after 30.684ms - 404
  info: System.Net.Http.HttpClient.NoLoggingHandler.LogicalHandler[100]
        Start processing HTTP request GET https://github.com/mmanela/diffplex/blob/master/LICENSE
  info: System.Net.Http.HttpClient.NoLoggingHandler.ClientHandler[100]
        Sending HTTP request GET https://github.com/mmanela/diffplex/blob/master/LICENSE
  info: System.Net.Http.HttpClient.NoLoggingHandler.ClientHandler[101]
        Received HTTP response headers after 502.9213ms - 404
  info: System.Net.Http.HttpClient.NoLoggingHandler.LogicalHandler[101]
        End processing HTTP request after 506.5759ms - 404
  info: System.Net.Http.HttpClient.NoLoggingHandler.ClientHandler[101]
        Received HTTP response headers after 30.6894ms - 404
  info: System.Net.Http.HttpClient.NoLoggingHandler.LogicalHandler[101]
        End processing HTTP request after 30.7412ms - 404
  info: System.Net.Http.HttpClient.NoLoggingHandler.LogicalHandler[100]
        Start processing HTTP request GET https://github.com/mmanela/diffplex/blob/master/LICENSE.md
  info: System.Net.Http.HttpClient.NoLoggingHandler.ClientHandler[100]
        Sending HTTP request GET https://github.com/mmanela/diffplex/blob/master/LICENSE.md
  info: System.Net.Http.HttpClient.NoLoggingHandler.ClientHandler[101]
        Received HTTP response headers after 30.4661ms - 404
  info: System.Net.Http.HttpClient.NoLoggingHandler.LogicalHandler[101]
        End processing HTTP request after 30.5104ms - 404
  info: System.Net.Http.HttpClient.NoLoggingHandler.LogicalHandler[100]
        Start processing HTTP request GET https://github.com/mmanela/diffplex/blob/master/LICENSE.txt
  info: System.Net.Http.HttpClient.NoLoggingHandler.ClientHandler[100]
        Sending HTTP request GET https://github.com/mmanela/diffplex/blob/master/LICENSE.txt
  info: System.Net.Http.HttpClient.NoLoggingHandler.LogicalHandler[100]
        Start processing HTTP request GET https://github.com/libgit2/libgit2sharp/blob/main/LICENSE.md
  info: System.Net.Http.HttpClient.NoLoggingHandler.ClientHandler[100]
        Sending HTTP request GET https://github.com/libgit2/libgit2sharp/blob/main/LICENSE.md
  info: System.Net.Http.HttpClient.NoLoggingHandler.ClientHandler[101]
        Received HTTP response headers after 30.6118ms - 404
  info: System.Net.Http.HttpClient.NoLoggingHandler.LogicalHandler[101]
        End processing HTTP request after 30.648ms - 404
  info: System.Net.Http.HttpClient.NoLoggingHandler.LogicalHandler[100]
        Start processing HTTP request GET https://github.com/mmanela/diffplex/blob/master/license
  info: System.Net.Http.HttpClient.NoLoggingHandler.ClientHandler[100]
        Sending HTTP request GET https://github.com/mmanela/diffplex/blob/master/license
  info: System.Net.Http.HttpClient.NoLoggingHandler.LogicalHandler[100]
        Start processing HTTP request GET https://github.com/libgit2/libgit2sharp.nativebinaries/blob/main/LICENSE.md
  info: System.Net.Http.HttpClient.NoLoggingHandler.ClientHandler[100]
        Sending HTTP request GET https://github.com/libgit2/libgit2sharp.nativebinaries/blob/main/LICENSE.md
  info: System.Net.Http.HttpClient.NoLoggingHandler.ClientHandler[101]
        Received HTTP response headers after 30.6181ms - 404
  info: System.Net.Http.HttpClient.NoLoggingHandler.LogicalHandler[101]
        End processing HTTP request after 30.6493ms - 404
  info: System.Net.Http.HttpClient.NoLoggingHandler.LogicalHandler[100]
        Start processing HTTP request GET https://github.com/mmanela/diffplex/blob/master/license.md
  info: System.Net.Http.HttpClient.NoLoggingHandler.ClientHandler[100]
        Sending HTTP request GET https://github.com/mmanela/diffplex/blob/master/license.md
  info: System.Net.Http.HttpClient.NoLoggingHandler.ClientHandler[101]
        Received HTTP response headers after 30.0282ms - 404
  info: System.Net.Http.HttpClient.NoLoggingHandler.LogicalHandler[101]
        End processing HTTP request after 30.0634ms - 404
  info: System.Net.Http.HttpClient.NoLoggingHandler.LogicalHandler[100]
        Start processing HTTP request GET https://github.com/mmanela/diffplex/blob/master/license.txt
  info: System.Net.Http.HttpClient.NoLoggingHandler.ClientHandler[100]
        Sending HTTP request GET https://github.com/mmanela/diffplex/blob/master/license.txt
  info: System.Net.Http.HttpClient.NoLoggingHandler.ClientHandler[101]
        Received HTTP response headers after 30.5232ms - 404
  info: System.Net.Http.HttpClient.NoLoggingHandler.LogicalHandler[101]
        End processing HTTP request after 30.5844ms - 404
  info: System.Net.Http.HttpClient.NoLoggingHandler.LogicalHandler[100]
        Start processing HTTP request GET https://github.com/mmanela/diffplex/blob/master/License
  info: System.Net.Http.HttpClient.NoLoggingHandler.ClientHandler[100]
        Sending HTTP request GET https://github.com/mmanela/diffplex/blob/master/License
  info: System.Net.Http.HttpClient.NoLoggingHandler.ClientHandler[101]
        Received HTTP response headers after 30.3672ms - 404
  info: System.Net.Http.HttpClient.NoLoggingHandler.LogicalHandler[101]
        End processing HTTP request after 30.4117ms - 404
  info: System.Net.Http.HttpClient.NoLoggingHandler.LogicalHandler[100]
        Start processing HTTP request GET https://github.com/mmanela/diffplex/blob/master/License.md
  info: System.Net.Http.HttpClient.NoLoggingHandler.ClientHandler[100]
        Sending HTTP request GET https://github.com/mmanela/diffplex/blob/master/License.md
  info: System.Net.Http.HttpClient.NoLoggingHandler.ClientHandler[101]
        Received HTTP response headers after 30.7416ms - 404
  info: System.Net.Http.HttpClient.NoLoggingHandler.LogicalHandler[101]
        End processing HTTP request after 30.779ms - 404
  info: System.Net.Http.HttpClient.NoLoggingHandler.LogicalHandler[100]
        Start processing HTTP request GET https://github.com/mmanela/diffplex/blob/master/License.txt
  info: System.Net.Http.HttpClient.NoLoggingHandler.ClientHandler[100]
        Sending HTTP request GET https://github.com/mmanela/diffplex/blob/master/License.txt
  info: System.Net.Http.HttpClient.NoLoggingHandler.ClientHandler[101]
        Received HTTP response headers after 30.2997ms - 200
  info: System.Net.Http.HttpClient.NoLoggingHandler.LogicalHandler[101]
        End processing HTTP request after 30.3397ms - 200
  info: System.Net.Http.HttpClient.Default.LogicalHandler[100]
        Start processing HTTP request GET https://raw.githubusercontent.com/mmanela/diffplex/master/License.txt
  info: System.Net.Http.HttpClient.Default.ClientHandler[100]
        Sending HTTP request GET https://raw.githubusercontent.com/mmanela/diffplex/master/License.txt
  info: System.Net.Http.HttpClient.Default.ClientHandler[101]
        Received HTTP response headers after 23.1276ms - 200
  info: System.Net.Http.HttpClient.Default.LogicalHandler[101]
        End processing HTTP request after 23.1797ms - 200
  info: System.Net.Http.HttpClient.NoLoggingHandler.ClientHandler[101]
        Received HTTP response headers after 319.911ms - 404
  info: System.Net.Http.HttpClient.NoLoggingHandler.LogicalHandler[101]
        End processing HTTP request after 319.9661ms - 404
  info: System.Net.Http.HttpClient.NoLoggingHandler.LogicalHandler[100]
        Start processing HTTP request GET https://github.com/libgit2/libgit2sharp.nativebinaries/blob/main/LICENSE.txt
  info: System.Net.Http.HttpClient.NoLoggingHandler.ClientHandler[100]
        Sending HTTP request GET https://github.com/libgit2/libgit2sharp.nativebinaries/blob/main/LICENSE.txt
  info: System.Net.Http.HttpClient.NoLoggingHandler.ClientHandler[101]
        Received HTTP response headers after 351.3216ms - 404
  info: System.Net.Http.HttpClient.NoLoggingHandler.LogicalHandler[101]
        End processing HTTP request after 351.3719ms - 404
  info: System.Net.Http.HttpClient.NoLoggingHandler.LogicalHandler[100]
        Start processing HTTP request GET https://github.com/libgit2/libgit2sharp/blob/main/LICENSE.txt
  info: System.Net.Http.HttpClient.NoLoggingHandler.ClientHandler[100]
        Sending HTTP request GET https://github.com/libgit2/libgit2sharp/blob/main/LICENSE.txt
  info: System.Net.Http.HttpClient.NoLoggingHandler.ClientHandler[101]
        Received HTTP response headers after 373.4154ms - 404
  info: System.Net.Http.HttpClient.NoLoggingHandler.LogicalHandler[101]
        End processing HTTP request after 373.5356ms - 404
  info: System.Net.Http.HttpClient.NoLoggingHandler.LogicalHandler[100]
        Start processing HTTP request GET https://github.com/libgit2/libgit2sharp.nativebinaries/blob/main/license
  info: System.Net.Http.HttpClient.NoLoggingHandler.ClientHandler[100]
        Sending HTTP request GET https://github.com/libgit2/libgit2sharp.nativebinaries/blob/main/license
  info: System.Net.Http.HttpClient.NoLoggingHandler.ClientHandler[101]
        Received HTTP response headers after 377.4188ms - 404
  info: System.Net.Http.HttpClient.NoLoggingHandler.LogicalHandler[101]
        End processing HTTP request after 377.4701ms - 404
  info: System.Net.Http.HttpClient.NoLoggingHandler.LogicalHandler[100]
        Start processing HTTP request GET https://github.com/libgit2/libgit2sharp/blob/main/license
  info: System.Net.Http.HttpClient.NoLoggingHandler.ClientHandler[100]
        Sending HTTP request GET https://github.com/libgit2/libgit2sharp/blob/main/license
  info: System.Net.Http.HttpClient.NoLoggingHandler.ClientHandler[101]
        Received HTTP response headers after 364.414ms - 404
  info: System.Net.Http.HttpClient.NoLoggingHandler.LogicalHandler[101]
        End processing HTTP request after 364.4883ms - 404
  info: System.Net.Http.HttpClient.NoLoggingHandler.LogicalHandler[100]
        Start processing HTTP request GET https://github.com/libgit2/libgit2sharp.nativebinaries/blob/main/license.md
  info: System.Net.Http.HttpClient.NoLoggingHandler.ClientHandler[100]
        Sending HTTP request GET https://github.com/libgit2/libgit2sharp.nativebinaries/blob/main/license.md
  info: System.Net.Http.HttpClient.NoLoggingHandler.ClientHandler[101]
        Received HTTP response headers after 489.1051ms - 404
  info: System.Net.Http.HttpClient.NoLoggingHandler.LogicalHandler[101]
        End processing HTTP request after 489.1706ms - 404
  info: System.Net.Http.HttpClient.NoLoggingHandler.LogicalHandler[100]
        Start processing HTTP request GET https://github.com/libgit2/libgit2sharp/blob/main/license.md
  info: System.Net.Http.HttpClient.NoLoggingHandler.ClientHandler[100]
        Sending HTTP request GET https://github.com/libgit2/libgit2sharp/blob/main/license.md
  info: System.Net.Http.HttpClient.NoLoggingHandler.ClientHandler[101]
        Received HTTP response headers after 342.6833ms - 404
  info: System.Net.Http.HttpClient.NoLoggingHandler.LogicalHandler[101]
        End processing HTTP request after 342.7533ms - 404
  info: System.Net.Http.HttpClient.NoLoggingHandler.LogicalHandler[100]
        Start processing HTTP request GET https://github.com/libgit2/libgit2sharp.nativebinaries/blob/main/license.txt
  info: System.Net.Http.HttpClient.NoLoggingHandler.ClientHandler[100]
        Sending HTTP request GET https://github.com/libgit2/libgit2sharp.nativebinaries/blob/main/license.txt
  info: System.Net.Http.HttpClient.NoLoggingHandler.ClientHandler[101]
        Received HTTP response headers after 401.1772ms - 404
  info: System.Net.Http.HttpClient.NoLoggingHandler.LogicalHandler[101]
        End processing HTTP request after 401.2373ms - 404
  info: System.Net.Http.HttpClient.NoLoggingHandler.LogicalHandler[100]
        Start processing HTTP request GET https://github.com/libgit2/libgit2sharp/blob/main/license.txt
  info: System.Net.Http.HttpClient.NoLoggingHandler.ClientHandler[100]
        Sending HTTP request GET https://github.com/libgit2/libgit2sharp/blob/main/license.txt
  info: System.Net.Http.HttpClient.NoLoggingHandler.ClientHandler[101]
        Received HTTP response headers after 374.8873ms - 404
  info: System.Net.Http.HttpClient.NoLoggingHandler.LogicalHandler[101]
        End processing HTTP request after 374.9608ms - 404
  info: System.Net.Http.HttpClient.NoLoggingHandler.LogicalHandler[100]
        Start processing HTTP request GET https://github.com/libgit2/libgit2sharp.nativebinaries/blob/main/License
  info: System.Net.Http.HttpClient.NoLoggingHandler.ClientHandler[100]
        Sending HTTP request GET https://github.com/libgit2/libgit2sharp.nativebinaries/blob/main/License
  info: System.Net.Http.HttpClient.NoLoggingHandler.ClientHandler[101]
        Received HTTP response headers after 364.2043ms - 404
  info: System.Net.Http.HttpClient.NoLoggingHandler.LogicalHandler[101]
        End processing HTTP request after 364.2725ms - 404
  info: System.Net.Http.HttpClient.NoLoggingHandler.LogicalHandler[100]
        Start processing HTTP request GET https://github.com/libgit2/libgit2sharp/blob/main/License
  info: System.Net.Http.HttpClient.NoLoggingHandler.ClientHandler[100]
        Sending HTTP request GET https://github.com/libgit2/libgit2sharp/blob/main/License
  info: System.Net.Http.HttpClient.NoLoggingHandler.ClientHandler[101]
        Received HTTP response headers after 345.4786ms - 404
  info: System.Net.Http.HttpClient.NoLoggingHandler.LogicalHandler[101]
        End processing HTTP request after 345.5305ms - 404
  info: System.Net.Http.HttpClient.NoLoggingHandler.LogicalHandler[100]
        Start processing HTTP request GET https://github.com/libgit2/libgit2sharp.nativebinaries/blob/main/License.md
  info: System.Net.Http.HttpClient.NoLoggingHandler.ClientHandler[100]
        Sending HTTP request GET https://github.com/libgit2/libgit2sharp.nativebinaries/blob/main/License.md
  info: System.Net.Http.HttpClient.NoLoggingHandler.ClientHandler[101]
        Received HTTP response headers after 334.2089ms - 404
  info: System.Net.Http.HttpClient.NoLoggingHandler.LogicalHandler[101]
        End processing HTTP request after 334.2833ms - 404
  info: System.Net.Http.HttpClient.NoLoggingHandler.LogicalHandler[100]
        Start processing HTTP request GET https://github.com/libgit2/libgit2sharp/blob/main/License.md
  info: System.Net.Http.HttpClient.NoLoggingHandler.ClientHandler[100]
        Sending HTTP request GET https://github.com/libgit2/libgit2sharp/blob/main/License.md
  info: System.Net.Http.HttpClient.NoLoggingHandler.ClientHandler[101]
        Received HTTP response headers after 338.2195ms - 404
  info: System.Net.Http.HttpClient.NoLoggingHandler.LogicalHandler[101]
        End processing HTTP request after 338.2725ms - 404
  info: System.Net.Http.HttpClient.NoLoggingHandler.LogicalHandler[100]
        Start processing HTTP request GET https://github.com/libgit2/libgit2sharp.nativebinaries/blob/main/License.txt
  info: System.Net.Http.HttpClient.NoLoggingHandler.ClientHandler[100]
        Sending HTTP request GET https://github.com/libgit2/libgit2sharp.nativebinaries/blob/main/License.txt
  info: System.Net.Http.HttpClient.NoLoggingHandler.ClientHandler[101]
        Received HTTP response headers after 396.4357ms - 404
  info: System.Net.Http.HttpClient.NoLoggingHandler.LogicalHandler[101]
        End processing HTTP request after 396.4947ms - 404
  info: System.Net.Http.HttpClient.NoLoggingHandler.LogicalHandler[100]
        Start processing HTTP request GET https://github.com/libgit2/libgit2sharp/blob/main/License.txt
  info: System.Net.Http.HttpClient.NoLoggingHandler.ClientHandler[100]
        Sending HTTP request GET https://github.com/libgit2/libgit2sharp/blob/main/License.txt
  info: System.Net.Http.HttpClient.NoLoggingHandler.ClientHandler[101]
        Received HTTP response headers after 362.5491ms - 404
  info: System.Net.Http.HttpClient.NoLoggingHandler.LogicalHandler[101]
        End processing HTTP request after 362.6077ms - 404
  info: System.Net.Http.HttpClient.NoLoggingHandler.LogicalHandler[100]
        Start processing HTTP request GET https://github.com/libgit2/libgit2sharp.nativebinaries/blob/main/LICENSE.TXT
  info: System.Net.Http.HttpClient.NoLoggingHandler.ClientHandler[100]
        Sending HTTP request GET https://github.com/libgit2/libgit2sharp.nativebinaries/blob/main/LICENSE.TXT
  info: System.Net.Http.HttpClient.NoLoggingHandler.ClientHandler[101]
        Received HTTP response headers after 344.6836ms - 404
  info: System.Net.Http.HttpClient.NoLoggingHandler.LogicalHandler[101]
        End processing HTTP request after 344.7359ms - 404
  info: System.Net.Http.HttpClient.NoLoggingHandler.LogicalHandler[100]
        Start processing HTTP request GET https://github.com/libgit2/libgit2sharp/blob/main/LICENSE.TXT
  info: System.Net.Http.HttpClient.NoLoggingHandler.ClientHandler[100]
        Sending HTTP request GET https://github.com/libgit2/libgit2sharp/blob/main/LICENSE.TXT
  info: System.Net.Http.HttpClient.NoLoggingHandler.ClientHandler[101]
        Received HTTP response headers after 361.5599ms - 404
  info: System.Net.Http.HttpClient.NoLoggingHandler.LogicalHandler[101]
        End processing HTTP request after 361.6248ms - 404
  info: System.Net.Http.HttpClient.NoLoggingHandler.LogicalHandler[100]
        Start processing HTTP request GET https://github.com/libgit2/libgit2sharp.nativebinaries/blob/master/LICENSE
  info: System.Net.Http.HttpClient.NoLoggingHandler.ClientHandler[100]
        Sending HTTP request GET https://github.com/libgit2/libgit2sharp.nativebinaries/blob/master/LICENSE
  info: System.Net.Http.HttpClient.NoLoggingHandler.ClientHandler[101]
        Received HTTP response headers after 362.9703ms - 404
  info: System.Net.Http.HttpClient.NoLoggingHandler.LogicalHandler[101]
        End processing HTTP request after 363.0158ms - 404
  info: System.Net.Http.HttpClient.NoLoggingHandler.LogicalHandler[100]
        Start processing HTTP request GET https://github.com/libgit2/libgit2sharp/blob/master/LICENSE
  info: System.Net.Http.HttpClient.NoLoggingHandler.ClientHandler[100]
        Sending HTTP request GET https://github.com/libgit2/libgit2sharp/blob/master/LICENSE
  info: System.Net.Http.HttpClient.NoLoggingHandler.ClientHandler[101]
        Received HTTP response headers after 401.0151ms - 404
  info: System.Net.Http.HttpClient.NoLoggingHandler.LogicalHandler[101]
        End processing HTTP request after 401.0648ms - 404
  info: System.Net.Http.HttpClient.NoLoggingHandler.LogicalHandler[100]
        Start processing HTTP request GET https://github.com/libgit2/libgit2sharp.nativebinaries/blob/master/LICENSE.md
  info: System.Net.Http.HttpClient.NoLoggingHandler.ClientHandler[100]
        Sending HTTP request GET https://github.com/libgit2/libgit2sharp.nativebinaries/blob/master/LICENSE.md
  info: System.Net.Http.HttpClient.NoLoggingHandler.ClientHandler[101]
        Received HTTP response headers after 353.2754ms - 404
  info: System.Net.Http.HttpClient.NoLoggingHandler.LogicalHandler[101]
        End processing HTTP request after 353.3195ms - 404
  info: System.Net.Http.HttpClient.NoLoggingHandler.LogicalHandler[100]
        Start processing HTTP request GET https://github.com/libgit2/libgit2sharp/blob/master/LICENSE.md
  info: System.Net.Http.HttpClient.NoLoggingHandler.ClientHandler[100]
        Sending HTTP request GET https://github.com/libgit2/libgit2sharp/blob/master/LICENSE.md
  info: System.Net.Http.HttpClient.NoLoggingHandler.ClientHandler[101]
        Received HTTP response headers after 456.286ms - 200
  info: System.Net.Http.HttpClient.NoLoggingHandler.LogicalHandler[101]
        End processing HTTP request after 456.3244ms - 200
  info: System.Net.Http.HttpClient.Default.LogicalHandler[100]
        Start processing HTTP request GET https://raw.githubusercontent.com/libgit2/libgit2sharp.nativebinaries/master/LICENSE.md
  info: System.Net.Http.HttpClient.Default.ClientHandler[100]
        Sending HTTP request GET https://raw.githubusercontent.com/libgit2/libgit2sharp.nativebinaries/master/LICENSE.md
  info: System.Net.Http.HttpClient.NoLoggingHandler.ClientHandler[101]
        Received HTTP response headers after 357.5852ms - 200
  info: System.Net.Http.HttpClient.NoLoggingHandler.LogicalHandler[101]
        End processing HTTP request after 357.6245ms - 200
  info: System.Net.Http.HttpClient.Default.LogicalHandler[100]
        Start processing HTTP request GET https://raw.githubusercontent.com/libgit2/libgit2sharp/master/LICENSE.md
  info: System.Net.Http.HttpClient.Default.ClientHandler[100]
        Sending HTTP request GET https://raw.githubusercontent.com/libgit2/libgit2sharp/master/LICENSE.md
  info: System.Net.Http.HttpClient.Default.ClientHandler[101]
        Received HTTP response headers after 315.1158ms - 200
  info: System.Net.Http.HttpClient.Default.LogicalHandler[101]
        End processing HTTP request after 315.1525ms - 200
  info: System.Net.Http.HttpClient.Default.ClientHandler[101]
        Received HTTP response headers after 296.7274ms - 200
  info: System.Net.Http.HttpClient.Default.LogicalHandler[101]
        End processing HTTP request after 296.7636ms - 200
  info: Musoq.Cloud.LicensesGatherer.LicenseGatherer[0]
        Saved 10 licenses from 10 packages
  info: Musoq.Cloud.LicensesGatherer.LicenseGatherer[0]
        License texts saved in: D:\repos\Musoq.DataSources\.builds\license-refresh\Musoq.DataSources.Git\snapshot\third-party-notices
[SNAPSHOT] package=Musoq.DataSources.Git packages=9 files=11 manifest_sha256=1739345d803cc0a320bef8aa1b5089f1ebadd640310ea5a8e0fb67562166b263 source=checked-in
[UPDATED] License snapshot 'Musoq.DataSources.Git'
Refreshing license snapshot: Musoq.DataSources.GitHub
  info: Musoq.Cloud.LicensesGatherer.LicenseGatherer[0]
        Starting license gathering for: D:\repos\Musoq.DataSources\Musoq.DataSources.GitHub\Musoq.DataSources.GitHub.csproj
  info: Musoq.Cloud.LicensesGatherer.LicenseGatherer[0]
        Output folder: D:\repos\Musoq.DataSources\.builds\license-refresh\Musoq.DataSources.GitHub\snapshot\third-party-notices
  info: Musoq.Cloud.LicensesGatherer.LicenseGatherer[0]
        Loaded 12 manual link overrides
  info: Musoq.Cloud.LicensesGatherer.LicenseGatherer[0]
        Loaded 0 cached links
  info: Musoq.Cloud.LicensesGatherer.LicenseGatherer[0]
        Found 11 packages to process
  info: Musoq.Cloud.LicensesGatherer.LicenseGatherer[0]
        After filtering runtime packages: 11 packages
  info: System.Net.Http.HttpClient.NoLoggingHandler.LogicalHandler[100]
        Start processing HTTP request GET https://github.com/dotnet/sourcelink/blob/main/LICENSE
  info: System.Net.Http.HttpClient.NoLoggingHandler.LogicalHandler[100]
        Start processing HTTP request GET https://github.com/mmanela/diffplex/blob/main/LICENSE
  info: System.Net.Http.HttpClient.Default.LogicalHandler[100]
        Start processing HTTP request GET https://raw.githubusercontent.com/dotnet/runtime/main/LICENSE.TXT
  info: System.Net.Http.HttpClient.Default.LogicalHandler[100]
        Start processing HTTP request GET https://raw.githubusercontent.com/DanHarltey/Fastenshtein/master/LICENSE
  info: System.Net.Http.HttpClient.NoLoggingHandler.ClientHandler[100]
        Sending HTTP request GET https://github.com/dotnet/sourcelink/blob/main/LICENSE
  info: System.Net.Http.HttpClient.Default.ClientHandler[100]
        Sending HTTP request GET https://raw.githubusercontent.com/DanHarltey/Fastenshtein/master/LICENSE
  info: System.Net.Http.HttpClient.Default.ClientHandler[100]
        Sending HTTP request GET https://raw.githubusercontent.com/dotnet/runtime/main/LICENSE.TXT
  info: System.Net.Http.HttpClient.NoLoggingHandler.ClientHandler[100]
        Sending HTTP request GET https://github.com/mmanela/diffplex/blob/main/LICENSE
  info: System.Net.Http.HttpClient.Default.ClientHandler[101]
        Received HTTP response headers after 112.3558ms - 200
  info: System.Net.Http.HttpClient.Default.ClientHandler[101]
        Received HTTP response headers after 112.339ms - 200
  info: System.Net.Http.HttpClient.Default.LogicalHandler[101]
        End processing HTTP request after 119.5546ms - 200
  info: System.Net.Http.HttpClient.Default.LogicalHandler[101]
        End processing HTTP request after 119.55ms - 200
  info: System.Net.Http.HttpClient.Default.LogicalHandler[100]
        Start processing HTTP request GET https://raw.githubusercontent.com/dotnet/runtime/main/LICENSE.TXT
  info: System.Net.Http.HttpClient.Default.ClientHandler[100]
        Sending HTTP request GET https://raw.githubusercontent.com/dotnet/runtime/main/LICENSE.TXT
  info: System.Net.Http.HttpClient.NoLoggingHandler.LogicalHandler[100]
        Start processing HTTP request GET https://github.com/dotnet/sourcelink/blob/main/LICENSE
  info: System.Net.Http.HttpClient.NoLoggingHandler.ClientHandler[100]
        Sending HTTP request GET https://github.com/dotnet/sourcelink/blob/main/LICENSE
  info: System.Net.Http.HttpClient.NoLoggingHandler.ClientHandler[101]
        Received HTTP response headers after 123.1707ms - 404
  info: System.Net.Http.HttpClient.NoLoggingHandler.ClientHandler[101]
        Received HTTP response headers after 123.1495ms - 404
  info: System.Net.Http.HttpClient.NoLoggingHandler.LogicalHandler[101]
        End processing HTTP request after 126.9236ms - 404
  info: System.Net.Http.HttpClient.NoLoggingHandler.LogicalHandler[101]
        End processing HTTP request after 126.9243ms - 404
  info: System.Net.Http.HttpClient.Default.ClientHandler[101]
        Received HTTP response headers after 22.7938ms - 200
  info: System.Net.Http.HttpClient.Default.LogicalHandler[101]
        End processing HTTP request after 22.8703ms - 200
  info: System.Net.Http.HttpClient.NoLoggingHandler.LogicalHandler[100]
        Start processing HTTP request GET https://github.com/dotnet/sourcelink/blob/main/LICENSE
  info: System.Net.Http.HttpClient.NoLoggingHandler.ClientHandler[100]
        Sending HTTP request GET https://github.com/dotnet/sourcelink/blob/main/LICENSE
  info: System.Net.Http.HttpClient.NoLoggingHandler.LogicalHandler[100]
        Start processing HTTP request GET https://github.com/mmanela/diffplex/blob/main/LICENSE.md
  info: System.Net.Http.HttpClient.NoLoggingHandler.ClientHandler[100]
        Sending HTTP request GET https://github.com/mmanela/diffplex/blob/main/LICENSE.md
  info: System.Net.Http.HttpClient.NoLoggingHandler.LogicalHandler[100]
        Start processing HTTP request GET https://github.com/dotnet/sourcelink/blob/main/LICENSE.md
  info: System.Net.Http.HttpClient.NoLoggingHandler.ClientHandler[100]
        Sending HTTP request GET https://github.com/dotnet/sourcelink/blob/main/LICENSE.md
  info: System.Net.Http.HttpClient.NoLoggingHandler.ClientHandler[101]
        Received HTTP response headers after 95.4151ms - 404
  info: System.Net.Http.HttpClient.NoLoggingHandler.LogicalHandler[101]
        End processing HTTP request after 95.4591ms - 404
  info: System.Net.Http.HttpClient.NoLoggingHandler.ClientHandler[101]
        Received HTTP response headers after 78.1407ms - 404
  info: System.Net.Http.HttpClient.NoLoggingHandler.LogicalHandler[101]
        End processing HTTP request after 78.1986ms - 404
  info: System.Net.Http.HttpClient.NoLoggingHandler.LogicalHandler[100]
        Start processing HTTP request GET https://github.com/dotnet/sourcelink/blob/main/LICENSE.md
  info: System.Net.Http.HttpClient.NoLoggingHandler.ClientHandler[100]
        Sending HTTP request GET https://github.com/dotnet/sourcelink/blob/main/LICENSE.md
  info: System.Net.Http.HttpClient.NoLoggingHandler.ClientHandler[101]
        Received HTTP response headers after 41.6911ms - 404
  info: System.Net.Http.HttpClient.NoLoggingHandler.LogicalHandler[101]
        End processing HTTP request after 41.7524ms - 404
  info: System.Net.Http.HttpClient.NoLoggingHandler.ClientHandler[101]
        Received HTTP response headers after 34.0633ms - 404
  info: System.Net.Http.HttpClient.NoLoggingHandler.LogicalHandler[101]
        End processing HTTP request after 34.126ms - 404
  info: System.Net.Http.HttpClient.NoLoggingHandler.LogicalHandler[100]
        Start processing HTTP request GET https://github.com/dotnet/sourcelink/blob/main/LICENSE.txt
  info: System.Net.Http.HttpClient.NoLoggingHandler.ClientHandler[100]
        Sending HTTP request GET https://github.com/dotnet/sourcelink/blob/main/LICENSE.txt
  info: System.Net.Http.HttpClient.NoLoggingHandler.ClientHandler[101]
        Received HTTP response headers after 29.2234ms - 404
  info: System.Net.Http.HttpClient.NoLoggingHandler.LogicalHandler[101]
        End processing HTTP request after 29.2678ms - 404
  info: System.Net.Http.HttpClient.NoLoggingHandler.LogicalHandler[100]
        Start processing HTTP request GET https://github.com/dotnet/sourcelink/blob/main/LICENSE.txt
  info: System.Net.Http.HttpClient.NoLoggingHandler.ClientHandler[100]
        Sending HTTP request GET https://github.com/dotnet/sourcelink/blob/main/LICENSE.txt
  info: System.Net.Http.HttpClient.NoLoggingHandler.ClientHandler[101]
        Received HTTP response headers after 33.5906ms - 404
  info: System.Net.Http.HttpClient.NoLoggingHandler.LogicalHandler[101]
        End processing HTTP request after 33.6363ms - 404
  info: System.Net.Http.HttpClient.NoLoggingHandler.LogicalHandler[100]
        Start processing HTTP request GET https://github.com/dotnet/sourcelink/blob/main/license
  info: System.Net.Http.HttpClient.NoLoggingHandler.ClientHandler[100]
        Sending HTTP request GET https://github.com/dotnet/sourcelink/blob/main/license
  info: System.Net.Http.HttpClient.NoLoggingHandler.ClientHandler[101]
        Received HTTP response headers after 29.2655ms - 404
  info: System.Net.Http.HttpClient.NoLoggingHandler.LogicalHandler[101]
        End processing HTTP request after 29.3027ms - 404
  info: System.Net.Http.HttpClient.NoLoggingHandler.LogicalHandler[100]
        Start processing HTTP request GET https://github.com/dotnet/sourcelink/blob/main/license
  info: System.Net.Http.HttpClient.NoLoggingHandler.ClientHandler[100]
        Sending HTTP request GET https://github.com/dotnet/sourcelink/blob/main/license
  info: System.Net.Http.HttpClient.NoLoggingHandler.LogicalHandler[100]
        Start processing HTTP request GET https://github.com/dotnet/sourcelink/blob/main/LICENSE.md
  info: System.Net.Http.HttpClient.NoLoggingHandler.ClientHandler[100]
        Sending HTTP request GET https://github.com/dotnet/sourcelink/blob/main/LICENSE.md
  info: System.Net.Http.HttpClient.NoLoggingHandler.ClientHandler[101]
        Received HTTP response headers after 29.142ms - 404
  info: System.Net.Http.HttpClient.NoLoggingHandler.LogicalHandler[101]
        End processing HTTP request after 29.1809ms - 404
  info: System.Net.Http.HttpClient.NoLoggingHandler.LogicalHandler[100]
        Start processing HTTP request GET https://github.com/dotnet/sourcelink/blob/main/license.md
  info: System.Net.Http.HttpClient.NoLoggingHandler.ClientHandler[100]
        Sending HTTP request GET https://github.com/dotnet/sourcelink/blob/main/license.md
  info: System.Net.Http.HttpClient.NoLoggingHandler.ClientHandler[101]
        Received HTTP response headers after 33.5592ms - 404
  info: System.Net.Http.HttpClient.NoLoggingHandler.LogicalHandler[101]
        End processing HTTP request after 33.5942ms - 404
  info: System.Net.Http.HttpClient.NoLoggingHandler.LogicalHandler[100]
        Start processing HTTP request GET https://github.com/mmanela/diffplex/blob/main/LICENSE.txt
  info: System.Net.Http.HttpClient.NoLoggingHandler.ClientHandler[100]
        Sending HTTP request GET https://github.com/mmanela/diffplex/blob/main/LICENSE.txt
  info: System.Net.Http.HttpClient.NoLoggingHandler.LogicalHandler[100]
        Start processing HTTP request GET https://github.com/dotnet/sourcelink/blob/main/license.md
  info: System.Net.Http.HttpClient.NoLoggingHandler.ClientHandler[100]
        Sending HTTP request GET https://github.com/dotnet/sourcelink/blob/main/license.md
  info: System.Net.Http.HttpClient.NoLoggingHandler.ClientHandler[101]
        Received HTTP response headers after 32.1951ms - 404
  info: System.Net.Http.HttpClient.NoLoggingHandler.LogicalHandler[101]
        End processing HTTP request after 32.2344ms - 404
  info: System.Net.Http.HttpClient.NoLoggingHandler.LogicalHandler[100]
        Start processing HTTP request GET https://github.com/dotnet/sourcelink/blob/main/LICENSE.txt
  info: System.Net.Http.HttpClient.NoLoggingHandler.ClientHandler[100]
        Sending HTTP request GET https://github.com/dotnet/sourcelink/blob/main/LICENSE.txt
  info: System.Net.Http.HttpClient.NoLoggingHandler.ClientHandler[101]
        Received HTTP response headers after 28.9864ms - 404
  info: System.Net.Http.HttpClient.NoLoggingHandler.LogicalHandler[101]
        End processing HTTP request after 29.03ms - 404
  info: System.Net.Http.HttpClient.NoLoggingHandler.LogicalHandler[100]
        Start processing HTTP request GET https://github.com/dotnet/sourcelink/blob/main/license.txt
  info: System.Net.Http.HttpClient.NoLoggingHandler.ClientHandler[100]
        Sending HTTP request GET https://github.com/dotnet/sourcelink/blob/main/license.txt
  info: System.Net.Http.HttpClient.NoLoggingHandler.ClientHandler[101]
        Received HTTP response headers after 31.7825ms - 404
  info: System.Net.Http.HttpClient.NoLoggingHandler.LogicalHandler[101]
        End processing HTTP request after 31.8082ms - 404
  info: System.Net.Http.HttpClient.NoLoggingHandler.ClientHandler[101]
        Received HTTP response headers after 33.3238ms - 404
  info: System.Net.Http.HttpClient.NoLoggingHandler.LogicalHandler[101]
        End processing HTTP request after 33.3468ms - 404
  info: System.Net.Http.HttpClient.NoLoggingHandler.LogicalHandler[100]
        Start processing HTTP request GET https://github.com/dotnet/sourcelink/blob/main/license.txt
  info: System.Net.Http.HttpClient.NoLoggingHandler.ClientHandler[100]
        Sending HTTP request GET https://github.com/dotnet/sourcelink/blob/main/license.txt
  info: System.Net.Http.HttpClient.NoLoggingHandler.LogicalHandler[100]
        Start processing HTTP request GET https://github.com/mmanela/diffplex/blob/main/license
  info: System.Net.Http.HttpClient.NoLoggingHandler.ClientHandler[100]
        Sending HTTP request GET https://github.com/mmanela/diffplex/blob/main/license
  info: System.Net.Http.HttpClient.NoLoggingHandler.ClientHandler[101]
        Received HTTP response headers after 31.7769ms - 404
  info: System.Net.Http.HttpClient.NoLoggingHandler.LogicalHandler[101]
        End processing HTTP request after 31.8184ms - 404
  info: System.Net.Http.HttpClient.NoLoggingHandler.LogicalHandler[100]
        Start processing HTTP request GET https://github.com/dotnet/sourcelink/blob/main/license
  info: System.Net.Http.HttpClient.NoLoggingHandler.ClientHandler[100]
        Sending HTTP request GET https://github.com/dotnet/sourcelink/blob/main/license
  info: System.Net.Http.HttpClient.NoLoggingHandler.ClientHandler[101]
        Received HTTP response headers after 29.0102ms - 404
  info: System.Net.Http.HttpClient.NoLoggingHandler.LogicalHandler[101]
        End processing HTTP request after 29.0484ms - 404
  info: System.Net.Http.HttpClient.NoLoggingHandler.LogicalHandler[100]
        Start processing HTTP request GET https://github.com/dotnet/sourcelink/blob/main/License
  info: System.Net.Http.HttpClient.NoLoggingHandler.ClientHandler[100]
        Sending HTTP request GET https://github.com/dotnet/sourcelink/blob/main/License
  info: System.Net.Http.HttpClient.NoLoggingHandler.ClientHandler[101]
        Received HTTP response headers after 31.1514ms - 404
  info: System.Net.Http.HttpClient.NoLoggingHandler.LogicalHandler[101]
        End processing HTTP request after 31.1809ms - 404
  info: System.Net.Http.HttpClient.NoLoggingHandler.LogicalHandler[100]
        Start processing HTTP request GET https://github.com/dotnet/sourcelink/blob/main/License
  info: System.Net.Http.HttpClient.NoLoggingHandler.ClientHandler[100]
        Sending HTTP request GET https://github.com/dotnet/sourcelink/blob/main/License
  info: System.Net.Http.HttpClient.NoLoggingHandler.ClientHandler[101]
        Received HTTP response headers after 33.462ms - 404
  info: System.Net.Http.HttpClient.NoLoggingHandler.LogicalHandler[101]
        End processing HTTP request after 33.4861ms - 404
  info: System.Net.Http.HttpClient.NoLoggingHandler.LogicalHandler[100]
        Start processing HTTP request GET https://github.com/mmanela/diffplex/blob/main/license.md
  info: System.Net.Http.HttpClient.NoLoggingHandler.ClientHandler[100]
        Sending HTTP request GET https://github.com/mmanela/diffplex/blob/main/license.md
  info: System.Net.Http.HttpClient.NoLoggingHandler.ClientHandler[101]
        Received HTTP response headers after 30.9937ms - 404
  info: System.Net.Http.HttpClient.NoLoggingHandler.LogicalHandler[101]
        End processing HTTP request after 31.0313ms - 404
  info: System.Net.Http.HttpClient.NoLoggingHandler.LogicalHandler[100]
        Start processing HTTP request GET https://github.com/dotnet/sourcelink/blob/main/license.md
  info: System.Net.Http.HttpClient.NoLoggingHandler.ClientHandler[100]
        Sending HTTP request GET https://github.com/dotnet/sourcelink/blob/main/license.md
  info: System.Net.Http.HttpClient.NoLoggingHandler.ClientHandler[101]
        Received HTTP response headers after 29.2863ms - 404
  info: System.Net.Http.HttpClient.NoLoggingHandler.LogicalHandler[101]
        End processing HTTP request after 29.3237ms - 404
  info: System.Net.Http.HttpClient.NoLoggingHandler.LogicalHandler[100]
        Start processing HTTP request GET https://github.com/dotnet/sourcelink/blob/main/License.md
  info: System.Net.Http.HttpClient.NoLoggingHandler.ClientHandler[100]
        Sending HTTP request GET https://github.com/dotnet/sourcelink/blob/main/License.md
  info: System.Net.Http.HttpClient.NoLoggingHandler.ClientHandler[101]
        Received HTTP response headers after 30.6707ms - 404
  info: System.Net.Http.HttpClient.NoLoggingHandler.LogicalHandler[101]
        End processing HTTP request after 30.6973ms - 404
  info: System.Net.Http.HttpClient.NoLoggingHandler.LogicalHandler[100]
        Start processing HTTP request GET https://github.com/dotnet/sourcelink/blob/main/License.md
  info: System.Net.Http.HttpClient.NoLoggingHandler.ClientHandler[100]
        Sending HTTP request GET https://github.com/dotnet/sourcelink/blob/main/License.md
  info: System.Net.Http.HttpClient.NoLoggingHandler.ClientHandler[101]
        Received HTTP response headers after 33.9328ms - 404
  info: System.Net.Http.HttpClient.NoLoggingHandler.LogicalHandler[101]
        End processing HTTP request after 33.962ms - 404
  info: System.Net.Http.HttpClient.NoLoggingHandler.LogicalHandler[100]
        Start processing HTTP request GET https://github.com/mmanela/diffplex/blob/main/license.txt
  info: System.Net.Http.HttpClient.NoLoggingHandler.ClientHandler[100]
        Sending HTTP request GET https://github.com/mmanela/diffplex/blob/main/license.txt
  info: System.Net.Http.HttpClient.NoLoggingHandler.ClientHandler[101]
        Received HTTP response headers after 31.9109ms - 404
  info: System.Net.Http.HttpClient.NoLoggingHandler.LogicalHandler[101]
        End processing HTTP request after 31.9409ms - 404
  info: System.Net.Http.HttpClient.NoLoggingHandler.LogicalHandler[100]
        Start processing HTTP request GET https://github.com/dotnet/sourcelink/blob/main/license.txt
  info: System.Net.Http.HttpClient.NoLoggingHandler.ClientHandler[100]
        Sending HTTP request GET https://github.com/dotnet/sourcelink/blob/main/license.txt
  info: System.Net.Http.HttpClient.NoLoggingHandler.ClientHandler[101]
        Received HTTP response headers after 29.8875ms - 404
  info: System.Net.Http.HttpClient.NoLoggingHandler.LogicalHandler[101]
        End processing HTTP request after 29.9204ms - 404
  info: System.Net.Http.HttpClient.NoLoggingHandler.LogicalHandler[100]
        Start processing HTTP request GET https://github.com/dotnet/sourcelink/blob/main/License.txt
  info: System.Net.Http.HttpClient.NoLoggingHandler.ClientHandler[100]
        Sending HTTP request GET https://github.com/dotnet/sourcelink/blob/main/License.txt
  info: System.Net.Http.HttpClient.NoLoggingHandler.ClientHandler[101]
        Received HTTP response headers after 30.1906ms - 404
  info: System.Net.Http.HttpClient.NoLoggingHandler.LogicalHandler[101]
        End processing HTTP request after 30.2446ms - 404
  info: System.Net.Http.HttpClient.NoLoggingHandler.LogicalHandler[100]
        Start processing HTTP request GET https://github.com/dotnet/sourcelink/blob/main/License.txt
  info: System.Net.Http.HttpClient.NoLoggingHandler.ClientHandler[100]
        Sending HTTP request GET https://github.com/dotnet/sourcelink/blob/main/License.txt
  info: System.Net.Http.HttpClient.NoLoggingHandler.ClientHandler[101]
        Received HTTP response headers after 33.3818ms - 404
  info: System.Net.Http.HttpClient.NoLoggingHandler.LogicalHandler[101]
        End processing HTTP request after 33.4141ms - 404
  info: System.Net.Http.HttpClient.NoLoggingHandler.LogicalHandler[100]
        Start processing HTTP request GET https://github.com/mmanela/diffplex/blob/main/License
  info: System.Net.Http.HttpClient.NoLoggingHandler.ClientHandler[100]
        Sending HTTP request GET https://github.com/mmanela/diffplex/blob/main/License
  info: System.Net.Http.HttpClient.NoLoggingHandler.ClientHandler[101]
        Received HTTP response headers after 31.617ms - 404
  info: System.Net.Http.HttpClient.NoLoggingHandler.LogicalHandler[101]
        End processing HTTP request after 31.6544ms - 404
  info: System.Net.Http.HttpClient.NoLoggingHandler.LogicalHandler[100]
        Start processing HTTP request GET https://github.com/dotnet/sourcelink/blob/main/License
  info: System.Net.Http.HttpClient.NoLoggingHandler.ClientHandler[100]
        Sending HTTP request GET https://github.com/dotnet/sourcelink/blob/main/License
  info: System.Net.Http.HttpClient.NoLoggingHandler.ClientHandler[101]
        Received HTTP response headers after 29.4476ms - 200
  info: System.Net.Http.HttpClient.NoLoggingHandler.LogicalHandler[101]
        End processing HTTP request after 29.4781ms - 200
  info: System.Net.Http.HttpClient.Default.LogicalHandler[100]
        Start processing HTTP request GET https://raw.githubusercontent.com/dotnet/sourcelink/main/License.txt
  info: System.Net.Http.HttpClient.Default.ClientHandler[100]
        Sending HTTP request GET https://raw.githubusercontent.com/dotnet/sourcelink/main/License.txt
  info: System.Net.Http.HttpClient.NoLoggingHandler.ClientHandler[101]
        Received HTTP response headers after 30.5928ms - 200
  info: System.Net.Http.HttpClient.NoLoggingHandler.LogicalHandler[101]
        End processing HTTP request after 30.6576ms - 200
  info: System.Net.Http.HttpClient.Default.LogicalHandler[100]
        Start processing HTTP request GET https://raw.githubusercontent.com/dotnet/sourcelink/main/License.txt
  info: System.Net.Http.HttpClient.Default.ClientHandler[100]
        Sending HTTP request GET https://raw.githubusercontent.com/dotnet/sourcelink/main/License.txt
  info: System.Net.Http.HttpClient.NoLoggingHandler.ClientHandler[101]
        Received HTTP response headers after 33.9133ms - 404
  info: System.Net.Http.HttpClient.NoLoggingHandler.LogicalHandler[101]
        End processing HTTP request after 33.9492ms - 404
  info: System.Net.Http.HttpClient.NoLoggingHandler.LogicalHandler[100]
        Start processing HTTP request GET https://github.com/mmanela/diffplex/blob/main/License.md
  info: System.Net.Http.HttpClient.NoLoggingHandler.ClientHandler[100]
        Sending HTTP request GET https://github.com/mmanela/diffplex/blob/main/License.md
  info: System.Net.Http.HttpClient.Default.ClientHandler[101]
        Received HTTP response headers after 21.8932ms - 200
  info: System.Net.Http.HttpClient.Default.LogicalHandler[101]
        End processing HTTP request after 21.9265ms - 200
  info: System.Net.Http.HttpClient.NoLoggingHandler.ClientHandler[101]
        Received HTTP response headers after 31.6556ms - 404
  info: System.Net.Http.HttpClient.NoLoggingHandler.LogicalHandler[101]
        End processing HTTP request after 31.6956ms - 404
  info: System.Net.Http.HttpClient.NoLoggingHandler.LogicalHandler[100]
        Start processing HTTP request GET https://github.com/dotnet/sourcelink/blob/main/License.md
  info: System.Net.Http.HttpClient.NoLoggingHandler.ClientHandler[100]
        Sending HTTP request GET https://github.com/dotnet/sourcelink/blob/main/License.md
  info: System.Net.Http.HttpClient.NoLoggingHandler.LogicalHandler[100]
        Start processing HTTP request GET https://github.com/octokit/octokit.net/blob/main/LICENSE
  info: System.Net.Http.HttpClient.NoLoggingHandler.ClientHandler[100]
        Sending HTTP request GET https://github.com/octokit/octokit.net/blob/main/LICENSE
  info: System.Net.Http.HttpClient.Default.ClientHandler[101]
        Received HTTP response headers after 22.332ms - 200
  info: System.Net.Http.HttpClient.Default.LogicalHandler[101]
        End processing HTTP request after 22.3683ms - 200
  info: System.Net.Http.HttpClient.NoLoggingHandler.ClientHandler[101]
        Received HTTP response headers after 33.9448ms - 404
  info: System.Net.Http.HttpClient.NoLoggingHandler.LogicalHandler[101]
        End processing HTTP request after 33.9902ms - 404
  info: System.Net.Http.HttpClient.NoLoggingHandler.ClientHandler[101]
        Received HTTP response headers after 31.2956ms - 404
  info: System.Net.Http.HttpClient.NoLoggingHandler.LogicalHandler[101]
        End processing HTTP request after 31.3272ms - 404
  info: System.Net.Http.HttpClient.NoLoggingHandler.LogicalHandler[100]
        Start processing HTTP request GET https://github.com/mmanela/diffplex/blob/main/License.txt
  info: System.Net.Http.HttpClient.NoLoggingHandler.ClientHandler[100]
        Sending HTTP request GET https://github.com/mmanela/diffplex/blob/main/License.txt
  info: System.Net.Http.HttpClient.NoLoggingHandler.LogicalHandler[100]
        Start processing HTTP request GET https://github.com/dotnet/sourcelink/blob/main/License.txt
  info: System.Net.Http.HttpClient.NoLoggingHandler.ClientHandler[100]
        Sending HTTP request GET https://github.com/dotnet/sourcelink/blob/main/License.txt
  info: System.Net.Http.HttpClient.NoLoggingHandler.ClientHandler[101]
        Received HTTP response headers after 31.3137ms - 200
  info: System.Net.Http.HttpClient.NoLoggingHandler.LogicalHandler[101]
        End processing HTTP request after 31.3517ms - 200
  info: System.Net.Http.HttpClient.NoLoggingHandler.ClientHandler[101]
        Received HTTP response headers after 34.2169ms - 404
  info: System.Net.Http.HttpClient.NoLoggingHandler.LogicalHandler[101]
        End processing HTTP request after 34.2527ms - 404
  info: System.Net.Http.HttpClient.Default.LogicalHandler[100]
        Start processing HTTP request GET https://raw.githubusercontent.com/dotnet/sourcelink/main/License.txt
  info: System.Net.Http.HttpClient.Default.ClientHandler[100]
        Sending HTTP request GET https://raw.githubusercontent.com/dotnet/sourcelink/main/License.txt
  info: System.Net.Http.HttpClient.NoLoggingHandler.LogicalHandler[100]
        Start processing HTTP request GET https://github.com/mmanela/diffplex/blob/main/LICENSE.TXT
  info: System.Net.Http.HttpClient.NoLoggingHandler.ClientHandler[100]
        Sending HTTP request GET https://github.com/mmanela/diffplex/blob/main/LICENSE.TXT
  info: System.Net.Http.HttpClient.Default.ClientHandler[101]
        Received HTTP response headers after 22.3775ms - 200
  info: System.Net.Http.HttpClient.Default.LogicalHandler[101]
        End processing HTTP request after 22.4283ms - 200
  info: System.Net.Http.HttpClient.NoLoggingHandler.ClientHandler[101]
        Received HTTP response headers after 33.7737ms - 404
  info: System.Net.Http.HttpClient.NoLoggingHandler.LogicalHandler[101]
        End processing HTTP request after 33.8116ms - 404
  info: System.Net.Http.HttpClient.NoLoggingHandler.LogicalHandler[100]
        Start processing HTTP request GET https://github.com/mmanela/diffplex/blob/master/LICENSE
  info: System.Net.Http.HttpClient.NoLoggingHandler.ClientHandler[100]
        Sending HTTP request GET https://github.com/mmanela/diffplex/blob/master/LICENSE
  info: System.Net.Http.HttpClient.NoLoggingHandler.ClientHandler[101]
        Received HTTP response headers after 33.5416ms - 404
  info: System.Net.Http.HttpClient.NoLoggingHandler.LogicalHandler[101]
        End processing HTTP request after 33.6018ms - 404
  info: System.Net.Http.HttpClient.NoLoggingHandler.LogicalHandler[100]
        Start processing HTTP request GET https://github.com/mmanela/diffplex/blob/master/LICENSE.md
  info: System.Net.Http.HttpClient.NoLoggingHandler.ClientHandler[100]
        Sending HTTP request GET https://github.com/mmanela/diffplex/blob/master/LICENSE.md
  info: System.Net.Http.HttpClient.NoLoggingHandler.ClientHandler[101]
        Received HTTP response headers after 33.6962ms - 404
  info: System.Net.Http.HttpClient.NoLoggingHandler.LogicalHandler[101]
        End processing HTTP request after 33.7586ms - 404
  info: System.Net.Http.HttpClient.NoLoggingHandler.LogicalHandler[100]
        Start processing HTTP request GET https://github.com/mmanela/diffplex/blob/master/LICENSE.txt
  info: System.Net.Http.HttpClient.NoLoggingHandler.ClientHandler[100]
        Sending HTTP request GET https://github.com/mmanela/diffplex/blob/master/LICENSE.txt
  info: System.Net.Http.HttpClient.NoLoggingHandler.ClientHandler[101]
        Received HTTP response headers after 34.1102ms - 404
  info: System.Net.Http.HttpClient.NoLoggingHandler.LogicalHandler[101]
        End processing HTTP request after 34.166ms - 404
  info: System.Net.Http.HttpClient.NoLoggingHandler.LogicalHandler[100]
        Start processing HTTP request GET https://github.com/mmanela/diffplex/blob/master/license
  info: System.Net.Http.HttpClient.NoLoggingHandler.ClientHandler[100]
        Sending HTTP request GET https://github.com/mmanela/diffplex/blob/master/license
  info: System.Net.Http.HttpClient.NoLoggingHandler.ClientHandler[101]
        Received HTTP response headers after 33.6324ms - 404
  info: System.Net.Http.HttpClient.NoLoggingHandler.LogicalHandler[101]
        End processing HTTP request after 33.6868ms - 404
  info: System.Net.Http.HttpClient.NoLoggingHandler.LogicalHandler[100]
        Start processing HTTP request GET https://github.com/mmanela/diffplex/blob/master/license.md
  info: System.Net.Http.HttpClient.NoLoggingHandler.ClientHandler[100]
        Sending HTTP request GET https://github.com/mmanela/diffplex/blob/master/license.md
  info: System.Net.Http.HttpClient.NoLoggingHandler.ClientHandler[101]
        Received HTTP response headers after 33.3585ms - 404
  info: System.Net.Http.HttpClient.NoLoggingHandler.LogicalHandler[101]
        End processing HTTP request after 33.4266ms - 404
  info: System.Net.Http.HttpClient.NoLoggingHandler.LogicalHandler[100]
        Start processing HTTP request GET https://github.com/mmanela/diffplex/blob/master/license.txt
  info: System.Net.Http.HttpClient.NoLoggingHandler.ClientHandler[100]
        Sending HTTP request GET https://github.com/mmanela/diffplex/blob/master/license.txt
  info: System.Net.Http.HttpClient.NoLoggingHandler.ClientHandler[101]
        Received HTTP response headers after 33.8391ms - 404
  info: System.Net.Http.HttpClient.NoLoggingHandler.LogicalHandler[101]
        End processing HTTP request after 33.9059ms - 404
  info: System.Net.Http.HttpClient.NoLoggingHandler.LogicalHandler[100]
        Start processing HTTP request GET https://github.com/mmanela/diffplex/blob/master/License
  info: System.Net.Http.HttpClient.NoLoggingHandler.ClientHandler[100]
        Sending HTTP request GET https://github.com/mmanela/diffplex/blob/master/License
  info: System.Net.Http.HttpClient.NoLoggingHandler.ClientHandler[101]
        Received HTTP response headers after 33.6286ms - 404
  info: System.Net.Http.HttpClient.NoLoggingHandler.LogicalHandler[101]
        End processing HTTP request after 33.6768ms - 404
  info: System.Net.Http.HttpClient.NoLoggingHandler.LogicalHandler[100]
        Start processing HTTP request GET https://github.com/mmanela/diffplex/blob/master/License.md
  info: System.Net.Http.HttpClient.NoLoggingHandler.ClientHandler[100]
        Sending HTTP request GET https://github.com/mmanela/diffplex/blob/master/License.md
  info: System.Net.Http.HttpClient.NoLoggingHandler.ClientHandler[101]
        Received HTTP response headers after 33.8578ms - 404
  info: System.Net.Http.HttpClient.NoLoggingHandler.LogicalHandler[101]
        End processing HTTP request after 33.8927ms - 404
  info: System.Net.Http.HttpClient.NoLoggingHandler.LogicalHandler[100]
        Start processing HTTP request GET https://github.com/mmanela/diffplex/blob/master/License.txt
  info: System.Net.Http.HttpClient.NoLoggingHandler.ClientHandler[100]
        Sending HTTP request GET https://github.com/mmanela/diffplex/blob/master/License.txt
  info: System.Net.Http.HttpClient.NoLoggingHandler.ClientHandler[101]
        Received HTTP response headers after 33.9669ms - 200
  info: System.Net.Http.HttpClient.NoLoggingHandler.LogicalHandler[101]
        End processing HTTP request after 34.0201ms - 200
  info: System.Net.Http.HttpClient.Default.LogicalHandler[100]
        Start processing HTTP request GET https://raw.githubusercontent.com/mmanela/diffplex/master/License.txt
  info: System.Net.Http.HttpClient.Default.ClientHandler[100]
        Sending HTTP request GET https://raw.githubusercontent.com/mmanela/diffplex/master/License.txt
  info: System.Net.Http.HttpClient.Default.ClientHandler[101]
        Received HTTP response headers after 23.2504ms - 200
  info: System.Net.Http.HttpClient.Default.LogicalHandler[101]
        End processing HTTP request after 23.29ms - 200
  info: System.Net.Http.HttpClient.NoLoggingHandler.ClientHandler[101]
        Received HTTP response headers after 475.0739ms - 404
  info: System.Net.Http.HttpClient.NoLoggingHandler.LogicalHandler[101]
        End processing HTTP request after 475.1287ms - 404
  info: System.Net.Http.HttpClient.NoLoggingHandler.LogicalHandler[100]
        Start processing HTTP request GET https://github.com/octokit/octokit.net/blob/main/LICENSE.md
  info: System.Net.Http.HttpClient.NoLoggingHandler.ClientHandler[100]
        Sending HTTP request GET https://github.com/octokit/octokit.net/blob/main/LICENSE.md
  info: System.Net.Http.HttpClient.NoLoggingHandler.ClientHandler[101]
        Received HTTP response headers after 444.6284ms - 404
  info: System.Net.Http.HttpClient.NoLoggingHandler.LogicalHandler[101]
        End processing HTTP request after 444.6957ms - 404
  info: System.Net.Http.HttpClient.NoLoggingHandler.LogicalHandler[100]
        Start processing HTTP request GET https://github.com/octokit/octokit.net/blob/main/LICENSE.txt
  info: System.Net.Http.HttpClient.NoLoggingHandler.ClientHandler[100]
        Sending HTTP request GET https://github.com/octokit/octokit.net/blob/main/LICENSE.txt
  info: System.Net.Http.HttpClient.NoLoggingHandler.ClientHandler[101]
        Received HTTP response headers after 395.0848ms - 200
  info: System.Net.Http.HttpClient.NoLoggingHandler.LogicalHandler[101]
        End processing HTTP request after 395.1596ms - 200
  info: System.Net.Http.HttpClient.Default.LogicalHandler[100]
        Start processing HTTP request GET https://raw.githubusercontent.com/octokit/octokit.net/main/LICENSE.txt
  info: System.Net.Http.HttpClient.Default.ClientHandler[100]
        Sending HTTP request GET https://raw.githubusercontent.com/octokit/octokit.net/main/LICENSE.txt
  info: System.Net.Http.HttpClient.Default.ClientHandler[101]
        Received HTTP response headers after 275.0496ms - 200
  info: System.Net.Http.HttpClient.Default.LogicalHandler[101]
        End processing HTTP request after 275.1185ms - 200
  info: Musoq.Cloud.LicensesGatherer.LicenseGatherer[0]
        Saved 12 licenses from 12 packages
  info: Musoq.Cloud.LicensesGatherer.LicenseGatherer[0]
        License texts saved in: D:\repos\Musoq.DataSources\.builds\license-refresh\Musoq.DataSources.GitHub\snapshot\third-party-notices
[SNAPSHOT] package=Musoq.DataSources.GitHub packages=11 files=13 manifest_sha256=a779009cc27b4a4898dc71aebec56a4c9f4180186745c318b9923262cffbe8c5 source=checked-in
[UPDATED] License snapshot 'Musoq.DataSources.GitHub'
Refreshing license snapshot: Musoq.DataSources.Jira
  info: Musoq.Cloud.LicensesGatherer.LicenseGatherer[0]
        Starting license gathering for: D:\repos\Musoq.DataSources\Musoq.DataSources.Jira\Musoq.DataSources.Jira.csproj
  info: Musoq.Cloud.LicensesGatherer.LicenseGatherer[0]
        Output folder: D:\repos\Musoq.DataSources\.builds\license-refresh\Musoq.DataSources.Jira\snapshot\third-party-notices
  info: Musoq.Cloud.LicensesGatherer.LicenseGatherer[0]
        Loaded 12 manual link overrides
  info: Musoq.Cloud.LicensesGatherer.LicenseGatherer[0]
        Loaded 0 cached links
  info: Musoq.Cloud.LicensesGatherer.LicenseGatherer[0]
        Found 15 packages to process
  info: Musoq.Cloud.LicensesGatherer.LicenseGatherer[0]
        After filtering runtime packages: 15 packages
  info: System.Net.Http.HttpClient.NoLoggingHandler.LogicalHandler[100]
        Start processing HTTP request GET https://github.com/dotnet/sourcelink/blob/main/LICENSE
  info: System.Net.Http.HttpClient.Default.LogicalHandler[100]
        Start processing HTTP request GET https://raw.githubusercontent.com/spdx/license-list-data/main/text/BSD-2-Clause.txt
  info: System.Net.Http.HttpClient.Default.LogicalHandler[100]
        Start processing HTTP request GET https://raw.githubusercontent.com/DanHarltey/Fastenshtein/master/LICENSE
  info: System.Net.Http.HttpClient.NoLoggingHandler.LogicalHandler[100]
        Start processing HTTP request GET https://github.com/mmanela/diffplex/blob/main/LICENSE
  info: System.Net.Http.HttpClient.NoLoggingHandler.ClientHandler[100]
        Sending HTTP request GET https://github.com/dotnet/sourcelink/blob/main/LICENSE
  info: System.Net.Http.HttpClient.Default.ClientHandler[100]
        Sending HTTP request GET https://raw.githubusercontent.com/spdx/license-list-data/main/text/BSD-2-Clause.txt
  info: System.Net.Http.HttpClient.Default.ClientHandler[100]
        Sending HTTP request GET https://raw.githubusercontent.com/DanHarltey/Fastenshtein/master/LICENSE
  info: System.Net.Http.HttpClient.NoLoggingHandler.ClientHandler[100]
        Sending HTTP request GET https://github.com/mmanela/diffplex/blob/main/LICENSE
  info: System.Net.Http.HttpClient.Default.ClientHandler[101]
        Received HTTP response headers after 115.3655ms - 200
  info: System.Net.Http.HttpClient.Default.LogicalHandler[101]
        End processing HTTP request after 122.1448ms - 200
  info: System.Net.Http.HttpClient.Default.LogicalHandler[100]
        Start processing HTTP request GET https://raw.githubusercontent.com/dotnet/runtime/main/LICENSE.TXT
  info: System.Net.Http.HttpClient.Default.ClientHandler[100]
        Sending HTTP request GET https://raw.githubusercontent.com/dotnet/runtime/main/LICENSE.TXT
  info: System.Net.Http.HttpClient.NoLoggingHandler.ClientHandler[101]
        Received HTTP response headers after 140.5268ms - 404
  info: System.Net.Http.HttpClient.NoLoggingHandler.ClientHandler[101]
        Received HTTP response headers after 140.5197ms - 404
  info: System.Net.Http.HttpClient.NoLoggingHandler.LogicalHandler[101]
        End processing HTTP request after 144.1373ms - 404
  info: System.Net.Http.HttpClient.NoLoggingHandler.LogicalHandler[101]
        End processing HTTP request after 144.1334ms - 404
  info: System.Net.Http.HttpClient.Default.ClientHandler[101]
        Received HTTP response headers after 26.2714ms - 200
  info: System.Net.Http.HttpClient.Default.LogicalHandler[101]
        End processing HTTP request after 26.3407ms - 200
  info: System.Net.Http.HttpClient.Default.LogicalHandler[100]
        Start processing HTTP request GET https://raw.githubusercontent.com/dotnet/runtime/main/LICENSE.TXT
  info: System.Net.Http.HttpClient.Default.ClientHandler[100]
        Sending HTTP request GET https://raw.githubusercontent.com/dotnet/runtime/main/LICENSE.TXT
  info: System.Net.Http.HttpClient.Default.ClientHandler[101]
        Received HTTP response headers after 25.8227ms - 200
  info: System.Net.Http.HttpClient.Default.LogicalHandler[101]
        End processing HTTP request after 25.8931ms - 200
  info: System.Net.Http.HttpClient.NoLoggingHandler.LogicalHandler[100]
        Start processing HTTP request GET http://go.microsoft.com/fwlink/?*
  info: System.Net.Http.HttpClient.NoLoggingHandler.ClientHandler[100]
        Sending HTTP request GET http://go.microsoft.com/fwlink/?*
  info: System.Net.Http.HttpClient.NoLoggingHandler.LogicalHandler[100]
        Start processing HTTP request GET https://github.com/mmanela/diffplex/blob/main/LICENSE.md
  info: System.Net.Http.HttpClient.NoLoggingHandler.ClientHandler[100]
        Sending HTTP request GET https://github.com/mmanela/diffplex/blob/main/LICENSE.md
  info: System.Net.Http.HttpClient.NoLoggingHandler.LogicalHandler[100]
        Start processing HTTP request GET https://github.com/dotnet/sourcelink/blob/main/LICENSE.md
  info: System.Net.Http.HttpClient.NoLoggingHandler.ClientHandler[100]
        Sending HTTP request GET https://github.com/dotnet/sourcelink/blob/main/LICENSE.md
  info: System.Net.Http.HttpClient.NoLoggingHandler.ClientHandler[101]
        Received HTTP response headers after 35.6493ms - 404
  info: System.Net.Http.HttpClient.NoLoggingHandler.LogicalHandler[101]
        End processing HTTP request after 35.7465ms - 404
  info: System.Net.Http.HttpClient.NoLoggingHandler.LogicalHandler[100]
        Start processing HTTP request GET https://github.com/mmanela/diffplex/blob/main/LICENSE.txt
  info: System.Net.Http.HttpClient.NoLoggingHandler.ClientHandler[100]
        Sending HTTP request GET https://github.com/mmanela/diffplex/blob/main/LICENSE.txt
  info: System.Net.Http.HttpClient.NoLoggingHandler.ClientHandler[101]
        Received HTTP response headers after 36.6051ms - 404
  info: System.Net.Http.HttpClient.NoLoggingHandler.LogicalHandler[101]
        End processing HTTP request after 36.6739ms - 404
  info: System.Net.Http.HttpClient.NoLoggingHandler.LogicalHandler[100]
        Start processing HTTP request GET https://github.com/dotnet/sourcelink/blob/main/LICENSE.txt
  info: System.Net.Http.HttpClient.NoLoggingHandler.ClientHandler[100]
        Sending HTTP request GET https://github.com/dotnet/sourcelink/blob/main/LICENSE.txt
  info: System.Net.Http.HttpClient.Default.ClientHandler[101]
        Received HTTP response headers after 284.7765ms - 200
  info: System.Net.Http.HttpClient.Default.LogicalHandler[101]
        End processing HTTP request after 288.3687ms - 200
  info: System.Net.Http.HttpClient.NoLoggingHandler.LogicalHandler[100]
        Start processing HTTP request GET https://github.com/dotnet/sourcelink/blob/main/LICENSE
  info: System.Net.Http.HttpClient.NoLoggingHandler.ClientHandler[100]
        Sending HTTP request GET https://github.com/dotnet/sourcelink/blob/main/LICENSE
  info: System.Net.Http.HttpClient.NoLoggingHandler.ClientHandler[101]
        Received HTTP response headers after 35.6013ms - 404
  info: System.Net.Http.HttpClient.NoLoggingHandler.LogicalHandler[101]
        End processing HTTP request after 35.6698ms - 404
  info: System.Net.Http.HttpClient.NoLoggingHandler.LogicalHandler[100]
        Start processing HTTP request GET https://github.com/mmanela/diffplex/blob/main/license
  info: System.Net.Http.HttpClient.NoLoggingHandler.ClientHandler[100]
        Sending HTTP request GET https://github.com/mmanela/diffplex/blob/main/license
  info: System.Net.Http.HttpClient.NoLoggingHandler.ClientHandler[101]
        Received HTTP response headers after 35.5942ms - 404
  info: System.Net.Http.HttpClient.NoLoggingHandler.LogicalHandler[101]
        End processing HTTP request after 35.6348ms - 404
  info: System.Net.Http.HttpClient.NoLoggingHandler.LogicalHandler[100]
        Start processing HTTP request GET https://github.com/dotnet/sourcelink/blob/main/license
  info: System.Net.Http.HttpClient.NoLoggingHandler.ClientHandler[100]
        Sending HTTP request GET https://github.com/dotnet/sourcelink/blob/main/license
  info: System.Net.Http.HttpClient.NoLoggingHandler.ClientHandler[101]
        Received HTTP response headers after 58.5395ms - 404
  info: System.Net.Http.HttpClient.NoLoggingHandler.LogicalHandler[101]
        End processing HTTP request after 58.6088ms - 404
  info: System.Net.Http.HttpClient.NoLoggingHandler.LogicalHandler[100]
        Start processing HTTP request GET https://github.com/dotnet/sourcelink/blob/main/LICENSE.md
  info: System.Net.Http.HttpClient.NoLoggingHandler.ClientHandler[100]
        Sending HTTP request GET https://github.com/dotnet/sourcelink/blob/main/LICENSE.md
  info: System.Net.Http.HttpClient.NoLoggingHandler.ClientHandler[101]
        Received HTTP response headers after 39.4468ms - 404
  info: System.Net.Http.HttpClient.NoLoggingHandler.LogicalHandler[101]
        End processing HTTP request after 39.5024ms - 404
  info: System.Net.Http.HttpClient.NoLoggingHandler.LogicalHandler[100]
        Start processing HTTP request GET https://github.com/mmanela/diffplex/blob/main/license.md
  info: System.Net.Http.HttpClient.NoLoggingHandler.ClientHandler[100]
        Sending HTTP request GET https://github.com/mmanela/diffplex/blob/main/license.md
  info: System.Net.Http.HttpClient.NoLoggingHandler.ClientHandler[101]
        Received HTTP response headers after 32.1878ms - 404
  info: System.Net.Http.HttpClient.NoLoggingHandler.LogicalHandler[101]
        End processing HTTP request after 32.2554ms - 404
  info: System.Net.Http.HttpClient.NoLoggingHandler.ClientHandler[101]
        Received HTTP response headers after 72.0163ms - 404
  info: System.Net.Http.HttpClient.NoLoggingHandler.LogicalHandler[101]
        End processing HTTP request after 72.0407ms - 404
  info: System.Net.Http.HttpClient.NoLoggingHandler.ClientHandler[101]
        Received HTTP response headers after 38.1492ms - 404
  info: System.Net.Http.HttpClient.NoLoggingHandler.LogicalHandler[101]
        End processing HTTP request after 38.205ms - 404
  info: System.Net.Http.HttpClient.NoLoggingHandler.LogicalHandler[100]
        Start processing HTTP request GET https://github.com/dotnet/sourcelink/blob/main/license.md
  info: System.Net.Http.HttpClient.NoLoggingHandler.ClientHandler[100]
        Sending HTTP request GET https://github.com/dotnet/sourcelink/blob/main/license.md
  info: System.Net.Http.HttpClient.NoLoggingHandler.LogicalHandler[100]
        Start processing HTTP request GET https://github.com/dotnet/sourcelink/blob/main/LICENSE.txt
  info: System.Net.Http.HttpClient.NoLoggingHandler.ClientHandler[100]
        Sending HTTP request GET https://github.com/dotnet/sourcelink/blob/main/LICENSE.txt
  info: System.Net.Http.HttpClient.NoLoggingHandler.ClientHandler[101]
        Received HTTP response headers after 35.5686ms - 404
  info: System.Net.Http.HttpClient.NoLoggingHandler.LogicalHandler[101]
        End processing HTTP request after 35.7046ms - 404
  info: System.Net.Http.HttpClient.NoLoggingHandler.LogicalHandler[100]
        Start processing HTTP request GET https://github.com/dotnet/sourcelink/blob/main/license.txt
  info: System.Net.Http.HttpClient.NoLoggingHandler.ClientHandler[100]
        Sending HTTP request GET https://github.com/dotnet/sourcelink/blob/main/license.txt
  info: System.Net.Http.HttpClient.NoLoggingHandler.ClientHandler[101]
        Received HTTP response headers after 37.1128ms - 404
  info: System.Net.Http.HttpClient.NoLoggingHandler.LogicalHandler[101]
        End processing HTTP request after 37.1561ms - 404
  info: System.Net.Http.HttpClient.NoLoggingHandler.LogicalHandler[100]
        Start processing HTTP request GET https://github.com/dotnet/sourcelink/blob/main/license
  info: System.Net.Http.HttpClient.NoLoggingHandler.ClientHandler[100]
        Sending HTTP request GET https://github.com/dotnet/sourcelink/blob/main/license
  info: System.Net.Http.HttpClient.NoLoggingHandler.ClientHandler[101]
        Received HTTP response headers after 35.8083ms - 404
  info: System.Net.Http.HttpClient.NoLoggingHandler.LogicalHandler[101]
        End processing HTTP request after 35.8856ms - 404
  info: System.Net.Http.HttpClient.NoLoggingHandler.LogicalHandler[100]
        Start processing HTTP request GET https://github.com/dotnet/sourcelink/blob/main/License
  info: System.Net.Http.HttpClient.NoLoggingHandler.ClientHandler[100]
        Sending HTTP request GET https://github.com/dotnet/sourcelink/blob/main/License
  info: System.Net.Http.HttpClient.NoLoggingHandler.ClientHandler[101]
        Received HTTP response headers after 36.2301ms - 404
  info: System.Net.Http.HttpClient.NoLoggingHandler.LogicalHandler[101]
        End processing HTTP request after 36.2773ms - 404
  info: System.Net.Http.HttpClient.NoLoggingHandler.LogicalHandler[100]
        Start processing HTTP request GET https://github.com/mmanela/diffplex/blob/main/license.txt
  info: System.Net.Http.HttpClient.NoLoggingHandler.ClientHandler[100]
        Sending HTTP request GET https://github.com/mmanela/diffplex/blob/main/license.txt
  info: System.Net.Http.HttpClient.NoLoggingHandler.LogicalHandler[100]
        Start processing HTTP request GET https://github.com/dotnet/sourcelink/blob/main/license.md
  info: System.Net.Http.HttpClient.NoLoggingHandler.ClientHandler[100]
        Sending HTTP request GET https://github.com/dotnet/sourcelink/blob/main/license.md
  info: System.Net.Http.HttpClient.NoLoggingHandler.ClientHandler[101]
        Received HTTP response headers after 303.4424ms - 302
  info: System.Net.Http.HttpClient.NoLoggingHandler.LogicalHandler[101]
        End processing HTTP request after 303.5784ms - 302
  info: System.Net.Http.HttpClient.Default.LogicalHandler[100]
        Start processing HTTP request GET https://raw.githubusercontent.com/dotnet/core/main/license-information.md
  info: System.Net.Http.HttpClient.Default.ClientHandler[100]
        Sending HTTP request GET https://raw.githubusercontent.com/dotnet/core/main/license-information.md
  info: System.Net.Http.HttpClient.NoLoggingHandler.ClientHandler[101]
        Received HTTP response headers after 29.5039ms - 404
  info: System.Net.Http.HttpClient.NoLoggingHandler.LogicalHandler[101]
        End processing HTTP request after 29.5614ms - 404
  info: System.Net.Http.HttpClient.NoLoggingHandler.LogicalHandler[100]
        Start processing HTTP request GET https://github.com/mmanela/diffplex/blob/main/License
  info: System.Net.Http.HttpClient.NoLoggingHandler.ClientHandler[100]
        Sending HTTP request GET https://github.com/mmanela/diffplex/blob/main/License
  info: System.Net.Http.HttpClient.NoLoggingHandler.ClientHandler[101]
        Received HTTP response headers after 35.645ms - 404
  info: System.Net.Http.HttpClient.NoLoggingHandler.LogicalHandler[101]
        End processing HTTP request after 35.7055ms - 404
  info: System.Net.Http.HttpClient.NoLoggingHandler.ClientHandler[101]
        Received HTTP response headers after 35.1854ms - 404
  info: System.Net.Http.HttpClient.NoLoggingHandler.LogicalHandler[101]
        End processing HTTP request after 35.2194ms - 404
  info: System.Net.Http.HttpClient.NoLoggingHandler.LogicalHandler[100]
        Start processing HTTP request GET https://github.com/dotnet/sourcelink/blob/main/license.txt
  info: System.Net.Http.HttpClient.NoLoggingHandler.ClientHandler[100]
        Sending HTTP request GET https://github.com/dotnet/sourcelink/blob/main/license.txt
  info: System.Net.Http.HttpClient.NoLoggingHandler.ClientHandler[101]
        Received HTTP response headers after 29.6779ms - 404
  info: System.Net.Http.HttpClient.NoLoggingHandler.LogicalHandler[101]
        End processing HTTP request after 29.7435ms - 404
  info: System.Net.Http.HttpClient.NoLoggingHandler.LogicalHandler[100]
        Start processing HTTP request GET https://github.com/mmanela/diffplex/blob/main/License.md
  info: System.Net.Http.HttpClient.NoLoggingHandler.ClientHandler[100]
        Sending HTTP request GET https://github.com/mmanela/diffplex/blob/main/License.md
  info: System.Net.Http.HttpClient.NoLoggingHandler.LogicalHandler[100]
        Start processing HTTP request GET https://github.com/dotnet/sourcelink/blob/main/License.md
  info: System.Net.Http.HttpClient.NoLoggingHandler.ClientHandler[100]
        Sending HTTP request GET https://github.com/dotnet/sourcelink/blob/main/License.md
  info: System.Net.Http.HttpClient.NoLoggingHandler.ClientHandler[101]
        Received HTTP response headers after 36.1335ms - 404
  info: System.Net.Http.HttpClient.NoLoggingHandler.LogicalHandler[101]
        End processing HTTP request after 36.1995ms - 404
  info: System.Net.Http.HttpClient.NoLoggingHandler.LogicalHandler[100]
        Start processing HTTP request GET https://github.com/dotnet/sourcelink/blob/main/License
  info: System.Net.Http.HttpClient.NoLoggingHandler.ClientHandler[100]
        Sending HTTP request GET https://github.com/dotnet/sourcelink/blob/main/License
  info: System.Net.Http.HttpClient.NoLoggingHandler.ClientHandler[101]
        Received HTTP response headers after 29.1752ms - 404
  info: System.Net.Http.HttpClient.NoLoggingHandler.LogicalHandler[101]
        End processing HTTP request after 29.2429ms - 404
  info: System.Net.Http.HttpClient.NoLoggingHandler.LogicalHandler[100]
        Start processing HTTP request GET https://github.com/mmanela/diffplex/blob/main/License.txt
  info: System.Net.Http.HttpClient.NoLoggingHandler.ClientHandler[100]
        Sending HTTP request GET https://github.com/mmanela/diffplex/blob/main/License.txt
  info: System.Net.Http.HttpClient.NoLoggingHandler.ClientHandler[101]
        Received HTTP response headers after 35.6743ms - 404
  info: System.Net.Http.HttpClient.NoLoggingHandler.LogicalHandler[101]
        End processing HTTP request after 35.744ms - 404
  info: System.Net.Http.HttpClient.NoLoggingHandler.LogicalHandler[100]
        Start processing HTTP request GET https://github.com/dotnet/sourcelink/blob/main/License.txt
  info: System.Net.Http.HttpClient.NoLoggingHandler.ClientHandler[100]
        Sending HTTP request GET https://github.com/dotnet/sourcelink/blob/main/License.txt
  info: System.Net.Http.HttpClient.NoLoggingHandler.ClientHandler[101]
        Received HTTP response headers after 37.4195ms - 404
  info: System.Net.Http.HttpClient.NoLoggingHandler.LogicalHandler[101]
        End processing HTTP request after 37.4671ms - 404
  info: System.Net.Http.HttpClient.NoLoggingHandler.LogicalHandler[100]
        Start processing HTTP request GET https://github.com/dotnet/sourcelink/blob/main/License.md
  info: System.Net.Http.HttpClient.NoLoggingHandler.ClientHandler[100]
        Sending HTTP request GET https://github.com/dotnet/sourcelink/blob/main/License.md
  info: System.Net.Http.HttpClient.NoLoggingHandler.ClientHandler[101]
        Received HTTP response headers after 30.0908ms - 404
  info: System.Net.Http.HttpClient.NoLoggingHandler.LogicalHandler[101]
        End processing HTTP request after 30.1655ms - 404
  info: System.Net.Http.HttpClient.NoLoggingHandler.LogicalHandler[100]
        Start processing HTTP request GET https://github.com/mmanela/diffplex/blob/main/LICENSE.TXT
  info: System.Net.Http.HttpClient.NoLoggingHandler.ClientHandler[100]
        Sending HTTP request GET https://github.com/mmanela/diffplex/blob/main/LICENSE.TXT
  info: System.Net.Http.HttpClient.NoLoggingHandler.ClientHandler[101]
        Received HTTP response headers after 35.5789ms - 200
  info: System.Net.Http.HttpClient.NoLoggingHandler.LogicalHandler[101]
        End processing HTTP request after 35.6501ms - 200
  info: System.Net.Http.HttpClient.Default.LogicalHandler[100]
        Start processing HTTP request GET https://raw.githubusercontent.com/dotnet/sourcelink/main/License.txt
  info: System.Net.Http.HttpClient.Default.ClientHandler[100]
        Sending HTTP request GET https://raw.githubusercontent.com/dotnet/sourcelink/main/License.txt
  info: System.Net.Http.HttpClient.NoLoggingHandler.ClientHandler[101]
        Received HTTP response headers after 36.7539ms - 404
  info: System.Net.Http.HttpClient.NoLoggingHandler.LogicalHandler[101]
        End processing HTTP request after 36.812ms - 404
  info: System.Net.Http.HttpClient.NoLoggingHandler.ClientHandler[101]
        Received HTTP response headers after 29.3473ms - 404
  info: System.Net.Http.HttpClient.NoLoggingHandler.LogicalHandler[101]
        End processing HTTP request after 29.3847ms - 404
  info: System.Net.Http.HttpClient.NoLoggingHandler.LogicalHandler[100]
        Start processing HTTP request GET https://github.com/dotnet/sourcelink/blob/main/License.txt
  info: System.Net.Http.HttpClient.NoLoggingHandler.ClientHandler[100]
        Sending HTTP request GET https://github.com/dotnet/sourcelink/blob/main/License.txt
  info: System.Net.Http.HttpClient.NoLoggingHandler.LogicalHandler[100]
        Start processing HTTP request GET https://github.com/mmanela/diffplex/blob/master/LICENSE
  info: System.Net.Http.HttpClient.NoLoggingHandler.ClientHandler[100]
        Sending HTTP request GET https://github.com/mmanela/diffplex/blob/master/LICENSE
  info: System.Net.Http.HttpClient.Default.ClientHandler[101]
        Received HTTP response headers after 25.986ms - 200
  info: System.Net.Http.HttpClient.Default.LogicalHandler[101]
        End processing HTTP request after 26.051ms - 200
  info: System.Net.Http.HttpClient.NoLoggingHandler.LogicalHandler[100]
        Start processing HTTP request GET https://github.com/dotnet/sourcelink/blob/main/LICENSE
  info: System.Net.Http.HttpClient.NoLoggingHandler.ClientHandler[100]
        Sending HTTP request GET https://github.com/dotnet/sourcelink/blob/main/LICENSE
  info: System.Net.Http.HttpClient.NoLoggingHandler.ClientHandler[101]
        Received HTTP response headers after 30.957ms - 404
  info: System.Net.Http.HttpClient.NoLoggingHandler.LogicalHandler[101]
        End processing HTTP request after 31.0232ms - 404
  info: System.Net.Http.HttpClient.NoLoggingHandler.LogicalHandler[100]
        Start processing HTTP request GET https://github.com/mmanela/diffplex/blob/master/LICENSE.md
  info: System.Net.Http.HttpClient.NoLoggingHandler.ClientHandler[100]
        Sending HTTP request GET https://github.com/mmanela/diffplex/blob/master/LICENSE.md
  info: System.Net.Http.HttpClient.NoLoggingHandler.ClientHandler[101]
        Received HTTP response headers after 36.0312ms - 200
  info: System.Net.Http.HttpClient.NoLoggingHandler.LogicalHandler[101]
        End processing HTTP request after 36.0716ms - 200
  info: System.Net.Http.HttpClient.Default.LogicalHandler[100]
        Start processing HTTP request GET https://raw.githubusercontent.com/dotnet/sourcelink/main/License.txt
  info: System.Net.Http.HttpClient.Default.ClientHandler[100]
        Sending HTTP request GET https://raw.githubusercontent.com/dotnet/sourcelink/main/License.txt
  info: System.Net.Http.HttpClient.NoLoggingHandler.ClientHandler[101]
        Received HTTP response headers after 35.5565ms - 404
  info: System.Net.Http.HttpClient.NoLoggingHandler.LogicalHandler[101]
        End processing HTTP request after 35.6331ms - 404
  info: System.Net.Http.HttpClient.NoLoggingHandler.LogicalHandler[100]
        Start processing HTTP request GET https://github.com/dotnet/sourcelink/blob/main/LICENSE.md
  info: System.Net.Http.HttpClient.NoLoggingHandler.ClientHandler[100]
        Sending HTTP request GET https://github.com/dotnet/sourcelink/blob/main/LICENSE.md
  info: System.Net.Http.HttpClient.Default.ClientHandler[101]
        Received HTTP response headers after 187.3896ms - 200
  info: System.Net.Http.HttpClient.Default.LogicalHandler[101]
        End processing HTTP request after 187.4476ms - 200
  info: System.Net.Http.HttpClient.NoLoggingHandler.ClientHandler[101]
        Received HTTP response headers after 29.2447ms - 404
  info: System.Net.Http.HttpClient.NoLoggingHandler.LogicalHandler[101]
        End processing HTTP request after 29.3036ms - 404
  info: System.Net.Http.HttpClient.Default.ClientHandler[101]
        Received HTTP response headers after 26.6053ms - 200
  info: System.Net.Http.HttpClient.Default.LogicalHandler[101]
        End processing HTTP request after 26.6509ms - 200
  info: System.Net.Http.HttpClient.NoLoggingHandler.LogicalHandler[100]
        Start processing HTTP request GET https://github.com/mmanela/diffplex/blob/master/LICENSE.txt
  info: System.Net.Http.HttpClient.NoLoggingHandler.ClientHandler[100]
        Sending HTTP request GET https://github.com/mmanela/diffplex/blob/master/LICENSE.txt
  info: System.Net.Http.HttpClient.NoLoggingHandler.LogicalHandler[100]
        Start processing HTTP request GET http://go.microsoft.com/fwlink/?*
  info: System.Net.Http.HttpClient.NoLoggingHandler.ClientHandler[100]
        Sending HTTP request GET http://go.microsoft.com/fwlink/?*
  info: System.Net.Http.HttpClient.Default.LogicalHandler[100]
        Start processing HTTP request GET https://raw.githubusercontent.com/JamesNK/Newtonsoft.Json/master/LICENSE.md
  info: System.Net.Http.HttpClient.Default.ClientHandler[100]
        Sending HTTP request GET https://raw.githubusercontent.com/JamesNK/Newtonsoft.Json/master/LICENSE.md
  info: System.Net.Http.HttpClient.NoLoggingHandler.ClientHandler[101]
        Received HTTP response headers after 35.5673ms - 404
  info: System.Net.Http.HttpClient.NoLoggingHandler.LogicalHandler[101]
        End processing HTTP request after 35.642ms - 404
  info: System.Net.Http.HttpClient.NoLoggingHandler.LogicalHandler[100]
        Start processing HTTP request GET https://github.com/dotnet/sourcelink/blob/main/LICENSE.txt
  info: System.Net.Http.HttpClient.Default.ClientHandler[101]
        Received HTTP response headers after 26.2979ms - 200
  info: System.Net.Http.HttpClient.NoLoggingHandler.ClientHandler[100]
        Sending HTTP request GET https://github.com/dotnet/sourcelink/blob/main/LICENSE.txt
  info: System.Net.Http.HttpClient.Default.LogicalHandler[101]
        End processing HTTP request after 26.3304ms - 200
  info: System.Net.Http.HttpClient.Default.LogicalHandler[100]
        Start processing HTTP request GET https://www.apache.org/licenses/LICENSE-2.0.txt
  info: System.Net.Http.HttpClient.Default.ClientHandler[100]
        Sending HTTP request GET https://www.apache.org/licenses/LICENSE-2.0.txt
  info: System.Net.Http.HttpClient.NoLoggingHandler.ClientHandler[101]
        Received HTTP response headers after 29.2413ms - 302
  info: System.Net.Http.HttpClient.NoLoggingHandler.LogicalHandler[101]
        End processing HTTP request after 29.2772ms - 302
  info: System.Net.Http.HttpClient.Default.LogicalHandler[100]
        Start processing HTTP request GET https://raw.githubusercontent.com/dotnet/core/main/license-information.md
  info: System.Net.Http.HttpClient.Default.ClientHandler[100]
        Sending HTTP request GET https://raw.githubusercontent.com/dotnet/core/main/license-information.md
  info: System.Net.Http.HttpClient.NoLoggingHandler.ClientHandler[101]
        Received HTTP response headers after 30.3948ms - 404
  info: System.Net.Http.HttpClient.NoLoggingHandler.LogicalHandler[101]
        End processing HTTP request after 30.4305ms - 404
  info: System.Net.Http.HttpClient.NoLoggingHandler.LogicalHandler[100]
        Start processing HTTP request GET https://github.com/mmanela/diffplex/blob/master/license
  info: System.Net.Http.HttpClient.NoLoggingHandler.ClientHandler[100]
        Sending HTTP request GET https://github.com/mmanela/diffplex/blob/master/license
  info: System.Net.Http.HttpClient.NoLoggingHandler.ClientHandler[101]
        Received HTTP response headers after 29.1775ms - 404
  info: System.Net.Http.HttpClient.NoLoggingHandler.LogicalHandler[101]
        End processing HTTP request after 29.2432ms - 404
  info: System.Net.Http.HttpClient.NoLoggingHandler.ClientHandler[101]
        Received HTTP response headers after 35.7069ms - 404
  info: System.Net.Http.HttpClient.NoLoggingHandler.LogicalHandler[100]
        Start processing HTTP request GET https://github.com/mmanela/diffplex/blob/master/license.md
  info: System.Net.Http.HttpClient.NoLoggingHandler.LogicalHandler[101]
        End processing HTTP request after 35.7661ms - 404
  info: System.Net.Http.HttpClient.NoLoggingHandler.ClientHandler[100]
        Sending HTTP request GET https://github.com/mmanela/diffplex/blob/master/license.md
  info: System.Net.Http.HttpClient.NoLoggingHandler.LogicalHandler[100]
        Start processing HTTP request GET https://github.com/dotnet/sourcelink/blob/main/license
  info: System.Net.Http.HttpClient.NoLoggingHandler.ClientHandler[100]
        Sending HTTP request GET https://github.com/dotnet/sourcelink/blob/main/license
  info: System.Net.Http.HttpClient.NoLoggingHandler.ClientHandler[101]
        Received HTTP response headers after 29.0145ms - 404
  info: System.Net.Http.HttpClient.NoLoggingHandler.LogicalHandler[101]
        End processing HTTP request after 29.0825ms - 404
  info: System.Net.Http.HttpClient.NoLoggingHandler.LogicalHandler[100]
        Start processing HTTP request GET https://github.com/mmanela/diffplex/blob/master/license.txt
  info: System.Net.Http.HttpClient.NoLoggingHandler.ClientHandler[100]
        Sending HTTP request GET https://github.com/mmanela/diffplex/blob/master/license.txt
  info: System.Net.Http.HttpClient.NoLoggingHandler.ClientHandler[101]
        Received HTTP response headers after 35.5071ms - 404
  info: System.Net.Http.HttpClient.NoLoggingHandler.LogicalHandler[101]
        End processing HTTP request after 35.5582ms - 404
  info: System.Net.Http.HttpClient.NoLoggingHandler.LogicalHandler[100]
        Start processing HTTP request GET https://github.com/dotnet/sourcelink/blob/main/license.md
  info: System.Net.Http.HttpClient.NoLoggingHandler.ClientHandler[100]
        Sending HTTP request GET https://github.com/dotnet/sourcelink/blob/main/license.md
  info: System.Net.Http.HttpClient.Default.ClientHandler[101]
        Received HTTP response headers after 83.1573ms - 200
  info: System.Net.Http.HttpClient.Default.LogicalHandler[101]
        End processing HTTP request after 83.1901ms - 200
  info: System.Net.Http.HttpClient.NoLoggingHandler.ClientHandler[101]
        Received HTTP response headers after 29.6436ms - 404
  info: System.Net.Http.HttpClient.NoLoggingHandler.LogicalHandler[101]
        End processing HTTP request after 29.716ms - 404
  info: System.Net.Http.HttpClient.NoLoggingHandler.LogicalHandler[100]
        Start processing HTTP request GET https://github.com/mmanela/diffplex/blob/master/License
  info: System.Net.Http.HttpClient.NoLoggingHandler.ClientHandler[100]
        Sending HTTP request GET https://github.com/mmanela/diffplex/blob/master/License
  info: System.Net.Http.HttpClient.NoLoggingHandler.ClientHandler[101]
        Received HTTP response headers after 37.0495ms - 404
  info: System.Net.Http.HttpClient.NoLoggingHandler.LogicalHandler[101]
        End processing HTTP request after 37.0952ms - 404
  info: System.Net.Http.HttpClient.NoLoggingHandler.LogicalHandler[100]
        Start processing HTTP request GET https://github.com/dotnet/sourcelink/blob/main/license.txt
  info: System.Net.Http.HttpClient.NoLoggingHandler.ClientHandler[100]
        Sending HTTP request GET https://github.com/dotnet/sourcelink/blob/main/license.txt
  info: System.Net.Http.HttpClient.NoLoggingHandler.ClientHandler[101]
        Received HTTP response headers after 30.7055ms - 404
  info: System.Net.Http.HttpClient.NoLoggingHandler.LogicalHandler[101]
        End processing HTTP request after 30.7681ms - 404
  info: System.Net.Http.HttpClient.NoLoggingHandler.LogicalHandler[100]
        Start processing HTTP request GET https://github.com/mmanela/diffplex/blob/master/License.md
  info: System.Net.Http.HttpClient.NoLoggingHandler.ClientHandler[100]
        Sending HTTP request GET https://github.com/mmanela/diffplex/blob/master/License.md
  info: System.Net.Http.HttpClient.NoLoggingHandler.ClientHandler[101]
        Received HTTP response headers after 35.5638ms - 404
  info: System.Net.Http.HttpClient.NoLoggingHandler.LogicalHandler[101]
        End processing HTTP request after 35.6323ms - 404
  info: System.Net.Http.HttpClient.NoLoggingHandler.LogicalHandler[100]
        Start processing HTTP request GET https://github.com/dotnet/sourcelink/blob/main/License
  info: System.Net.Http.HttpClient.NoLoggingHandler.ClientHandler[100]
        Sending HTTP request GET https://github.com/dotnet/sourcelink/blob/main/License
  info: System.Net.Http.HttpClient.NoLoggingHandler.ClientHandler[101]
        Received HTTP response headers after 30.933ms - 404
  info: System.Net.Http.HttpClient.NoLoggingHandler.LogicalHandler[101]
        End processing HTTP request after 30.9978ms - 404
  info: System.Net.Http.HttpClient.NoLoggingHandler.LogicalHandler[100]
        Start processing HTTP request GET https://github.com/mmanela/diffplex/blob/master/License.txt
  info: System.Net.Http.HttpClient.NoLoggingHandler.ClientHandler[100]
        Sending HTTP request GET https://github.com/mmanela/diffplex/blob/master/License.txt
  info: System.Net.Http.HttpClient.Default.ClientHandler[101]
        Received HTTP response headers after 167.5265ms - 200
  info: System.Net.Http.HttpClient.Default.LogicalHandler[101]
        End processing HTTP request after 167.5564ms - 200
  info: System.Net.Http.HttpClient.NoLoggingHandler.ClientHandler[101]
        Received HTTP response headers after 35.7199ms - 404
  info: System.Net.Http.HttpClient.NoLoggingHandler.LogicalHandler[101]
        End processing HTTP request after 35.783ms - 404
  info: System.Net.Http.HttpClient.NoLoggingHandler.LogicalHandler[100]
        Start processing HTTP request GET https://github.com/dotnet/sourcelink/blob/main/License.md
  info: System.Net.Http.HttpClient.NoLoggingHandler.ClientHandler[100]
        Sending HTTP request GET https://github.com/dotnet/sourcelink/blob/main/License.md
  info: System.Net.Http.HttpClient.NoLoggingHandler.ClientHandler[101]
        Received HTTP response headers after 29.3885ms - 200
  info: System.Net.Http.HttpClient.NoLoggingHandler.LogicalHandler[101]
        End processing HTTP request after 29.4343ms - 200
  info: System.Net.Http.HttpClient.Default.LogicalHandler[100]
        Start processing HTTP request GET https://raw.githubusercontent.com/mmanela/diffplex/master/License.txt
  info: System.Net.Http.HttpClient.Default.ClientHandler[100]
        Sending HTTP request GET https://raw.githubusercontent.com/mmanela/diffplex/master/License.txt
  info: System.Net.Http.HttpClient.Default.ClientHandler[101]
        Received HTTP response headers after 26.0797ms - 200
  info: System.Net.Http.HttpClient.Default.LogicalHandler[101]
        End processing HTTP request after 26.1485ms - 200
  info: System.Net.Http.HttpClient.NoLoggingHandler.ClientHandler[101]
        Received HTTP response headers after 35.4561ms - 404
  info: System.Net.Http.HttpClient.NoLoggingHandler.LogicalHandler[101]
        End processing HTTP request after 35.4986ms - 404
  info: System.Net.Http.HttpClient.NoLoggingHandler.LogicalHandler[100]
        Start processing HTTP request GET https://github.com/dotnet/sourcelink/blob/main/License.txt
  info: System.Net.Http.HttpClient.NoLoggingHandler.ClientHandler[100]
        Sending HTTP request GET https://github.com/dotnet/sourcelink/blob/main/License.txt
  info: System.Net.Http.HttpClient.NoLoggingHandler.ClientHandler[101]
        Received HTTP response headers after 36.3286ms - 200
  info: System.Net.Http.HttpClient.NoLoggingHandler.LogicalHandler[101]
        End processing HTTP request after 36.3901ms - 200
  info: System.Net.Http.HttpClient.Default.LogicalHandler[100]
        Start processing HTTP request GET https://raw.githubusercontent.com/dotnet/sourcelink/main/License.txt
  info: System.Net.Http.HttpClient.Default.ClientHandler[100]
        Sending HTTP request GET https://raw.githubusercontent.com/dotnet/sourcelink/main/License.txt
  info: System.Net.Http.HttpClient.Default.ClientHandler[101]
        Received HTTP response headers after 25.7113ms - 200
  info: System.Net.Http.HttpClient.Default.LogicalHandler[101]
        End processing HTTP request after 25.7687ms - 200
  info: Musoq.Cloud.LicensesGatherer.LicenseGatherer[0]
        Saved 16 licenses from 16 packages
  info: Musoq.Cloud.LicensesGatherer.LicenseGatherer[0]
        License texts saved in: D:\repos\Musoq.DataSources\.builds\license-refresh\Musoq.DataSources.Jira\snapshot\third-party-notices
[SNAPSHOT] package=Musoq.DataSources.Jira packages=15 files=17 manifest_sha256=c984b613f964daa04ce3cd8e8dfca0e8c3046fcbf5c5a81b76d7730236e3a4cc source=checked-in
[UPDATED] License snapshot 'Musoq.DataSources.Jira'
Refreshing license snapshot: Musoq.DataSources.Json
  info: Musoq.Cloud.LicensesGatherer.LicenseGatherer[0]
        Starting license gathering for: D:\repos\Musoq.DataSources\Musoq.DataSources.Json\Musoq.DataSources.Json.csproj
  info: Musoq.Cloud.LicensesGatherer.LicenseGatherer[0]
        Output folder: D:\repos\Musoq.DataSources\.builds\license-refresh\Musoq.DataSources.Json\snapshot\third-party-notices
  info: Musoq.Cloud.LicensesGatherer.LicenseGatherer[0]
        Loaded 12 manual link overrides
  info: Musoq.Cloud.LicensesGatherer.LicenseGatherer[0]
        Loaded 0 cached links
  info: Musoq.Cloud.LicensesGatherer.LicenseGatherer[0]
        Found 10 packages to process
  info: Musoq.Cloud.LicensesGatherer.LicenseGatherer[0]
        After filtering runtime packages: 10 packages
  info: System.Net.Http.HttpClient.NoLoggingHandler.LogicalHandler[100]
        Start processing HTTP request GET https://github.com/dotnet/sourcelink/blob/main/LICENSE
  info: System.Net.Http.HttpClient.NoLoggingHandler.LogicalHandler[100]
        Start processing HTTP request GET https://github.com/mmanela/diffplex/blob/main/LICENSE
  info: System.Net.Http.HttpClient.Default.LogicalHandler[100]
        Start processing HTTP request GET https://raw.githubusercontent.com/dotnet/runtime/main/LICENSE.TXT
  info: System.Net.Http.HttpClient.Default.LogicalHandler[100]
        Start processing HTTP request GET https://raw.githubusercontent.com/DanHarltey/Fastenshtein/master/LICENSE
  info: System.Net.Http.HttpClient.NoLoggingHandler.ClientHandler[100]
        Sending HTTP request GET https://github.com/mmanela/diffplex/blob/main/LICENSE
  info: System.Net.Http.HttpClient.Default.ClientHandler[100]
        Sending HTTP request GET https://raw.githubusercontent.com/dotnet/runtime/main/LICENSE.TXT
  info: System.Net.Http.HttpClient.NoLoggingHandler.ClientHandler[100]
        Sending HTTP request GET https://github.com/dotnet/sourcelink/blob/main/LICENSE
  info: System.Net.Http.HttpClient.Default.ClientHandler[100]
        Sending HTTP request GET https://raw.githubusercontent.com/DanHarltey/Fastenshtein/master/LICENSE
  info: System.Net.Http.HttpClient.Default.ClientHandler[101]
        Received HTTP response headers after 110.1679ms - 200
  info: System.Net.Http.HttpClient.Default.ClientHandler[101]
        Received HTTP response headers after 107.7927ms - 200
  info: System.Net.Http.HttpClient.Default.LogicalHandler[101]
        End processing HTTP request after 114.5691ms - 200
  info: System.Net.Http.HttpClient.Default.LogicalHandler[101]
        End processing HTTP request after 114.5793ms - 200
  info: System.Net.Http.HttpClient.Default.LogicalHandler[100]
        Start processing HTTP request GET https://raw.githubusercontent.com/dotnet/runtime/main/LICENSE.TXT
  info: System.Net.Http.HttpClient.Default.ClientHandler[100]
        Sending HTTP request GET https://raw.githubusercontent.com/dotnet/runtime/main/LICENSE.TXT
  info: System.Net.Http.HttpClient.NoLoggingHandler.LogicalHandler[100]
        Start processing HTTP request GET https://github.com/dotnet/sourcelink/blob/main/LICENSE
  info: System.Net.Http.HttpClient.NoLoggingHandler.ClientHandler[100]
        Sending HTTP request GET https://github.com/dotnet/sourcelink/blob/main/LICENSE
  info: System.Net.Http.HttpClient.NoLoggingHandler.ClientHandler[101]
        Received HTTP response headers after 121.1628ms - 404
  info: System.Net.Http.HttpClient.NoLoggingHandler.LogicalHandler[101]
        End processing HTTP request after 124.6406ms - 404
  info: System.Net.Http.HttpClient.NoLoggingHandler.ClientHandler[101]
        Received HTTP response headers after 121.8117ms - 404
  info: System.Net.Http.HttpClient.NoLoggingHandler.LogicalHandler[101]
        End processing HTTP request after 125.2752ms - 404
  info: System.Net.Http.HttpClient.Default.ClientHandler[101]
        Received HTTP response headers after 25.72ms - 200
  info: System.Net.Http.HttpClient.Default.LogicalHandler[101]
        End processing HTTP request after 25.7932ms - 200
  info: System.Net.Http.HttpClient.NoLoggingHandler.LogicalHandler[100]
        Start processing HTTP request GET https://github.com/dotnet/sourcelink/blob/main/LICENSE
  info: System.Net.Http.HttpClient.NoLoggingHandler.ClientHandler[100]
        Sending HTTP request GET https://github.com/dotnet/sourcelink/blob/main/LICENSE
  info: System.Net.Http.HttpClient.NoLoggingHandler.LogicalHandler[100]
        Start processing HTTP request GET https://github.com/dotnet/sourcelink/blob/main/LICENSE.md
  info: System.Net.Http.HttpClient.NoLoggingHandler.ClientHandler[100]
        Sending HTTP request GET https://github.com/dotnet/sourcelink/blob/main/LICENSE.md
  info: System.Net.Http.HttpClient.NoLoggingHandler.ClientHandler[101]
        Received HTTP response headers after 88.0109ms - 404
  info: System.Net.Http.HttpClient.NoLoggingHandler.LogicalHandler[101]
        End processing HTTP request after 88.0642ms - 404
  info: System.Net.Http.HttpClient.NoLoggingHandler.LogicalHandler[100]
        Start processing HTTP request GET https://github.com/mmanela/diffplex/blob/main/LICENSE.md
  info: System.Net.Http.HttpClient.NoLoggingHandler.ClientHandler[100]
        Sending HTTP request GET https://github.com/mmanela/diffplex/blob/main/LICENSE.md
  info: System.Net.Http.HttpClient.NoLoggingHandler.ClientHandler[101]
        Received HTTP response headers after 84.1971ms - 404
  info: System.Net.Http.HttpClient.NoLoggingHandler.LogicalHandler[101]
        End processing HTTP request after 84.2547ms - 404
  info: System.Net.Http.HttpClient.NoLoggingHandler.LogicalHandler[100]
        Start processing HTTP request GET https://github.com/dotnet/sourcelink/blob/main/LICENSE.md
  info: System.Net.Http.HttpClient.NoLoggingHandler.ClientHandler[100]
        Sending HTTP request GET https://github.com/dotnet/sourcelink/blob/main/LICENSE.md
  info: System.Net.Http.HttpClient.NoLoggingHandler.ClientHandler[101]
        Received HTTP response headers after 35.6948ms - 404
  info: System.Net.Http.HttpClient.NoLoggingHandler.LogicalHandler[101]
        End processing HTTP request after 35.7557ms - 404
  info: System.Net.Http.HttpClient.NoLoggingHandler.ClientHandler[101]
        Received HTTP response headers after 33.8433ms - 404
  info: System.Net.Http.HttpClient.NoLoggingHandler.LogicalHandler[101]
        End processing HTTP request after 33.8918ms - 404
  info: System.Net.Http.HttpClient.NoLoggingHandler.LogicalHandler[100]
        Start processing HTTP request GET https://github.com/mmanela/diffplex/blob/main/LICENSE.txt
  info: System.Net.Http.HttpClient.NoLoggingHandler.ClientHandler[100]
        Sending HTTP request GET https://github.com/mmanela/diffplex/blob/main/LICENSE.txt
  info: System.Net.Http.HttpClient.NoLoggingHandler.ClientHandler[101]
        Received HTTP response headers after 30.2915ms - 404
  info: System.Net.Http.HttpClient.NoLoggingHandler.LogicalHandler[101]
        End processing HTTP request after 30.3269ms - 404
  info: System.Net.Http.HttpClient.NoLoggingHandler.LogicalHandler[100]
        Start processing HTTP request GET https://github.com/dotnet/sourcelink/blob/main/LICENSE.txt
  info: System.Net.Http.HttpClient.NoLoggingHandler.ClientHandler[100]
        Sending HTTP request GET https://github.com/dotnet/sourcelink/blob/main/LICENSE.txt
  info: System.Net.Http.HttpClient.NoLoggingHandler.ClientHandler[101]
        Received HTTP response headers after 33.557ms - 404
  info: System.Net.Http.HttpClient.NoLoggingHandler.LogicalHandler[101]
        End processing HTTP request after 33.6089ms - 404
  info: System.Net.Http.HttpClient.NoLoggingHandler.LogicalHandler[100]
        Start processing HTTP request GET https://github.com/mmanela/diffplex/blob/main/license
  info: System.Net.Http.HttpClient.NoLoggingHandler.ClientHandler[100]
        Sending HTTP request GET https://github.com/mmanela/diffplex/blob/main/license
  info: System.Net.Http.HttpClient.NoLoggingHandler.LogicalHandler[100]
        Start processing HTTP request GET https://github.com/dotnet/sourcelink/blob/main/LICENSE.md
  info: System.Net.Http.HttpClient.NoLoggingHandler.ClientHandler[100]
        Sending HTTP request GET https://github.com/dotnet/sourcelink/blob/main/LICENSE.md
  info: System.Net.Http.HttpClient.NoLoggingHandler.ClientHandler[101]
        Received HTTP response headers after 30.9505ms - 404
  info: System.Net.Http.HttpClient.NoLoggingHandler.LogicalHandler[101]
        End processing HTTP request after 30.9882ms - 404
  info: System.Net.Http.HttpClient.NoLoggingHandler.LogicalHandler[100]
        Start processing HTTP request GET https://github.com/dotnet/sourcelink/blob/main/license
  info: System.Net.Http.HttpClient.NoLoggingHandler.ClientHandler[100]
        Sending HTTP request GET https://github.com/dotnet/sourcelink/blob/main/license
  info: System.Net.Http.HttpClient.NoLoggingHandler.ClientHandler[101]
        Received HTTP response headers after 29.1094ms - 404
  info: System.Net.Http.HttpClient.NoLoggingHandler.LogicalHandler[101]
        End processing HTTP request after 29.1435ms - 404
  info: System.Net.Http.HttpClient.NoLoggingHandler.LogicalHandler[100]
        Start processing HTTP request GET https://github.com/dotnet/sourcelink/blob/main/LICENSE.txt
  info: System.Net.Http.HttpClient.NoLoggingHandler.ClientHandler[100]
        Sending HTTP request GET https://github.com/dotnet/sourcelink/blob/main/LICENSE.txt
  info: System.Net.Http.HttpClient.NoLoggingHandler.LogicalHandler[100]
        Start processing HTTP request GET https://github.com/dotnet/sourcelink/blob/main/LICENSE.txt
  info: System.Net.Http.HttpClient.NoLoggingHandler.ClientHandler[100]
        Sending HTTP request GET https://github.com/dotnet/sourcelink/blob/main/LICENSE.txt
  info: System.Net.Http.HttpClient.NoLoggingHandler.ClientHandler[101]
        Received HTTP response headers after 33.5011ms - 404
  info: System.Net.Http.HttpClient.NoLoggingHandler.LogicalHandler[101]
        End processing HTTP request after 33.5342ms - 404
  info: System.Net.Http.HttpClient.NoLoggingHandler.LogicalHandler[100]
        Start processing HTTP request GET https://github.com/mmanela/diffplex/blob/main/license.md
  info: System.Net.Http.HttpClient.NoLoggingHandler.ClientHandler[100]
        Sending HTTP request GET https://github.com/mmanela/diffplex/blob/main/license.md
  info: System.Net.Http.HttpClient.NoLoggingHandler.ClientHandler[101]
        Received HTTP response headers after 32.0019ms - 404
  info: System.Net.Http.HttpClient.NoLoggingHandler.LogicalHandler[101]
        End processing HTTP request after 32.0468ms - 404
  info: System.Net.Http.HttpClient.NoLoggingHandler.LogicalHandler[100]
        Start processing HTTP request GET https://github.com/dotnet/sourcelink/blob/main/license.md
  info: System.Net.Http.HttpClient.NoLoggingHandler.ClientHandler[100]
        Sending HTTP request GET https://github.com/dotnet/sourcelink/blob/main/license.md
  info: System.Net.Http.HttpClient.NoLoggingHandler.ClientHandler[101]
        Received HTTP response headers after 28.9034ms - 404
  info: System.Net.Http.HttpClient.NoLoggingHandler.LogicalHandler[101]
        End processing HTTP request after 28.9682ms - 404
  info: System.Net.Http.HttpClient.NoLoggingHandler.LogicalHandler[100]
        Start processing HTTP request GET https://github.com/dotnet/sourcelink/blob/main/license
  info: System.Net.Http.HttpClient.NoLoggingHandler.ClientHandler[101]
        Received HTTP response headers after 30.1885ms - 404
  info: System.Net.Http.HttpClient.NoLoggingHandler.LogicalHandler[101]
        End processing HTTP request after 30.2321ms - 404
  info: System.Net.Http.HttpClient.NoLoggingHandler.ClientHandler[100]
        Sending HTTP request GET https://github.com/dotnet/sourcelink/blob/main/license
  info: System.Net.Http.HttpClient.NoLoggingHandler.LogicalHandler[100]
        Start processing HTTP request GET https://github.com/dotnet/sourcelink/blob/main/license
  info: System.Net.Http.HttpClient.NoLoggingHandler.ClientHandler[100]
        Sending HTTP request GET https://github.com/dotnet/sourcelink/blob/main/license
  info: System.Net.Http.HttpClient.NoLoggingHandler.ClientHandler[101]
        Received HTTP response headers after 33.6326ms - 404
  info: System.Net.Http.HttpClient.NoLoggingHandler.LogicalHandler[101]
        End processing HTTP request after 33.661ms - 404
  info: System.Net.Http.HttpClient.NoLoggingHandler.LogicalHandler[100]
        Start processing HTTP request GET https://github.com/mmanela/diffplex/blob/main/license.txt
  info: System.Net.Http.HttpClient.NoLoggingHandler.ClientHandler[100]
        Sending HTTP request GET https://github.com/mmanela/diffplex/blob/main/license.txt
  info: System.Net.Http.HttpClient.NoLoggingHandler.ClientHandler[101]
        Received HTTP response headers after 30.4367ms - 404
  info: System.Net.Http.HttpClient.NoLoggingHandler.LogicalHandler[101]
        End processing HTTP request after 30.4778ms - 404
  info: System.Net.Http.HttpClient.NoLoggingHandler.LogicalHandler[100]
        Start processing HTTP request GET https://github.com/dotnet/sourcelink/blob/main/license.txt
  info: System.Net.Http.HttpClient.NoLoggingHandler.ClientHandler[100]
        Sending HTTP request GET https://github.com/dotnet/sourcelink/blob/main/license.txt
  info: System.Net.Http.HttpClient.NoLoggingHandler.ClientHandler[101]
        Received HTTP response headers after 29.6635ms - 404
  info: System.Net.Http.HttpClient.NoLoggingHandler.LogicalHandler[101]
        End processing HTTP request after 29.7264ms - 404
  info: System.Net.Http.HttpClient.NoLoggingHandler.ClientHandler[101]
        Received HTTP response headers after 30.1461ms - 404
  info: System.Net.Http.HttpClient.NoLoggingHandler.LogicalHandler[101]
        End processing HTTP request after 30.1751ms - 404
  info: System.Net.Http.HttpClient.NoLoggingHandler.LogicalHandler[100]
        Start processing HTTP request GET https://github.com/dotnet/sourcelink/blob/main/license.md
  info: System.Net.Http.HttpClient.NoLoggingHandler.ClientHandler[100]
        Sending HTTP request GET https://github.com/dotnet/sourcelink/blob/main/license.md
  info: System.Net.Http.HttpClient.NoLoggingHandler.LogicalHandler[100]
        Start processing HTTP request GET https://github.com/dotnet/sourcelink/blob/main/license.md
  info: System.Net.Http.HttpClient.NoLoggingHandler.ClientHandler[100]
        Sending HTTP request GET https://github.com/dotnet/sourcelink/blob/main/license.md
  info: System.Net.Http.HttpClient.NoLoggingHandler.ClientHandler[101]
        Received HTTP response headers after 33.2396ms - 404
  info: System.Net.Http.HttpClient.NoLoggingHandler.LogicalHandler[101]
        End processing HTTP request after 33.2674ms - 404
  info: System.Net.Http.HttpClient.NoLoggingHandler.LogicalHandler[100]
        Start processing HTTP request GET https://github.com/mmanela/diffplex/blob/main/License
  info: System.Net.Http.HttpClient.NoLoggingHandler.ClientHandler[100]
        Sending HTTP request GET https://github.com/mmanela/diffplex/blob/main/License
  info: System.Net.Http.HttpClient.NoLoggingHandler.ClientHandler[101]
        Received HTTP response headers after 30.6143ms - 404
  info: System.Net.Http.HttpClient.NoLoggingHandler.LogicalHandler[101]
        End processing HTTP request after 30.6437ms - 404
  info: System.Net.Http.HttpClient.NoLoggingHandler.LogicalHandler[100]
        Start processing HTTP request GET https://github.com/dotnet/sourcelink/blob/main/License
  info: System.Net.Http.HttpClient.NoLoggingHandler.ClientHandler[100]
        Sending HTTP request GET https://github.com/dotnet/sourcelink/blob/main/License
  info: System.Net.Http.HttpClient.NoLoggingHandler.ClientHandler[101]
        Received HTTP response headers after 29.3219ms - 404
  info: System.Net.Http.HttpClient.NoLoggingHandler.LogicalHandler[101]
        End processing HTTP request after 29.3613ms - 404
  info: System.Net.Http.HttpClient.NoLoggingHandler.LogicalHandler[100]
        Start processing HTTP request GET https://github.com/dotnet/sourcelink/blob/main/license.txt
  info: System.Net.Http.HttpClient.NoLoggingHandler.ClientHandler[100]
        Sending HTTP request GET https://github.com/dotnet/sourcelink/blob/main/license.txt
  info: System.Net.Http.HttpClient.NoLoggingHandler.ClientHandler[101]
        Received HTTP response headers after 29.8445ms - 404
  info: System.Net.Http.HttpClient.NoLoggingHandler.LogicalHandler[101]
        End processing HTTP request after 29.8685ms - 404
  info: System.Net.Http.HttpClient.NoLoggingHandler.LogicalHandler[100]
        Start processing HTTP request GET https://github.com/dotnet/sourcelink/blob/main/license.txt
  info: System.Net.Http.HttpClient.NoLoggingHandler.ClientHandler[100]
        Sending HTTP request GET https://github.com/dotnet/sourcelink/blob/main/license.txt
  info: System.Net.Http.HttpClient.NoLoggingHandler.ClientHandler[101]
        Received HTTP response headers after 30.9312ms - 404
  info: System.Net.Http.HttpClient.NoLoggingHandler.LogicalHandler[101]
        End processing HTTP request after 30.967ms - 404
  info: System.Net.Http.HttpClient.NoLoggingHandler.ClientHandler[101]
        Received HTTP response headers after 33.178ms - 404
  info: System.Net.Http.HttpClient.NoLoggingHandler.LogicalHandler[101]
        End processing HTTP request after 33.2097ms - 404
  info: System.Net.Http.HttpClient.NoLoggingHandler.LogicalHandler[100]
        Start processing HTTP request GET https://github.com/dotnet/sourcelink/blob/main/License.md
  info: System.Net.Http.HttpClient.NoLoggingHandler.ClientHandler[100]
        Sending HTTP request GET https://github.com/dotnet/sourcelink/blob/main/License.md
  info: System.Net.Http.HttpClient.NoLoggingHandler.LogicalHandler[100]
        Start processing HTTP request GET https://github.com/mmanela/diffplex/blob/main/License.md
  info: System.Net.Http.HttpClient.NoLoggingHandler.ClientHandler[100]
        Sending HTTP request GET https://github.com/mmanela/diffplex/blob/main/License.md
  info: System.Net.Http.HttpClient.NoLoggingHandler.ClientHandler[101]
        Received HTTP response headers after 28.7534ms - 404
  info: System.Net.Http.HttpClient.NoLoggingHandler.LogicalHandler[101]
        End processing HTTP request after 28.7839ms - 404
  info: System.Net.Http.HttpClient.NoLoggingHandler.LogicalHandler[100]
        Start processing HTTP request GET https://github.com/dotnet/sourcelink/blob/main/License
  info: System.Net.Http.HttpClient.NoLoggingHandler.ClientHandler[100]
        Sending HTTP request GET https://github.com/dotnet/sourcelink/blob/main/License
  info: System.Net.Http.HttpClient.NoLoggingHandler.ClientHandler[101]
        Received HTTP response headers after 29.9252ms - 404
  info: System.Net.Http.HttpClient.NoLoggingHandler.LogicalHandler[101]
        End processing HTTP request after 29.9493ms - 404
  info: System.Net.Http.HttpClient.NoLoggingHandler.LogicalHandler[100]
        Start processing HTTP request GET https://github.com/dotnet/sourcelink/blob/main/License
  info: System.Net.Http.HttpClient.NoLoggingHandler.ClientHandler[100]
        Sending HTTP request GET https://github.com/dotnet/sourcelink/blob/main/License
  info: System.Net.Http.HttpClient.NoLoggingHandler.ClientHandler[101]
        Received HTTP response headers after 30.7244ms - 404
  info: System.Net.Http.HttpClient.NoLoggingHandler.LogicalHandler[101]
        End processing HTTP request after 30.7582ms - 404
  info: System.Net.Http.HttpClient.NoLoggingHandler.LogicalHandler[100]
        Start processing HTTP request GET https://github.com/dotnet/sourcelink/blob/main/License.txt
  info: System.Net.Http.HttpClient.NoLoggingHandler.ClientHandler[100]
        Sending HTTP request GET https://github.com/dotnet/sourcelink/blob/main/License.txt
  info: System.Net.Http.HttpClient.NoLoggingHandler.ClientHandler[101]
        Received HTTP response headers after 33.9555ms - 404
  info: System.Net.Http.HttpClient.NoLoggingHandler.LogicalHandler[101]
        End processing HTTP request after 33.9903ms - 404
  info: System.Net.Http.HttpClient.NoLoggingHandler.LogicalHandler[100]
        Start processing HTTP request GET https://github.com/mmanela/diffplex/blob/main/License.txt
  info: System.Net.Http.HttpClient.NoLoggingHandler.ClientHandler[100]
        Sending HTTP request GET https://github.com/mmanela/diffplex/blob/main/License.txt
  info: System.Net.Http.HttpClient.NoLoggingHandler.ClientHandler[101]
        Received HTTP response headers after 28.8601ms - 404
  info: System.Net.Http.HttpClient.NoLoggingHandler.LogicalHandler[101]
        End processing HTTP request after 28.8931ms - 404
  info: System.Net.Http.HttpClient.NoLoggingHandler.ClientHandler[101]
        Received HTTP response headers after 30.0341ms - 404
  info: System.Net.Http.HttpClient.NoLoggingHandler.LogicalHandler[101]
        End processing HTTP request after 30.0716ms - 404
  info: System.Net.Http.HttpClient.NoLoggingHandler.LogicalHandler[100]
        Start processing HTTP request GET https://github.com/dotnet/sourcelink/blob/main/License.md
  info: System.Net.Http.HttpClient.NoLoggingHandler.ClientHandler[100]
        Sending HTTP request GET https://github.com/dotnet/sourcelink/blob/main/License.md
  info: System.Net.Http.HttpClient.NoLoggingHandler.ClientHandler[101]
        Received HTTP response headers after 30.5238ms - 200
  info: System.Net.Http.HttpClient.NoLoggingHandler.LogicalHandler[101]
        End processing HTTP request after 30.5554ms - 200
  info: System.Net.Http.HttpClient.Default.LogicalHandler[100]
        Start processing HTTP request GET https://raw.githubusercontent.com/dotnet/sourcelink/main/License.txt
  info: System.Net.Http.HttpClient.Default.ClientHandler[100]
        Sending HTTP request GET https://raw.githubusercontent.com/dotnet/sourcelink/main/License.txt
  info: System.Net.Http.HttpClient.NoLoggingHandler.ClientHandler[101]
        Received HTTP response headers after 33.2634ms - 404
  info: System.Net.Http.HttpClient.NoLoggingHandler.LogicalHandler[101]
        End processing HTTP request after 33.2921ms - 404
  info: System.Net.Http.HttpClient.NoLoggingHandler.LogicalHandler[100]
        Start processing HTTP request GET https://github.com/mmanela/diffplex/blob/main/LICENSE.TXT
  info: System.Net.Http.HttpClient.NoLoggingHandler.ClientHandler[100]
        Sending HTTP request GET https://github.com/mmanela/diffplex/blob/main/LICENSE.TXT
  info: System.Net.Http.HttpClient.NoLoggingHandler.ClientHandler[101]
        Received HTTP response headers after 29.9966ms - 404
  info: System.Net.Http.HttpClient.NoLoggingHandler.LogicalHandler[101]
        End processing HTTP request after 30.0314ms - 404
  info: System.Net.Http.HttpClient.NoLoggingHandler.LogicalHandler[100]
        Start processing HTTP request GET https://github.com/dotnet/sourcelink/blob/main/License.txt
  info: System.Net.Http.HttpClient.NoLoggingHandler.ClientHandler[100]
        Sending HTTP request GET https://github.com/dotnet/sourcelink/blob/main/License.txt
  info: System.Net.Http.HttpClient.Default.ClientHandler[101]
        Received HTTP response headers after 25.7284ms - 200
  info: System.Net.Http.HttpClient.Default.LogicalHandler[101]
        End processing HTTP request after 25.7649ms - 200
  info: System.Net.Http.HttpClient.NoLoggingHandler.ClientHandler[101]
        Received HTTP response headers after 33.074ms - 404
  info: System.Net.Http.HttpClient.NoLoggingHandler.LogicalHandler[101]
        End processing HTTP request after 33.119ms - 404
  info: System.Net.Http.HttpClient.NoLoggingHandler.LogicalHandler[100]
        Start processing HTTP request GET https://github.com/mmanela/diffplex/blob/master/LICENSE
  info: System.Net.Http.HttpClient.NoLoggingHandler.ClientHandler[100]
        Sending HTTP request GET https://github.com/mmanela/diffplex/blob/master/LICENSE
  info: System.Net.Http.HttpClient.NoLoggingHandler.ClientHandler[101]
        Received HTTP response headers after 29.5752ms - 200
  info: System.Net.Http.HttpClient.NoLoggingHandler.LogicalHandler[101]
        End processing HTTP request after 29.6045ms - 200
  info: System.Net.Http.HttpClient.Default.LogicalHandler[100]
        Start processing HTTP request GET https://raw.githubusercontent.com/dotnet/sourcelink/main/License.txt
  info: System.Net.Http.HttpClient.Default.ClientHandler[100]
        Sending HTTP request GET https://raw.githubusercontent.com/dotnet/sourcelink/main/License.txt
  info: System.Net.Http.HttpClient.NoLoggingHandler.ClientHandler[101]
        Received HTTP response headers after 33.2462ms - 404
  info: System.Net.Http.HttpClient.Default.ClientHandler[101]
        Received HTTP response headers after 25.8272ms - 200
  info: System.Net.Http.HttpClient.NoLoggingHandler.LogicalHandler[101]
        End processing HTTP request after 33.2876ms - 404
  info: System.Net.Http.HttpClient.Default.LogicalHandler[101]
        End processing HTTP request after 25.8655ms - 200
  info: System.Net.Http.HttpClient.NoLoggingHandler.LogicalHandler[100]
        Start processing HTTP request GET https://github.com/mmanela/diffplex/blob/master/LICENSE.md
  info: System.Net.Http.HttpClient.NoLoggingHandler.ClientHandler[100]
        Sending HTTP request GET https://github.com/mmanela/diffplex/blob/master/LICENSE.md
  info: System.Net.Http.HttpClient.NoLoggingHandler.ClientHandler[101]
        Received HTTP response headers after 33.3472ms - 404
  info: System.Net.Http.HttpClient.NoLoggingHandler.LogicalHandler[101]
        End processing HTTP request after 33.407ms - 404
  info: System.Net.Http.HttpClient.NoLoggingHandler.LogicalHandler[100]
        Start processing HTTP request GET https://github.com/mmanela/diffplex/blob/master/LICENSE.txt
  info: System.Net.Http.HttpClient.NoLoggingHandler.ClientHandler[100]
        Sending HTTP request GET https://github.com/mmanela/diffplex/blob/master/LICENSE.txt
  info: System.Net.Http.HttpClient.NoLoggingHandler.LogicalHandler[100]
        Start processing HTTP request GET https://github.com/dotnet/sourcelink/blob/main/License.md
  info: System.Net.Http.HttpClient.NoLoggingHandler.ClientHandler[100]
        Sending HTTP request GET https://github.com/dotnet/sourcelink/blob/main/License.md
  info: System.Net.Http.HttpClient.NoLoggingHandler.ClientHandler[101]
        Received HTTP response headers after 33.4826ms - 404
  info: System.Net.Http.HttpClient.NoLoggingHandler.LogicalHandler[101]
        End processing HTTP request after 33.5445ms - 404
  info: System.Net.Http.HttpClient.NoLoggingHandler.LogicalHandler[100]
        Start processing HTTP request GET https://github.com/mmanela/diffplex/blob/master/license
  info: System.Net.Http.HttpClient.NoLoggingHandler.ClientHandler[100]
        Sending HTTP request GET https://github.com/mmanela/diffplex/blob/master/license
  info: System.Net.Http.HttpClient.NoLoggingHandler.ClientHandler[101]
        Received HTTP response headers after 29.06ms - 404
  info: System.Net.Http.HttpClient.NoLoggingHandler.LogicalHandler[101]
        End processing HTTP request after 29.1605ms - 404
  info: System.Net.Http.HttpClient.NoLoggingHandler.LogicalHandler[100]
        Start processing HTTP request GET https://github.com/dotnet/sourcelink/blob/main/License.txt
  info: System.Net.Http.HttpClient.NoLoggingHandler.ClientHandler[100]
        Sending HTTP request GET https://github.com/dotnet/sourcelink/blob/main/License.txt
  info: System.Net.Http.HttpClient.NoLoggingHandler.ClientHandler[101]
        Received HTTP response headers after 32.758ms - 404
  info: System.Net.Http.HttpClient.NoLoggingHandler.LogicalHandler[101]
        End processing HTTP request after 32.8007ms - 404
  info: System.Net.Http.HttpClient.NoLoggingHandler.LogicalHandler[100]
        Start processing HTTP request GET https://github.com/mmanela/diffplex/blob/master/license.md
  info: System.Net.Http.HttpClient.NoLoggingHandler.ClientHandler[100]
        Sending HTTP request GET https://github.com/mmanela/diffplex/blob/master/license.md
  info: System.Net.Http.HttpClient.NoLoggingHandler.ClientHandler[101]
        Received HTTP response headers after 29.1209ms - 200
  info: System.Net.Http.HttpClient.NoLoggingHandler.LogicalHandler[101]
        End processing HTTP request after 29.155ms - 200
  info: System.Net.Http.HttpClient.Default.LogicalHandler[100]
        Start processing HTTP request GET https://raw.githubusercontent.com/dotnet/sourcelink/main/License.txt
  info: System.Net.Http.HttpClient.Default.ClientHandler[100]
        Sending HTTP request GET https://raw.githubusercontent.com/dotnet/sourcelink/main/License.txt
  info: System.Net.Http.HttpClient.NoLoggingHandler.ClientHandler[101]
        Received HTTP response headers after 33.1608ms - 404
  info: System.Net.Http.HttpClient.NoLoggingHandler.LogicalHandler[101]
        End processing HTTP request after 33.2123ms - 404
  info: System.Net.Http.HttpClient.Default.ClientHandler[101]
        Received HTTP response headers after 26.7566ms - 200
  info: System.Net.Http.HttpClient.Default.LogicalHandler[101]
        End processing HTTP request after 26.7902ms - 200
  info: System.Net.Http.HttpClient.NoLoggingHandler.LogicalHandler[100]
        Start processing HTTP request GET https://github.com/mmanela/diffplex/blob/master/license.txt
  info: System.Net.Http.HttpClient.NoLoggingHandler.ClientHandler[100]
        Sending HTTP request GET https://github.com/mmanela/diffplex/blob/master/license.txt
  info: System.Net.Http.HttpClient.NoLoggingHandler.ClientHandler[101]
        Received HTTP response headers after 33.1458ms - 404
  info: System.Net.Http.HttpClient.NoLoggingHandler.LogicalHandler[101]
        End processing HTTP request after 33.2079ms - 404
  info: System.Net.Http.HttpClient.NoLoggingHandler.LogicalHandler[100]
        Start processing HTTP request GET https://github.com/mmanela/diffplex/blob/master/License
  info: System.Net.Http.HttpClient.NoLoggingHandler.ClientHandler[100]
        Sending HTTP request GET https://github.com/mmanela/diffplex/blob/master/License
  info: System.Net.Http.HttpClient.NoLoggingHandler.ClientHandler[101]
        Received HTTP response headers after 32.9275ms - 404
  info: System.Net.Http.HttpClient.NoLoggingHandler.LogicalHandler[101]
        End processing HTTP request after 32.991ms - 404
  info: System.Net.Http.HttpClient.NoLoggingHandler.LogicalHandler[100]
        Start processing HTTP request GET https://github.com/mmanela/diffplex/blob/master/License.md
  info: System.Net.Http.HttpClient.NoLoggingHandler.ClientHandler[100]
        Sending HTTP request GET https://github.com/mmanela/diffplex/blob/master/License.md
  info: System.Net.Http.HttpClient.NoLoggingHandler.ClientHandler[101]
        Received HTTP response headers after 33.2241ms - 404
  info: System.Net.Http.HttpClient.NoLoggingHandler.LogicalHandler[101]
        End processing HTTP request after 33.2789ms - 404
  info: System.Net.Http.HttpClient.NoLoggingHandler.LogicalHandler[100]
        Start processing HTTP request GET https://github.com/mmanela/diffplex/blob/master/License.txt
  info: System.Net.Http.HttpClient.NoLoggingHandler.ClientHandler[100]
        Sending HTTP request GET https://github.com/mmanela/diffplex/blob/master/License.txt
  info: System.Net.Http.HttpClient.NoLoggingHandler.ClientHandler[101]
        Received HTTP response headers after 33.3438ms - 200
  info: System.Net.Http.HttpClient.NoLoggingHandler.LogicalHandler[101]
        End processing HTTP request after 33.3893ms - 200
  info: System.Net.Http.HttpClient.Default.LogicalHandler[100]
        Start processing HTTP request GET https://raw.githubusercontent.com/mmanela/diffplex/master/License.txt
  info: System.Net.Http.HttpClient.Default.ClientHandler[100]
        Sending HTTP request GET https://raw.githubusercontent.com/mmanela/diffplex/master/License.txt
  info: System.Net.Http.HttpClient.Default.ClientHandler[101]
        Received HTTP response headers after 26.7866ms - 200
  info: System.Net.Http.HttpClient.Default.LogicalHandler[101]
        End processing HTTP request after 26.8379ms - 200
  info: Musoq.Cloud.LicensesGatherer.LicenseGatherer[0]
        Saved 11 licenses from 11 packages
  info: Musoq.Cloud.LicensesGatherer.LicenseGatherer[0]
        License texts saved in: D:\repos\Musoq.DataSources\.builds\license-refresh\Musoq.DataSources.Json\snapshot\third-party-notices
[SNAPSHOT] package=Musoq.DataSources.Json packages=10 files=12 manifest_sha256=8cb5134a4bf42db8e6acf3b417c6b0780c39c79b28389c52c6d113a6b19f5a45 source=checked-in
[UPDATED] License snapshot 'Musoq.DataSources.Json'
Refreshing license snapshot: Musoq.DataSources.Ollama
  info: Musoq.Cloud.LicensesGatherer.LicenseGatherer[0]
        Starting license gathering for: D:\repos\Musoq.DataSources\Musoq.DataSources.Ollama\Musoq.DataSources.Ollama.csproj
  info: Musoq.Cloud.LicensesGatherer.LicenseGatherer[0]
        Output folder: D:\repos\Musoq.DataSources\.builds\license-refresh\Musoq.DataSources.Ollama\snapshot\third-party-notices
  info: Musoq.Cloud.LicensesGatherer.LicenseGatherer[0]
        Loaded 12 manual link overrides
  info: Musoq.Cloud.LicensesGatherer.LicenseGatherer[0]
        Loaded 0 cached links
  info: Musoq.Cloud.LicensesGatherer.LicenseGatherer[0]
        Found 28 packages to process
  info: Musoq.Cloud.LicensesGatherer.LicenseGatherer[0]
        After filtering runtime packages: 28 packages
  info: System.Net.Http.HttpClient.Default.LogicalHandler[100]
        Start processing HTTP request GET https://raw.githubusercontent.com/dotnet/runtime/main/LICENSE.TXT
  info: System.Net.Http.HttpClient.NoLoggingHandler.LogicalHandler[100]
        Start processing HTTP request GET https://github.com/mmanela/diffplex/blob/main/LICENSE
  info: System.Net.Http.HttpClient.NoLoggingHandler.LogicalHandler[100]
        Start processing HTTP request GET https://github.com/dotnet/sourcelink/blob/main/LICENSE
  info: System.Net.Http.HttpClient.Default.LogicalHandler[100]
        Start processing HTTP request GET https://raw.githubusercontent.com/DanHarltey/Fastenshtein/master/LICENSE
  info: System.Net.Http.HttpClient.Default.ClientHandler[100]
        Sending HTTP request GET https://raw.githubusercontent.com/DanHarltey/Fastenshtein/master/LICENSE
  info: System.Net.Http.HttpClient.NoLoggingHandler.ClientHandler[100]
        Sending HTTP request GET https://github.com/dotnet/sourcelink/blob/main/LICENSE
  info: System.Net.Http.HttpClient.NoLoggingHandler.ClientHandler[100]
        Sending HTTP request GET https://github.com/mmanela/diffplex/blob/main/LICENSE
  info: System.Net.Http.HttpClient.Default.ClientHandler[100]
        Sending HTTP request GET https://raw.githubusercontent.com/dotnet/runtime/main/LICENSE.TXT
  info: System.Net.Http.HttpClient.Default.ClientHandler[101]
        Received HTTP response headers after 110.6016ms - 200
  info: System.Net.Http.HttpClient.Default.ClientHandler[101]
        Received HTTP response headers after 112.8545ms - 200
  info: System.Net.Http.HttpClient.Default.LogicalHandler[101]
        End processing HTTP request after 117.541ms - 200
  info: System.Net.Http.HttpClient.Default.LogicalHandler[101]
        End processing HTTP request after 117.5578ms - 200
  info: System.Net.Http.HttpClient.Default.LogicalHandler[100]
        Start processing HTTP request GET https://raw.githubusercontent.com/dotnet/runtime/main/LICENSE.TXT
  info: System.Net.Http.HttpClient.Default.ClientHandler[100]
        Sending HTTP request GET https://raw.githubusercontent.com/dotnet/runtime/main/LICENSE.TXT
  info: System.Net.Http.HttpClient.Default.LogicalHandler[100]
        Start processing HTTP request GET https://raw.githubusercontent.com/dotnet/runtime/main/LICENSE.TXT
  info: System.Net.Http.HttpClient.Default.ClientHandler[100]
        Sending HTTP request GET https://raw.githubusercontent.com/dotnet/runtime/main/LICENSE.TXT
  info: System.Net.Http.HttpClient.NoLoggingHandler.ClientHandler[101]
        Received HTTP response headers after 122.6715ms - 404
  info: System.Net.Http.HttpClient.NoLoggingHandler.ClientHandler[101]
        Received HTTP response headers after 122.6786ms - 404
  info: System.Net.Http.HttpClient.NoLoggingHandler.LogicalHandler[101]
        End processing HTTP request after 126.2869ms - 404
  info: System.Net.Http.HttpClient.NoLoggingHandler.LogicalHandler[101]
        End processing HTTP request after 126.2794ms - 404
  info: System.Net.Http.HttpClient.Default.ClientHandler[101]
        Received HTTP response headers after 22.3546ms - 200
  info: System.Net.Http.HttpClient.Default.LogicalHandler[101]
        End processing HTTP request after 22.4019ms - 200
  info: System.Net.Http.HttpClient.Default.LogicalHandler[100]
        Start processing HTTP request GET https://raw.githubusercontent.com/dotnet/runtime/main/LICENSE.TXT
  info: System.Net.Http.HttpClient.Default.ClientHandler[100]
        Sending HTTP request GET https://raw.githubusercontent.com/dotnet/runtime/main/LICENSE.TXT
  info: System.Net.Http.HttpClient.Default.ClientHandler[101]
        Received HTTP response headers after 25.7154ms - 200
  info: System.Net.Http.HttpClient.Default.LogicalHandler[101]
        End processing HTTP request after 25.7789ms - 200
  info: System.Net.Http.HttpClient.Default.LogicalHandler[100]
        Start processing HTTP request GET https://raw.githubusercontent.com/dotnet/runtime/main/LICENSE.TXT
  info: System.Net.Http.HttpClient.Default.ClientHandler[100]
        Sending HTTP request GET https://raw.githubusercontent.com/dotnet/runtime/main/LICENSE.TXT
  info: System.Net.Http.HttpClient.Default.ClientHandler[101]
        Received HTTP response headers after 21.8941ms - 200
  info: System.Net.Http.HttpClient.Default.LogicalHandler[101]
        End processing HTTP request after 21.9645ms - 200
  info: System.Net.Http.HttpClient.Default.LogicalHandler[100]
        Start processing HTTP request GET https://raw.githubusercontent.com/dotnet/runtime/main/LICENSE.TXT
  info: System.Net.Http.HttpClient.Default.ClientHandler[100]
        Sending HTTP request GET https://raw.githubusercontent.com/dotnet/runtime/main/LICENSE.TXT
  info: System.Net.Http.HttpClient.Default.ClientHandler[101]
        Received HTTP response headers after 25.8185ms - 200
  info: System.Net.Http.HttpClient.Default.LogicalHandler[101]
        End processing HTTP request after 25.8733ms - 200
  info: System.Net.Http.HttpClient.Default.LogicalHandler[100]
        Start processing HTTP request GET https://raw.githubusercontent.com/dotnet/runtime/main/LICENSE.TXT
  info: System.Net.Http.HttpClient.Default.ClientHandler[100]
        Sending HTTP request GET https://raw.githubusercontent.com/dotnet/runtime/main/LICENSE.TXT
  info: System.Net.Http.HttpClient.Default.ClientHandler[101]
        Received HTTP response headers after 22.2388ms - 200
  info: System.Net.Http.HttpClient.Default.LogicalHandler[101]
        End processing HTTP request after 22.2819ms - 200
  info: System.Net.Http.HttpClient.Default.LogicalHandler[100]
        Start processing HTTP request GET https://raw.githubusercontent.com/dotnet/runtime/main/LICENSE.TXT
  info: System.Net.Http.HttpClient.Default.ClientHandler[100]
        Sending HTTP request GET https://raw.githubusercontent.com/dotnet/runtime/main/LICENSE.TXT
  info: System.Net.Http.HttpClient.NoLoggingHandler.LogicalHandler[100]
        Start processing HTTP request GET https://github.com/mmanela/diffplex/blob/main/LICENSE.md
  info: System.Net.Http.HttpClient.NoLoggingHandler.ClientHandler[100]
        Sending HTTP request GET https://github.com/mmanela/diffplex/blob/main/LICENSE.md
  info: System.Net.Http.HttpClient.Default.ClientHandler[101]
        Received HTTP response headers after 25.7896ms - 200
  info: System.Net.Http.HttpClient.Default.LogicalHandler[101]
        End processing HTTP request after 25.827ms - 200
  info: System.Net.Http.HttpClient.NoLoggingHandler.LogicalHandler[100]
        Start processing HTTP request GET https://github.com/dotnet/sourcelink/blob/main/LICENSE.md
  info: System.Net.Http.HttpClient.NoLoggingHandler.ClientHandler[100]
        Sending HTTP request GET https://github.com/dotnet/sourcelink/blob/main/LICENSE.md
  info: System.Net.Http.HttpClient.Default.LogicalHandler[100]
        Start processing HTTP request GET https://raw.githubusercontent.com/dotnet/runtime/main/LICENSE.TXT
  info: System.Net.Http.HttpClient.Default.ClientHandler[100]
        Sending HTTP request GET https://raw.githubusercontent.com/dotnet/runtime/main/LICENSE.TXT
  info: System.Net.Http.HttpClient.Default.ClientHandler[101]
        Received HTTP response headers after 21.8005ms - 200
  info: System.Net.Http.HttpClient.Default.LogicalHandler[101]
        End processing HTTP request after 21.8424ms - 200
  info: System.Net.Http.HttpClient.Default.LogicalHandler[100]
        Start processing HTTP request GET https://raw.githubusercontent.com/dotnet/runtime/main/LICENSE.TXT
  info: System.Net.Http.HttpClient.Default.ClientHandler[100]
        Sending HTTP request GET https://raw.githubusercontent.com/dotnet/runtime/main/LICENSE.TXT
  info: System.Net.Http.HttpClient.NoLoggingHandler.ClientHandler[101]
        Received HTTP response headers after 29.2342ms - 404
  info: System.Net.Http.HttpClient.NoLoggingHandler.LogicalHandler[101]
        End processing HTTP request after 29.274ms - 404
  info: System.Net.Http.HttpClient.NoLoggingHandler.LogicalHandler[100]
        Start processing HTTP request GET https://github.com/mmanela/diffplex/blob/main/LICENSE.txt
  info: System.Net.Http.HttpClient.NoLoggingHandler.ClientHandler[100]
        Sending HTTP request GET https://github.com/mmanela/diffplex/blob/main/LICENSE.txt
  info: System.Net.Http.HttpClient.Default.ClientHandler[101]
        Received HTTP response headers after 25.9128ms - 200
  info: System.Net.Http.HttpClient.Default.LogicalHandler[101]
        End processing HTTP request after 25.9422ms - 200
  info: System.Net.Http.HttpClient.Default.LogicalHandler[100]
        Start processing HTTP request GET https://raw.githubusercontent.com/dotnet/runtime/main/LICENSE.TXT
  info: System.Net.Http.HttpClient.Default.ClientHandler[100]
        Sending HTTP request GET https://raw.githubusercontent.com/dotnet/runtime/main/LICENSE.TXT
  info: System.Net.Http.HttpClient.NoLoggingHandler.ClientHandler[101]
        Received HTTP response headers after 29.913ms - 404
  info: System.Net.Http.HttpClient.NoLoggingHandler.LogicalHandler[101]
        End processing HTTP request after 29.9549ms - 404
  info: System.Net.Http.HttpClient.NoLoggingHandler.LogicalHandler[100]
        Start processing HTTP request GET https://github.com/dotnet/sourcelink/blob/main/LICENSE.txt
  info: System.Net.Http.HttpClient.NoLoggingHandler.ClientHandler[100]
        Sending HTTP request GET https://github.com/dotnet/sourcelink/blob/main/LICENSE.txt
  info: System.Net.Http.HttpClient.Default.ClientHandler[101]
        Received HTTP response headers after 22.3537ms - 200
  info: System.Net.Http.HttpClient.Default.LogicalHandler[101]
        End processing HTTP request after 22.4001ms - 200
  info: System.Net.Http.HttpClient.Default.LogicalHandler[100]
        Start processing HTTP request GET https://raw.githubusercontent.com/dotnet/runtime/main/LICENSE.TXT
  info: System.Net.Http.HttpClient.Default.ClientHandler[100]
        Sending HTTP request GET https://raw.githubusercontent.com/dotnet/runtime/main/LICENSE.TXT
  info: System.Net.Http.HttpClient.Default.ClientHandler[101]
        Received HTTP response headers after 25.6667ms - 200
  info: System.Net.Http.HttpClient.Default.LogicalHandler[101]
        End processing HTTP request after 25.7093ms - 200
  info: System.Net.Http.HttpClient.Default.LogicalHandler[100]
        Start processing HTTP request GET https://raw.githubusercontent.com/dotnet/runtime/main/LICENSE.TXT
  info: System.Net.Http.HttpClient.Default.ClientHandler[100]
        Sending HTTP request GET https://raw.githubusercontent.com/dotnet/runtime/main/LICENSE.TXT
  info: System.Net.Http.HttpClient.NoLoggingHandler.ClientHandler[101]
        Received HTTP response headers after 29.6979ms - 404
  info: System.Net.Http.HttpClient.NoLoggingHandler.LogicalHandler[101]
        End processing HTTP request after 29.7372ms - 404
  info: System.Net.Http.HttpClient.NoLoggingHandler.LogicalHandler[100]
        Start processing HTTP request GET https://github.com/mmanela/diffplex/blob/main/license
  info: System.Net.Http.HttpClient.NoLoggingHandler.ClientHandler[100]
        Sending HTTP request GET https://github.com/mmanela/diffplex/blob/main/license
  info: System.Net.Http.HttpClient.Default.ClientHandler[101]
        Received HTTP response headers after 21.9893ms - 200
  info: System.Net.Http.HttpClient.Default.LogicalHandler[101]
        End processing HTTP request after 22.0166ms - 200
  info: System.Net.Http.HttpClient.Default.LogicalHandler[100]
        Start processing HTTP request GET https://raw.githubusercontent.com/dotnet/runtime/main/LICENSE.TXT
  info: System.Net.Http.HttpClient.Default.ClientHandler[100]
        Sending HTTP request GET https://raw.githubusercontent.com/dotnet/runtime/main/LICENSE.TXT
  info: System.Net.Http.HttpClient.NoLoggingHandler.ClientHandler[101]
        Received HTTP response headers after 29.8817ms - 404
  info: System.Net.Http.HttpClient.NoLoggingHandler.LogicalHandler[101]
        End processing HTTP request after 29.9129ms - 404
  info: System.Net.Http.HttpClient.NoLoggingHandler.LogicalHandler[100]
        Start processing HTTP request GET https://github.com/dotnet/sourcelink/blob/main/license
  info: System.Net.Http.HttpClient.NoLoggingHandler.ClientHandler[100]
        Sending HTTP request GET https://github.com/dotnet/sourcelink/blob/main/license
  info: System.Net.Http.HttpClient.Default.ClientHandler[101]
        Received HTTP response headers after 25.6039ms - 200
  info: System.Net.Http.HttpClient.Default.LogicalHandler[101]
        End processing HTTP request after 25.6461ms - 200
  info: System.Net.Http.HttpClient.Default.ClientHandler[101]
        Received HTTP response headers after 21.4947ms - 200
  info: System.Net.Http.HttpClient.Default.LogicalHandler[101]
        End processing HTTP request after 21.5233ms - 200
  info: System.Net.Http.HttpClient.Default.LogicalHandler[100]
        Start processing HTTP request GET https://raw.githubusercontent.com/dotnet/runtime/main/LICENSE.TXT
  info: System.Net.Http.HttpClient.Default.ClientHandler[100]
        Sending HTTP request GET https://raw.githubusercontent.com/dotnet/runtime/main/LICENSE.TXT
  info: System.Net.Http.HttpClient.NoLoggingHandler.LogicalHandler[100]
        Start processing HTTP request GET https://github.com/dotnet/sourcelink/blob/main/LICENSE
  info: System.Net.Http.HttpClient.NoLoggingHandler.ClientHandler[100]
        Sending HTTP request GET https://github.com/dotnet/sourcelink/blob/main/LICENSE
  info: System.Net.Http.HttpClient.NoLoggingHandler.ClientHandler[101]
        Received HTTP response headers after 29.279ms - 404
  info: System.Net.Http.HttpClient.NoLoggingHandler.LogicalHandler[101]
        End processing HTTP request after 29.3181ms - 404
  info: System.Net.Http.HttpClient.NoLoggingHandler.LogicalHandler[100]
        Start processing HTTP request GET https://github.com/mmanela/diffplex/blob/main/license.md
  info: System.Net.Http.HttpClient.NoLoggingHandler.ClientHandler[100]
        Sending HTTP request GET https://github.com/mmanela/diffplex/blob/main/license.md
  info: System.Net.Http.HttpClient.NoLoggingHandler.ClientHandler[101]
        Received HTTP response headers after 29.6625ms - 404
  info: System.Net.Http.HttpClient.NoLoggingHandler.LogicalHandler[101]
        End processing HTTP request after 29.6915ms - 404
  info: System.Net.Http.HttpClient.NoLoggingHandler.LogicalHandler[100]
        Start processing HTTP request GET https://github.com/dotnet/sourcelink/blob/main/license.md
  info: System.Net.Http.HttpClient.NoLoggingHandler.ClientHandler[100]
        Sending HTTP request GET https://github.com/dotnet/sourcelink/blob/main/license.md
  info: System.Net.Http.HttpClient.Default.ClientHandler[101]
        Received HTTP response headers after 22.0561ms - 200
  info: System.Net.Http.HttpClient.Default.LogicalHandler[101]
        End processing HTTP request after 22.097ms - 200
  info: System.Net.Http.HttpClient.NoLoggingHandler.LogicalHandler[100]
        Start processing HTTP request GET https://github.com/dotnet/sourcelink/blob/main/LICENSE
  info: System.Net.Http.HttpClient.NoLoggingHandler.ClientHandler[100]
        Sending HTTP request GET https://github.com/dotnet/sourcelink/blob/main/LICENSE
  info: System.Net.Http.HttpClient.NoLoggingHandler.ClientHandler[101]
        Received HTTP response headers after 35.6411ms - 404
  info: System.Net.Http.HttpClient.NoLoggingHandler.LogicalHandler[101]
        End processing HTTP request after 35.6758ms - 404
  info: System.Net.Http.HttpClient.NoLoggingHandler.LogicalHandler[100]
        Start processing HTTP request GET https://github.com/dotnet/sourcelink/blob/main/LICENSE.md
  info: System.Net.Http.HttpClient.NoLoggingHandler.ClientHandler[100]
        Sending HTTP request GET https://github.com/dotnet/sourcelink/blob/main/LICENSE.md
  info: System.Net.Http.HttpClient.NoLoggingHandler.ClientHandler[101]
        Received HTTP response headers after 35.5834ms - 404
  info: System.Net.Http.HttpClient.NoLoggingHandler.LogicalHandler[101]
        End processing HTTP request after 35.6167ms - 404
  info: System.Net.Http.HttpClient.NoLoggingHandler.LogicalHandler[100]
        Start processing HTTP request GET https://github.com/mmanela/diffplex/blob/main/license.txt
  info: System.Net.Http.HttpClient.NoLoggingHandler.ClientHandler[100]
        Sending HTTP request GET https://github.com/mmanela/diffplex/blob/main/license.txt
  info: System.Net.Http.HttpClient.NoLoggingHandler.ClientHandler[101]
        Received HTTP response headers after 55.6732ms - 404
  info: System.Net.Http.HttpClient.NoLoggingHandler.LogicalHandler[101]
        End processing HTTP request after 55.7141ms - 404
  info: System.Net.Http.HttpClient.NoLoggingHandler.LogicalHandler[100]
        Start processing HTTP request GET https://github.com/dotnet/sourcelink/blob/main/license.txt
  info: System.Net.Http.HttpClient.NoLoggingHandler.ClientHandler[100]
        Sending HTTP request GET https://github.com/dotnet/sourcelink/blob/main/license.txt
  info: System.Net.Http.HttpClient.NoLoggingHandler.ClientHandler[101]
        Received HTTP response headers after 50.6875ms - 404
  info: System.Net.Http.HttpClient.NoLoggingHandler.LogicalHandler[101]
        End processing HTTP request after 50.7281ms - 404
  info: System.Net.Http.HttpClient.NoLoggingHandler.LogicalHandler[100]
        Start processing HTTP request GET https://github.com/dotnet/sourcelink/blob/main/LICENSE.md
  info: System.Net.Http.HttpClient.NoLoggingHandler.ClientHandler[100]
        Sending HTTP request GET https://github.com/dotnet/sourcelink/blob/main/LICENSE.md
  info: System.Net.Http.HttpClient.NoLoggingHandler.ClientHandler[101]
        Received HTTP response headers after 55.13ms - 404
  info: System.Net.Http.HttpClient.NoLoggingHandler.LogicalHandler[101]
        End processing HTTP request after 55.1636ms - 404
  info: System.Net.Http.HttpClient.NoLoggingHandler.LogicalHandler[100]
        Start processing HTTP request GET https://github.com/mmanela/diffplex/blob/main/License
  info: System.Net.Http.HttpClient.NoLoggingHandler.ClientHandler[100]
        Sending HTTP request GET https://github.com/mmanela/diffplex/blob/main/License
  info: System.Net.Http.HttpClient.NoLoggingHandler.ClientHandler[101]
        Received HTTP response headers after 62.85ms - 404
  info: System.Net.Http.HttpClient.NoLoggingHandler.LogicalHandler[101]
        End processing HTTP request after 62.8846ms - 404
  info: System.Net.Http.HttpClient.NoLoggingHandler.ClientHandler[101]
        Received HTTP response headers after 35.1477ms - 404
  info: System.Net.Http.HttpClient.NoLoggingHandler.LogicalHandler[101]
        End processing HTTP request after 35.1751ms - 404
  info: System.Net.Http.HttpClient.NoLoggingHandler.LogicalHandler[100]
        Start processing HTTP request GET https://github.com/dotnet/sourcelink/blob/main/License
  info: System.Net.Http.HttpClient.NoLoggingHandler.ClientHandler[100]
        Sending HTTP request GET https://github.com/dotnet/sourcelink/blob/main/License
  info: System.Net.Http.HttpClient.NoLoggingHandler.ClientHandler[101]
        Received HTTP response headers after 38.4201ms - 404
  info: System.Net.Http.HttpClient.NoLoggingHandler.LogicalHandler[101]
        End processing HTTP request after 38.4529ms - 404
  info: System.Net.Http.HttpClient.NoLoggingHandler.ClientHandler[101]
        Received HTTP response headers after 28.9463ms - 404
  info: System.Net.Http.HttpClient.NoLoggingHandler.LogicalHandler[101]
        End processing HTTP request after 28.9887ms - 404
  info: System.Net.Http.HttpClient.NoLoggingHandler.LogicalHandler[100]
        Start processing HTTP request GET https://github.com/mmanela/diffplex/blob/main/License.md
  info: System.Net.Http.HttpClient.NoLoggingHandler.ClientHandler[100]
        Sending HTTP request GET https://github.com/mmanela/diffplex/blob/main/License.md
  info: System.Net.Http.HttpClient.NoLoggingHandler.ClientHandler[101]
        Received HTTP response headers after 29.4202ms - 404
  info: System.Net.Http.HttpClient.NoLoggingHandler.LogicalHandler[101]
        End processing HTTP request after 29.4524ms - 404
  info: System.Net.Http.HttpClient.NoLoggingHandler.LogicalHandler[100]
        Start processing HTTP request GET https://github.com/dotnet/sourcelink/blob/main/License.md
  info: System.Net.Http.HttpClient.NoLoggingHandler.ClientHandler[100]
        Sending HTTP request GET https://github.com/dotnet/sourcelink/blob/main/License.md
  info: System.Net.Http.HttpClient.NoLoggingHandler.ClientHandler[101]
        Received HTTP response headers after 28.7643ms - 404
  info: System.Net.Http.HttpClient.NoLoggingHandler.LogicalHandler[101]
        End processing HTTP request after 28.8075ms - 404
  info: System.Net.Http.HttpClient.NoLoggingHandler.LogicalHandler[100]
        Start processing HTTP request GET https://github.com/mmanela/diffplex/blob/main/License.txt
  info: System.Net.Http.HttpClient.NoLoggingHandler.ClientHandler[100]
        Sending HTTP request GET https://github.com/mmanela/diffplex/blob/main/License.txt
  info: System.Net.Http.HttpClient.NoLoggingHandler.ClientHandler[101]
        Received HTTP response headers after 29.8594ms - 404
  info: System.Net.Http.HttpClient.NoLoggingHandler.LogicalHandler[101]
        End processing HTTP request after 29.8872ms - 404
  info: System.Net.Http.HttpClient.NoLoggingHandler.LogicalHandler[100]
        Start processing HTTP request GET https://github.com/dotnet/sourcelink/blob/main/License.txt
  info: System.Net.Http.HttpClient.NoLoggingHandler.ClientHandler[100]
        Sending HTTP request GET https://github.com/dotnet/sourcelink/blob/main/License.txt
  info: System.Net.Http.HttpClient.NoLoggingHandler.ClientHandler[101]
        Received HTTP response headers after 29.031ms - 404
  info: System.Net.Http.HttpClient.NoLoggingHandler.LogicalHandler[101]
        End processing HTTP request after 29.0839ms - 404
  info: System.Net.Http.HttpClient.NoLoggingHandler.LogicalHandler[100]
        Start processing HTTP request GET https://github.com/mmanela/diffplex/blob/main/LICENSE.TXT
  info: System.Net.Http.HttpClient.NoLoggingHandler.ClientHandler[100]
        Sending HTTP request GET https://github.com/mmanela/diffplex/blob/main/LICENSE.TXT
  info: System.Net.Http.HttpClient.NoLoggingHandler.LogicalHandler[100]
        Start processing HTTP request GET https://github.com/dotnet/sourcelink/blob/main/LICENSE.txt
  info: System.Net.Http.HttpClient.NoLoggingHandler.ClientHandler[100]
        Sending HTTP request GET https://github.com/dotnet/sourcelink/blob/main/LICENSE.txt
  info: System.Net.Http.HttpClient.NoLoggingHandler.LogicalHandler[100]
        Start processing HTTP request GET https://github.com/dotnet/sourcelink/blob/main/LICENSE.txt
  info: System.Net.Http.HttpClient.NoLoggingHandler.ClientHandler[100]
        Sending HTTP request GET https://github.com/dotnet/sourcelink/blob/main/LICENSE.txt
  info: System.Net.Http.HttpClient.NoLoggingHandler.ClientHandler[101]
        Received HTTP response headers after 29.8954ms - 200
  info: System.Net.Http.HttpClient.NoLoggingHandler.LogicalHandler[101]
        End processing HTTP request after 29.9295ms - 200
  info: System.Net.Http.HttpClient.Default.LogicalHandler[100]
        Start processing HTTP request GET https://raw.githubusercontent.com/dotnet/sourcelink/main/License.txt
  info: System.Net.Http.HttpClient.Default.ClientHandler[100]
        Sending HTTP request GET https://raw.githubusercontent.com/dotnet/sourcelink/main/License.txt
  info: System.Net.Http.HttpClient.NoLoggingHandler.ClientHandler[101]
        Received HTTP response headers after 28.9217ms - 404
  info: System.Net.Http.HttpClient.NoLoggingHandler.LogicalHandler[101]
        End processing HTTP request after 28.9899ms - 404
  info: System.Net.Http.HttpClient.NoLoggingHandler.LogicalHandler[100]
        Start processing HTTP request GET https://github.com/mmanela/diffplex/blob/master/LICENSE
  info: System.Net.Http.HttpClient.NoLoggingHandler.ClientHandler[100]
        Sending HTTP request GET https://github.com/mmanela/diffplex/blob/master/LICENSE
  info: System.Net.Http.HttpClient.Default.ClientHandler[101]
        Received HTTP response headers after 21.7643ms - 200
  info: System.Net.Http.HttpClient.Default.LogicalHandler[101]
        End processing HTTP request after 21.7912ms - 200
  info: System.Net.Http.HttpClient.NoLoggingHandler.ClientHandler[101]
        Received HTTP response headers after 29.5853ms - 404
  info: System.Net.Http.HttpClient.NoLoggingHandler.LogicalHandler[101]
        End processing HTTP request after 29.6224ms - 404
  info: System.Net.Http.HttpClient.NoLoggingHandler.LogicalHandler[100]
        Start processing HTTP request GET https://github.com/dotnet/sourcelink/blob/main/license
  info: System.Net.Http.HttpClient.NoLoggingHandler.ClientHandler[100]
        Sending HTTP request GET https://github.com/dotnet/sourcelink/blob/main/license
  info: System.Net.Http.HttpClient.NoLoggingHandler.ClientHandler[101]
        Received HTTP response headers after 34.1931ms - 404
  info: System.Net.Http.HttpClient.NoLoggingHandler.LogicalHandler[101]
        End processing HTTP request after 34.221ms - 404
  info: System.Net.Http.HttpClient.Default.LogicalHandler[100]
        Start processing HTTP request GET https://raw.githubusercontent.com/JamesNK/Newtonsoft.Json/master/LICENSE.md
  info: System.Net.Http.HttpClient.Default.ClientHandler[100]
        Sending HTTP request GET https://raw.githubusercontent.com/JamesNK/Newtonsoft.Json/master/LICENSE.md
  info: System.Net.Http.HttpClient.NoLoggingHandler.LogicalHandler[100]
        Start processing HTTP request GET https://github.com/dotnet/sourcelink/blob/main/license
  info: System.Net.Http.HttpClient.NoLoggingHandler.ClientHandler[100]
        Sending HTTP request GET https://github.com/dotnet/sourcelink/blob/main/license
  info: System.Net.Http.HttpClient.NoLoggingHandler.ClientHandler[101]
        Received HTTP response headers after 29.5483ms - 404
  info: System.Net.Http.HttpClient.NoLoggingHandler.LogicalHandler[101]
        End processing HTTP request after 29.6039ms - 404
  info: System.Net.Http.HttpClient.NoLoggingHandler.LogicalHandler[100]
        Start processing HTTP request GET https://github.com/mmanela/diffplex/blob/master/LICENSE.md
  info: System.Net.Http.HttpClient.NoLoggingHandler.ClientHandler[100]
        Sending HTTP request GET https://github.com/mmanela/diffplex/blob/master/LICENSE.md
  info: System.Net.Http.HttpClient.Default.ClientHandler[101]
        Received HTTP response headers after 22.7246ms - 200
  info: System.Net.Http.HttpClient.Default.LogicalHandler[101]
        End processing HTTP request after 22.7608ms - 200
  info: System.Net.Http.HttpClient.NoLoggingHandler.LogicalHandler[100]
        Start processing HTTP request GET https://github.com/awaescher/OllamaSharp/blob/main/LICENSE
  info: System.Net.Http.HttpClient.NoLoggingHandler.ClientHandler[100]
        Sending HTTP request GET https://github.com/awaescher/OllamaSharp/blob/main/LICENSE
  info: System.Net.Http.HttpClient.NoLoggingHandler.ClientHandler[101]
        Received HTTP response headers after 29.7215ms - 404
  info: System.Net.Http.HttpClient.NoLoggingHandler.LogicalHandler[101]
        End processing HTTP request after 29.7583ms - 404
  info: System.Net.Http.HttpClient.NoLoggingHandler.LogicalHandler[100]
        Start processing HTTP request GET https://github.com/dotnet/sourcelink/blob/main/license.md
  info: System.Net.Http.HttpClient.NoLoggingHandler.ClientHandler[100]
        Sending HTTP request GET https://github.com/dotnet/sourcelink/blob/main/license.md
  info: System.Net.Http.HttpClient.NoLoggingHandler.ClientHandler[101]
        Received HTTP response headers after 33.5952ms - 404
  info: System.Net.Http.HttpClient.NoLoggingHandler.LogicalHandler[101]
        End processing HTTP request after 33.629ms - 404
  info: System.Net.Http.HttpClient.NoLoggingHandler.LogicalHandler[100]
        Start processing HTTP request GET https://github.com/dotnet/sourcelink/blob/main/license.md
  info: System.Net.Http.HttpClient.NoLoggingHandler.ClientHandler[100]
        Sending HTTP request GET https://github.com/dotnet/sourcelink/blob/main/license.md
  info: System.Net.Http.HttpClient.NoLoggingHandler.ClientHandler[101]
        Received HTTP response headers after 29.0774ms - 404
  info: System.Net.Http.HttpClient.NoLoggingHandler.LogicalHandler[101]
        End processing HTTP request after 29.1312ms - 404
  info: System.Net.Http.HttpClient.NoLoggingHandler.LogicalHandler[100]
        Start processing HTTP request GET https://github.com/mmanela/diffplex/blob/master/LICENSE.txt
  info: System.Net.Http.HttpClient.NoLoggingHandler.ClientHandler[100]
        Sending HTTP request GET https://github.com/mmanela/diffplex/blob/master/LICENSE.txt
  info: System.Net.Http.HttpClient.NoLoggingHandler.ClientHandler[101]
        Received HTTP response headers after 29.7301ms - 404
  info: System.Net.Http.HttpClient.NoLoggingHandler.LogicalHandler[101]
        End processing HTTP request after 29.7572ms - 404
  info: System.Net.Http.HttpClient.NoLoggingHandler.LogicalHandler[100]
        Start processing HTTP request GET https://github.com/dotnet/sourcelink/blob/main/license.txt
  info: System.Net.Http.HttpClient.NoLoggingHandler.ClientHandler[100]
        Sending HTTP request GET https://github.com/dotnet/sourcelink/blob/main/license.txt
  info: System.Net.Http.HttpClient.NoLoggingHandler.ClientHandler[101]
        Received HTTP response headers after 33.3959ms - 404
  info: System.Net.Http.HttpClient.NoLoggingHandler.LogicalHandler[101]
        End processing HTTP request after 33.4304ms - 404
  info: System.Net.Http.HttpClient.NoLoggingHandler.LogicalHandler[100]
        Start processing HTTP request GET https://github.com/dotnet/sourcelink/blob/main/license.txt
  info: System.Net.Http.HttpClient.NoLoggingHandler.ClientHandler[100]
        Sending HTTP request GET https://github.com/dotnet/sourcelink/blob/main/license.txt
  info: System.Net.Http.HttpClient.NoLoggingHandler.ClientHandler[101]
        Received HTTP response headers after 29.3698ms - 404
  info: System.Net.Http.HttpClient.NoLoggingHandler.LogicalHandler[101]
        End processing HTTP request after 29.4077ms - 404
  info: System.Net.Http.HttpClient.NoLoggingHandler.LogicalHandler[100]
        Start processing HTTP request GET https://github.com/mmanela/diffplex/blob/master/license
  info: System.Net.Http.HttpClient.NoLoggingHandler.ClientHandler[100]
        Sending HTTP request GET https://github.com/mmanela/diffplex/blob/master/license
  info: System.Net.Http.HttpClient.NoLoggingHandler.ClientHandler[101]
        Received HTTP response headers after 30.5754ms - 404
  info: System.Net.Http.HttpClient.NoLoggingHandler.LogicalHandler[101]
        End processing HTTP request after 30.6024ms - 404
  info: System.Net.Http.HttpClient.NoLoggingHandler.LogicalHandler[100]
        Start processing HTTP request GET https://github.com/dotnet/sourcelink/blob/main/License
  info: System.Net.Http.HttpClient.NoLoggingHandler.ClientHandler[100]
        Sending HTTP request GET https://github.com/dotnet/sourcelink/blob/main/License
  info: System.Net.Http.HttpClient.NoLoggingHandler.ClientHandler[101]
        Received HTTP response headers after 33.6198ms - 404
  info: System.Net.Http.HttpClient.NoLoggingHandler.LogicalHandler[101]
        End processing HTTP request after 33.656ms - 404
  info: System.Net.Http.HttpClient.NoLoggingHandler.LogicalHandler[100]
        Start processing HTTP request GET https://github.com/dotnet/sourcelink/blob/main/License
  info: System.Net.Http.HttpClient.NoLoggingHandler.ClientHandler[100]
        Sending HTTP request GET https://github.com/dotnet/sourcelink/blob/main/License
  info: System.Net.Http.HttpClient.NoLoggingHandler.ClientHandler[101]
        Received HTTP response headers after 29.2508ms - 404
  info: System.Net.Http.HttpClient.NoLoggingHandler.LogicalHandler[101]
        End processing HTTP request after 29.2851ms - 404
  info: System.Net.Http.HttpClient.NoLoggingHandler.LogicalHandler[100]
        Start processing HTTP request GET https://github.com/mmanela/diffplex/blob/master/license.md
  info: System.Net.Http.HttpClient.NoLoggingHandler.ClientHandler[100]
        Sending HTTP request GET https://github.com/mmanela/diffplex/blob/master/license.md
  info: System.Net.Http.HttpClient.NoLoggingHandler.ClientHandler[101]
        Received HTTP response headers after 29.9867ms - 404
  info: System.Net.Http.HttpClient.NoLoggingHandler.LogicalHandler[101]
        End processing HTTP request after 30.0195ms - 404
  info: System.Net.Http.HttpClient.NoLoggingHandler.LogicalHandler[100]
        Start processing HTTP request GET https://github.com/dotnet/sourcelink/blob/main/License.md
  info: System.Net.Http.HttpClient.NoLoggingHandler.ClientHandler[100]
        Sending HTTP request GET https://github.com/dotnet/sourcelink/blob/main/License.md
  info: System.Net.Http.HttpClient.NoLoggingHandler.ClientHandler[101]
        Received HTTP response headers after 33.4979ms - 404
  info: System.Net.Http.HttpClient.NoLoggingHandler.LogicalHandler[101]
        End processing HTTP request after 33.5343ms - 404
  info: System.Net.Http.HttpClient.NoLoggingHandler.LogicalHandler[100]
        Start processing HTTP request GET https://github.com/dotnet/sourcelink/blob/main/License.md
  info: System.Net.Http.HttpClient.NoLoggingHandler.ClientHandler[100]
        Sending HTTP request GET https://github.com/dotnet/sourcelink/blob/main/License.md
  info: System.Net.Http.HttpClient.NoLoggingHandler.ClientHandler[101]
        Received HTTP response headers after 28.6257ms - 404
  info: System.Net.Http.HttpClient.NoLoggingHandler.LogicalHandler[101]
        End processing HTTP request after 28.6567ms - 404
  info: System.Net.Http.HttpClient.NoLoggingHandler.LogicalHandler[100]
        Start processing HTTP request GET https://github.com/mmanela/diffplex/blob/master/license.txt
  info: System.Net.Http.HttpClient.NoLoggingHandler.ClientHandler[100]
        Sending HTTP request GET https://github.com/mmanela/diffplex/blob/master/license.txt
  info: System.Net.Http.HttpClient.NoLoggingHandler.ClientHandler[101]
        Received HTTP response headers after 29.6949ms - 404
  info: System.Net.Http.HttpClient.NoLoggingHandler.LogicalHandler[101]
        End processing HTTP request after 29.7251ms - 404
  info: System.Net.Http.HttpClient.NoLoggingHandler.LogicalHandler[100]
        Start processing HTTP request GET https://github.com/dotnet/sourcelink/blob/main/License.txt
  info: System.Net.Http.HttpClient.NoLoggingHandler.ClientHandler[100]
        Sending HTTP request GET https://github.com/dotnet/sourcelink/blob/main/License.txt
  info: System.Net.Http.HttpClient.NoLoggingHandler.ClientHandler[101]
        Received HTTP response headers after 34.519ms - 404
  info: System.Net.Http.HttpClient.NoLoggingHandler.LogicalHandler[101]
        End processing HTTP request after 34.5808ms - 404
  info: System.Net.Http.HttpClient.NoLoggingHandler.LogicalHandler[100]
        Start processing HTTP request GET https://github.com/dotnet/sourcelink/blob/main/License.txt
  info: System.Net.Http.HttpClient.NoLoggingHandler.ClientHandler[100]
        Sending HTTP request GET https://github.com/dotnet/sourcelink/blob/main/License.txt
  info: System.Net.Http.HttpClient.NoLoggingHandler.ClientHandler[101]
        Received HTTP response headers after 29.5783ms - 404
  info: System.Net.Http.HttpClient.NoLoggingHandler.LogicalHandler[101]
        End processing HTTP request after 29.6211ms - 404
  info: System.Net.Http.HttpClient.NoLoggingHandler.LogicalHandler[100]
        Start processing HTTP request GET https://github.com/mmanela/diffplex/blob/master/License
  info: System.Net.Http.HttpClient.NoLoggingHandler.ClientHandler[100]
        Sending HTTP request GET https://github.com/mmanela/diffplex/blob/master/License
  info: System.Net.Http.HttpClient.NoLoggingHandler.ClientHandler[101]
        Received HTTP response headers after 29.8285ms - 200
  info: System.Net.Http.HttpClient.NoLoggingHandler.LogicalHandler[101]
        End processing HTTP request after 29.8823ms - 200
  info: System.Net.Http.HttpClient.Default.LogicalHandler[100]
        Start processing HTTP request GET https://raw.githubusercontent.com/dotnet/sourcelink/main/License.txt
  info: System.Net.Http.HttpClient.Default.ClientHandler[100]
        Sending HTTP request GET https://raw.githubusercontent.com/dotnet/sourcelink/main/License.txt
  info: System.Net.Http.HttpClient.NoLoggingHandler.ClientHandler[101]
        Received HTTP response headers after 30.2644ms - 404
  info: System.Net.Http.HttpClient.Default.ClientHandler[101]
        Received HTTP response headers after 23.0514ms - 200
  info: System.Net.Http.HttpClient.NoLoggingHandler.LogicalHandler[101]
        End processing HTTP request after 30.3238ms - 404
  info: System.Net.Http.HttpClient.Default.LogicalHandler[101]
        End processing HTTP request after 23.0996ms - 200
  info: System.Net.Http.HttpClient.NoLoggingHandler.LogicalHandler[100]
        Start processing HTTP request GET https://github.com/mmanela/diffplex/blob/master/License.md
  info: System.Net.Http.HttpClient.NoLoggingHandler.ClientHandler[101]
        Received HTTP response headers after 34.0811ms - 200
  info: System.Net.Http.HttpClient.NoLoggingHandler.ClientHandler[100]
        Sending HTTP request GET https://github.com/mmanela/diffplex/blob/master/License.md
  info: System.Net.Http.HttpClient.NoLoggingHandler.LogicalHandler[101]
        End processing HTTP request after 34.1185ms - 200
  info: System.Net.Http.HttpClient.NoLoggingHandler.LogicalHandler[100]
        Start processing HTTP request GET https://github.com/App-vNext/Polly/blob/main/LICENSE
  info: System.Net.Http.HttpClient.NoLoggingHandler.ClientHandler[100]
        Sending HTTP request GET https://github.com/App-vNext/Polly/blob/main/LICENSE
  info: System.Net.Http.HttpClient.Default.LogicalHandler[100]
        Start processing HTTP request GET https://raw.githubusercontent.com/dotnet/sourcelink/main/License.txt
  info: System.Net.Http.HttpClient.Default.ClientHandler[100]
        Sending HTTP request GET https://raw.githubusercontent.com/dotnet/sourcelink/main/License.txt
  info: System.Net.Http.HttpClient.Default.ClientHandler[101]
        Received HTTP response headers after 22.3037ms - 200
  info: System.Net.Http.HttpClient.Default.LogicalHandler[101]
        End processing HTTP request after 22.3415ms - 200
  info: System.Net.Http.HttpClient.NoLoggingHandler.LogicalHandler[100]
        Start processing HTTP request GET https://github.com/App-vNext/Polly/blob/main/LICENSE
  info: System.Net.Http.HttpClient.NoLoggingHandler.ClientHandler[100]
        Sending HTTP request GET https://github.com/App-vNext/Polly/blob/main/LICENSE
  info: System.Net.Http.HttpClient.NoLoggingHandler.ClientHandler[101]
        Received HTTP response headers after 29.3684ms - 404
  info: System.Net.Http.HttpClient.NoLoggingHandler.LogicalHandler[101]
        End processing HTTP request after 29.4062ms - 404
  info: System.Net.Http.HttpClient.NoLoggingHandler.LogicalHandler[100]
        Start processing HTTP request GET https://github.com/mmanela/diffplex/blob/master/License.txt
  info: System.Net.Http.HttpClient.NoLoggingHandler.ClientHandler[100]
        Sending HTTP request GET https://github.com/mmanela/diffplex/blob/master/License.txt
  info: System.Net.Http.HttpClient.NoLoggingHandler.ClientHandler[101]
        Received HTTP response headers after 28.1118ms - 200
  info: System.Net.Http.HttpClient.NoLoggingHandler.LogicalHandler[101]
        End processing HTTP request after 28.156ms - 200
  info: System.Net.Http.HttpClient.Default.LogicalHandler[100]
        Start processing HTTP request GET https://raw.githubusercontent.com/mmanela/diffplex/master/License.txt
  info: System.Net.Http.HttpClient.Default.ClientHandler[100]
        Sending HTTP request GET https://raw.githubusercontent.com/mmanela/diffplex/master/License.txt
  info: System.Net.Http.HttpClient.Default.ClientHandler[101]
        Received HTTP response headers after 23.7232ms - 200
  info: System.Net.Http.HttpClient.Default.LogicalHandler[101]
        End processing HTTP request after 23.7657ms - 200
  info: System.Net.Http.HttpClient.NoLoggingHandler.LogicalHandler[100]
        Start processing HTTP request GET https://github.com/dmitry-brazhenko/SharpToken/blob/main/LICENSE
  info: System.Net.Http.HttpClient.NoLoggingHandler.ClientHandler[100]
        Sending HTTP request GET https://github.com/dmitry-brazhenko/SharpToken/blob/main/LICENSE
  info: System.Net.Http.HttpClient.NoLoggingHandler.ClientHandler[101]
        Received HTTP response headers after 465.6851ms - 200
  info: System.Net.Http.HttpClient.NoLoggingHandler.LogicalHandler[101]
        End processing HTTP request after 465.7417ms - 200
  info: System.Net.Http.HttpClient.Default.LogicalHandler[100]
        Start processing HTTP request GET https://raw.githubusercontent.com/awaescher/OllamaSharp/main/LICENSE
  info: System.Net.Http.HttpClient.Default.ClientHandler[100]
        Sending HTTP request GET https://raw.githubusercontent.com/awaescher/OllamaSharp/main/LICENSE
  info: System.Net.Http.HttpClient.NoLoggingHandler.ClientHandler[101]
        Received HTTP response headers after 428.0913ms - 200
  info: System.Net.Http.HttpClient.NoLoggingHandler.LogicalHandler[101]
        End processing HTTP request after 428.1424ms - 200
  info: System.Net.Http.HttpClient.Default.LogicalHandler[100]
        Start processing HTTP request GET https://raw.githubusercontent.com/App-vNext/Polly/main/LICENSE
  info: System.Net.Http.HttpClient.Default.ClientHandler[100]
        Sending HTTP request GET https://raw.githubusercontent.com/App-vNext/Polly/main/LICENSE
  info: System.Net.Http.HttpClient.NoLoggingHandler.ClientHandler[101]
        Received HTTP response headers after 407.4924ms - 200
  info: System.Net.Http.HttpClient.NoLoggingHandler.LogicalHandler[101]
        End processing HTTP request after 407.529ms - 200
  info: System.Net.Http.HttpClient.Default.LogicalHandler[100]
        Start processing HTTP request GET https://raw.githubusercontent.com/App-vNext/Polly/main/LICENSE
  info: System.Net.Http.HttpClient.Default.ClientHandler[100]
        Sending HTTP request GET https://raw.githubusercontent.com/App-vNext/Polly/main/LICENSE
  info: System.Net.Http.HttpClient.Default.ClientHandler[101]
        Received HTTP response headers after 218.7288ms - 200
  info: System.Net.Http.HttpClient.Default.LogicalHandler[101]
        End processing HTTP request after 218.7968ms - 200
  info: System.Net.Http.HttpClient.NoLoggingHandler.ClientHandler[101]
        Received HTTP response headers after 444.5546ms - 200
  info: System.Net.Http.HttpClient.NoLoggingHandler.LogicalHandler[101]
        End processing HTTP request after 444.6195ms - 200
  info: System.Net.Http.HttpClient.Default.LogicalHandler[100]
        Start processing HTTP request GET https://raw.githubusercontent.com/dmitry-brazhenko/SharpToken/main/LICENSE
  info: System.Net.Http.HttpClient.Default.ClientHandler[100]
        Sending HTTP request GET https://raw.githubusercontent.com/dmitry-brazhenko/SharpToken/main/LICENSE
  info: System.Net.Http.HttpClient.Default.ClientHandler[101]
        Received HTTP response headers after 256.7329ms - 200
  info: System.Net.Http.HttpClient.Default.LogicalHandler[101]
        End processing HTTP request after 256.7901ms - 200
  info: System.Net.Http.HttpClient.Default.ClientHandler[101]
        Received HTTP response headers after 201.8324ms - 200
  info: System.Net.Http.HttpClient.Default.LogicalHandler[101]
        End processing HTTP request after 201.8959ms - 200
  info: System.Net.Http.HttpClient.Default.ClientHandler[101]
        Received HTTP response headers after 403.2384ms - 200
  info: System.Net.Http.HttpClient.Default.LogicalHandler[101]
        End processing HTTP request after 403.3087ms - 200
  info: Musoq.Cloud.LicensesGatherer.LicenseGatherer[0]
        Saved 29 licenses from 29 packages
  info: Musoq.Cloud.LicensesGatherer.LicenseGatherer[0]
        License texts saved in: D:\repos\Musoq.DataSources\.builds\license-refresh\Musoq.DataSources.Ollama\snapshot\third-party-notices
[SNAPSHOT] package=Musoq.DataSources.Ollama packages=28 files=30 manifest_sha256=fadd724b68bef5a3ab873f88ab0c7904f6438b6ffa0d85d965e36e740d6fb21e source=checked-in
[UPDATED] License snapshot 'Musoq.DataSources.Ollama'
Refreshing license snapshot: Musoq.DataSources.OpenAI
  info: Musoq.Cloud.LicensesGatherer.LicenseGatherer[0]
        Starting license gathering for: D:\repos\Musoq.DataSources\Musoq.DataSources.OpenAI\Musoq.DataSources.OpenAI.csproj
  info: Musoq.Cloud.LicensesGatherer.LicenseGatherer[0]
        Output folder: D:\repos\Musoq.DataSources\.builds\license-refresh\Musoq.DataSources.OpenAI\snapshot\third-party-notices
  info: Musoq.Cloud.LicensesGatherer.LicenseGatherer[0]
        Loaded 12 manual link overrides
  info: Musoq.Cloud.LicensesGatherer.LicenseGatherer[0]
        Loaded 0 cached links
  info: Musoq.Cloud.LicensesGatherer.LicenseGatherer[0]
        Found 14 packages to process
  info: Musoq.Cloud.LicensesGatherer.LicenseGatherer[0]
        After filtering runtime packages: 14 packages
  info: System.Net.Http.HttpClient.NoLoggingHandler.LogicalHandler[100]
        Start processing HTTP request GET https://github.com/mmanela/diffplex/blob/main/LICENSE
  info: System.Net.Http.HttpClient.Default.LogicalHandler[100]
        Start processing HTTP request GET https://raw.githubusercontent.com/DanHarltey/Fastenshtein/master/LICENSE
  info: System.Net.Http.HttpClient.NoLoggingHandler.LogicalHandler[100]
        Start processing HTTP request GET https://github.com/dotnet/sourcelink/blob/main/LICENSE
  info: System.Net.Http.HttpClient.Default.LogicalHandler[100]
        Start processing HTTP request GET https://raw.githubusercontent.com/dotnet/runtime/main/LICENSE.TXT
  info: System.Net.Http.HttpClient.NoLoggingHandler.ClientHandler[100]
        Sending HTTP request GET https://github.com/mmanela/diffplex/blob/main/LICENSE
  info: System.Net.Http.HttpClient.NoLoggingHandler.ClientHandler[100]
        Sending HTTP request GET https://github.com/dotnet/sourcelink/blob/main/LICENSE
  info: System.Net.Http.HttpClient.Default.ClientHandler[100]
        Sending HTTP request GET https://raw.githubusercontent.com/dotnet/runtime/main/LICENSE.TXT
  info: System.Net.Http.HttpClient.Default.ClientHandler[100]
        Sending HTTP request GET https://raw.githubusercontent.com/DanHarltey/Fastenshtein/master/LICENSE
  info: System.Net.Http.HttpClient.Default.ClientHandler[101]
        Received HTTP response headers after 115.3131ms - 200
  info: System.Net.Http.HttpClient.Default.ClientHandler[101]
        Received HTTP response headers after 114.0052ms - 200
  info: System.Net.Http.HttpClient.Default.LogicalHandler[101]
        End processing HTTP request after 121.114ms - 200
  info: System.Net.Http.HttpClient.Default.LogicalHandler[101]
        End processing HTTP request after 121.106ms - 200
  info: System.Net.Http.HttpClient.NoLoggingHandler.LogicalHandler[100]
        Start processing HTTP request GET https://github.com/dotnet/sourcelink/blob/main/LICENSE
  info: System.Net.Http.HttpClient.Default.LogicalHandler[100]
        Start processing HTTP request GET https://raw.githubusercontent.com/dotnet/runtime/main/LICENSE.TXT
  info: System.Net.Http.HttpClient.Default.ClientHandler[100]
        Sending HTTP request GET https://raw.githubusercontent.com/dotnet/runtime/main/LICENSE.TXT
  info: System.Net.Http.HttpClient.NoLoggingHandler.ClientHandler[100]
        Sending HTTP request GET https://github.com/dotnet/sourcelink/blob/main/LICENSE
  info: System.Net.Http.HttpClient.NoLoggingHandler.ClientHandler[101]
        Received HTTP response headers after 139.3347ms - 404
  info: System.Net.Http.HttpClient.NoLoggingHandler.ClientHandler[101]
        Received HTTP response headers after 139.3567ms - 404
  info: System.Net.Http.HttpClient.NoLoggingHandler.LogicalHandler[101]
        End processing HTTP request after 142.9313ms - 404
  info: System.Net.Http.HttpClient.NoLoggingHandler.LogicalHandler[101]
        End processing HTTP request after 142.9313ms - 404
  info: System.Net.Http.HttpClient.Default.ClientHandler[101]
        Received HTTP response headers after 23.553ms - 200
  info: System.Net.Http.HttpClient.Default.LogicalHandler[101]
        End processing HTTP request after 23.613ms - 200
  info: System.Net.Http.HttpClient.NoLoggingHandler.LogicalHandler[100]
        Start processing HTTP request GET https://github.com/dotnet/sourcelink/blob/main/LICENSE
  info: System.Net.Http.HttpClient.NoLoggingHandler.ClientHandler[100]
        Sending HTTP request GET https://github.com/dotnet/sourcelink/blob/main/LICENSE
  info: System.Net.Http.HttpClient.NoLoggingHandler.ClientHandler[101]
        Received HTTP response headers after 100.4946ms - 404
  info: System.Net.Http.HttpClient.NoLoggingHandler.LogicalHandler[101]
        End processing HTTP request after 100.5918ms - 404
  info: System.Net.Http.HttpClient.NoLoggingHandler.LogicalHandler[100]
        Start processing HTTP request GET https://github.com/mmanela/diffplex/blob/main/LICENSE.md
  info: System.Net.Http.HttpClient.NoLoggingHandler.ClientHandler[100]
        Sending HTTP request GET https://github.com/mmanela/diffplex/blob/main/LICENSE.md
  info: System.Net.Http.HttpClient.NoLoggingHandler.LogicalHandler[100]
        Start processing HTTP request GET https://github.com/dotnet/sourcelink/blob/main/LICENSE.md
  info: System.Net.Http.HttpClient.NoLoggingHandler.ClientHandler[100]
        Sending HTTP request GET https://github.com/dotnet/sourcelink/blob/main/LICENSE.md
  info: System.Net.Http.HttpClient.NoLoggingHandler.ClientHandler[101]
        Received HTTP response headers after 91.5298ms - 404
  info: System.Net.Http.HttpClient.NoLoggingHandler.LogicalHandler[101]
        End processing HTTP request after 91.5841ms - 404
  info: System.Net.Http.HttpClient.NoLoggingHandler.ClientHandler[101]
        Received HTTP response headers after 35.9025ms - 404
  info: System.Net.Http.HttpClient.NoLoggingHandler.LogicalHandler[101]
        End processing HTTP request after 35.9936ms - 404
  info: System.Net.Http.HttpClient.NoLoggingHandler.ClientHandler[101]
        Received HTTP response headers after 35.9766ms - 404
  info: System.Net.Http.HttpClient.NoLoggingHandler.LogicalHandler[101]
        End processing HTTP request after 36.0454ms - 404
  info: System.Net.Http.HttpClient.NoLoggingHandler.LogicalHandler[100]
        Start processing HTTP request GET https://github.com/mmanela/diffplex/blob/main/LICENSE.txt
  info: System.Net.Http.HttpClient.NoLoggingHandler.ClientHandler[100]
        Sending HTTP request GET https://github.com/mmanela/diffplex/blob/main/LICENSE.txt
  info: System.Net.Http.HttpClient.NoLoggingHandler.LogicalHandler[100]
        Start processing HTTP request GET https://github.com/dotnet/sourcelink/blob/main/LICENSE.txt
  info: System.Net.Http.HttpClient.NoLoggingHandler.ClientHandler[100]
        Sending HTTP request GET https://github.com/dotnet/sourcelink/blob/main/LICENSE.txt
  info: System.Net.Http.HttpClient.NoLoggingHandler.ClientHandler[101]
        Received HTTP response headers after 36.2519ms - 404
  info: System.Net.Http.HttpClient.NoLoggingHandler.LogicalHandler[101]
        End processing HTTP request after 36.3195ms - 404
  info: System.Net.Http.HttpClient.NoLoggingHandler.ClientHandler[101]
        Received HTTP response headers after 37.1138ms - 404
  info: System.Net.Http.HttpClient.NoLoggingHandler.LogicalHandler[101]
        End processing HTTP request after 37.1588ms - 404
  info: System.Net.Http.HttpClient.NoLoggingHandler.LogicalHandler[100]
        Start processing HTTP request GET https://github.com/mmanela/diffplex/blob/main/license
  info: System.Net.Http.HttpClient.NoLoggingHandler.ClientHandler[100]
        Sending HTTP request GET https://github.com/mmanela/diffplex/blob/main/license
  info: System.Net.Http.HttpClient.NoLoggingHandler.LogicalHandler[100]
        Start processing HTTP request GET https://github.com/dotnet/sourcelink/blob/main/license
  info: System.Net.Http.HttpClient.NoLoggingHandler.ClientHandler[100]
        Sending HTTP request GET https://github.com/dotnet/sourcelink/blob/main/license
  info: System.Net.Http.HttpClient.NoLoggingHandler.LogicalHandler[100]
        Start processing HTTP request GET https://github.com/dotnet/sourcelink/blob/main/LICENSE.md
  info: System.Net.Http.HttpClient.NoLoggingHandler.ClientHandler[100]
        Sending HTTP request GET https://github.com/dotnet/sourcelink/blob/main/LICENSE.md
  info: System.Net.Http.HttpClient.NoLoggingHandler.LogicalHandler[100]
        Start processing HTTP request GET https://github.com/dotnet/sourcelink/blob/main/LICENSE.md
  info: System.Net.Http.HttpClient.NoLoggingHandler.ClientHandler[100]
        Sending HTTP request GET https://github.com/dotnet/sourcelink/blob/main/LICENSE.md
  info: System.Net.Http.HttpClient.NoLoggingHandler.ClientHandler[101]
        Received HTTP response headers after 36.4716ms - 404
  info: System.Net.Http.HttpClient.NoLoggingHandler.LogicalHandler[101]
        End processing HTTP request after 36.5403ms - 404
  info: System.Net.Http.HttpClient.NoLoggingHandler.ClientHandler[101]
        Received HTTP response headers after 38.1606ms - 404
  info: System.Net.Http.HttpClient.NoLoggingHandler.LogicalHandler[101]
        End processing HTTP request after 38.1953ms - 404
  info: System.Net.Http.HttpClient.NoLoggingHandler.LogicalHandler[100]
        Start processing HTTP request GET https://github.com/mmanela/diffplex/blob/main/license.md
  info: System.Net.Http.HttpClient.NoLoggingHandler.ClientHandler[100]
        Sending HTTP request GET https://github.com/mmanela/diffplex/blob/main/license.md
  info: System.Net.Http.HttpClient.NoLoggingHandler.LogicalHandler[100]
        Start processing HTTP request GET https://github.com/dotnet/sourcelink/blob/main/license.md
  info: System.Net.Http.HttpClient.NoLoggingHandler.ClientHandler[100]
        Sending HTTP request GET https://github.com/dotnet/sourcelink/blob/main/license.md
  info: System.Net.Http.HttpClient.NoLoggingHandler.ClientHandler[101]
        Received HTTP response headers after 34.0449ms - 404
  info: System.Net.Http.HttpClient.NoLoggingHandler.LogicalHandler[101]
        End processing HTTP request after 34.0803ms - 404
  info: System.Net.Http.HttpClient.NoLoggingHandler.LogicalHandler[100]
        Start processing HTTP request GET https://github.com/dotnet/sourcelink/blob/main/LICENSE.txt
  info: System.Net.Http.HttpClient.NoLoggingHandler.ClientHandler[100]
        Sending HTTP request GET https://github.com/dotnet/sourcelink/blob/main/LICENSE.txt
  info: System.Net.Http.HttpClient.NoLoggingHandler.ClientHandler[101]
        Received HTTP response headers after 30.0897ms - 404
  info: System.Net.Http.HttpClient.NoLoggingHandler.LogicalHandler[101]
        End processing HTTP request after 30.1197ms - 404
  info: System.Net.Http.HttpClient.NoLoggingHandler.LogicalHandler[100]
        Start processing HTTP request GET https://github.com/dotnet/sourcelink/blob/main/LICENSE.txt
  info: System.Net.Http.HttpClient.NoLoggingHandler.ClientHandler[100]
        Sending HTTP request GET https://github.com/dotnet/sourcelink/blob/main/LICENSE.txt
  info: System.Net.Http.HttpClient.NoLoggingHandler.ClientHandler[101]
        Received HTTP response headers after 30.2218ms - 404
  info: System.Net.Http.HttpClient.NoLoggingHandler.LogicalHandler[101]
        End processing HTTP request after 30.3514ms - 404
  info: System.Net.Http.HttpClient.NoLoggingHandler.LogicalHandler[100]
        Start processing HTTP request GET https://github.com/dotnet/sourcelink/blob/main/license
  info: System.Net.Http.HttpClient.NoLoggingHandler.ClientHandler[100]
        Sending HTTP request GET https://github.com/dotnet/sourcelink/blob/main/license
  info: System.Net.Http.HttpClient.NoLoggingHandler.ClientHandler[101]
        Received HTTP response headers after 33.6604ms - 404
  info: System.Net.Http.HttpClient.NoLoggingHandler.LogicalHandler[101]
        End processing HTTP request after 33.6886ms - 404
  info: System.Net.Http.HttpClient.NoLoggingHandler.LogicalHandler[100]
        Start processing HTTP request GET https://github.com/dotnet/sourcelink/blob/main/license
  info: System.Net.Http.HttpClient.NoLoggingHandler.ClientHandler[100]
        Sending HTTP request GET https://github.com/dotnet/sourcelink/blob/main/license
  info: System.Net.Http.HttpClient.NoLoggingHandler.ClientHandler[101]
        Received HTTP response headers after 37.0214ms - 404
  info: System.Net.Http.HttpClient.NoLoggingHandler.LogicalHandler[101]
        End processing HTTP request after 37.0522ms - 404
  info: System.Net.Http.HttpClient.NoLoggingHandler.ClientHandler[101]
        Received HTTP response headers after 37.6923ms - 404
  info: System.Net.Http.HttpClient.NoLoggingHandler.LogicalHandler[101]
        End processing HTTP request after 37.7365ms - 404
  info: System.Net.Http.HttpClient.NoLoggingHandler.LogicalHandler[100]
        Start processing HTTP request GET https://github.com/dotnet/sourcelink/blob/main/license.txt
  info: System.Net.Http.HttpClient.NoLoggingHandler.ClientHandler[100]
        Sending HTTP request GET https://github.com/dotnet/sourcelink/blob/main/license.txt
  info: System.Net.Http.HttpClient.NoLoggingHandler.LogicalHandler[100]
        Start processing HTTP request GET https://github.com/mmanela/diffplex/blob/main/license.txt
  info: System.Net.Http.HttpClient.NoLoggingHandler.ClientHandler[100]
        Sending HTTP request GET https://github.com/mmanela/diffplex/blob/main/license.txt
  info: System.Net.Http.HttpClient.NoLoggingHandler.ClientHandler[101]
        Received HTTP response headers after 30.7134ms - 404
  info: System.Net.Http.HttpClient.NoLoggingHandler.LogicalHandler[101]
        End processing HTTP request after 30.7892ms - 404
  info: System.Net.Http.HttpClient.NoLoggingHandler.LogicalHandler[100]
        Start processing HTTP request GET https://github.com/dotnet/sourcelink/blob/main/license.md
  info: System.Net.Http.HttpClient.NoLoggingHandler.ClientHandler[100]
        Sending HTTP request GET https://github.com/dotnet/sourcelink/blob/main/license.md
  info: System.Net.Http.HttpClient.NoLoggingHandler.ClientHandler[101]
        Received HTTP response headers after 33.5335ms - 404
  info: System.Net.Http.HttpClient.NoLoggingHandler.LogicalHandler[101]
        End processing HTTP request after 33.5685ms - 404
  info: System.Net.Http.HttpClient.NoLoggingHandler.LogicalHandler[100]
        Start processing HTTP request GET https://github.com/dotnet/sourcelink/blob/main/license.md
  info: System.Net.Http.HttpClient.NoLoggingHandler.ClientHandler[100]
        Sending HTTP request GET https://github.com/dotnet/sourcelink/blob/main/license.md
  info: System.Net.Http.HttpClient.NoLoggingHandler.ClientHandler[101]
        Received HTTP response headers after 35.6581ms - 404
  info: System.Net.Http.HttpClient.NoLoggingHandler.LogicalHandler[101]
        End processing HTTP request after 35.689ms - 404
  info: System.Net.Http.HttpClient.NoLoggingHandler.LogicalHandler[100]
        Start processing HTTP request GET https://github.com/dotnet/sourcelink/blob/main/License
  info: System.Net.Http.HttpClient.NoLoggingHandler.ClientHandler[100]
        Sending HTTP request GET https://github.com/dotnet/sourcelink/blob/main/License
  info: System.Net.Http.HttpClient.NoLoggingHandler.ClientHandler[101]
        Received HTTP response headers after 37.0336ms - 404
  info: System.Net.Http.HttpClient.NoLoggingHandler.LogicalHandler[101]
        End processing HTTP request after 37.0634ms - 404
  info: System.Net.Http.HttpClient.NoLoggingHandler.LogicalHandler[100]
        Start processing HTTP request GET https://github.com/mmanela/diffplex/blob/main/License
  info: System.Net.Http.HttpClient.NoLoggingHandler.ClientHandler[100]
        Sending HTTP request GET https://github.com/mmanela/diffplex/blob/main/License
  info: System.Net.Http.HttpClient.NoLoggingHandler.ClientHandler[101]
        Received HTTP response headers after 29.9812ms - 404
  info: System.Net.Http.HttpClient.NoLoggingHandler.LogicalHandler[101]
        End processing HTTP request after 30.0484ms - 404
  info: System.Net.Http.HttpClient.NoLoggingHandler.LogicalHandler[100]
        Start processing HTTP request GET https://github.com/dotnet/sourcelink/blob/main/license.txt
  info: System.Net.Http.HttpClient.NoLoggingHandler.ClientHandler[100]
        Sending HTTP request GET https://github.com/dotnet/sourcelink/blob/main/license.txt
  info: System.Net.Http.HttpClient.NoLoggingHandler.ClientHandler[101]
        Received HTTP response headers after 32.6319ms - 404
  info: System.Net.Http.HttpClient.NoLoggingHandler.LogicalHandler[101]
        End processing HTTP request after 32.6724ms - 404
  info: System.Net.Http.HttpClient.NoLoggingHandler.LogicalHandler[100]
        Start processing HTTP request GET https://github.com/dotnet/sourcelink/blob/main/license.txt
  info: System.Net.Http.HttpClient.NoLoggingHandler.ClientHandler[100]
        Sending HTTP request GET https://github.com/dotnet/sourcelink/blob/main/license.txt
  info: System.Net.Http.HttpClient.NoLoggingHandler.ClientHandler[101]
        Received HTTP response headers after 36.2165ms - 404
  info: System.Net.Http.HttpClient.NoLoggingHandler.LogicalHandler[101]
        End processing HTTP request after 36.2431ms - 404
  info: System.Net.Http.HttpClient.NoLoggingHandler.LogicalHandler[100]
        Start processing HTTP request GET https://github.com/dotnet/sourcelink/blob/main/License.md
  info: System.Net.Http.HttpClient.NoLoggingHandler.ClientHandler[100]
        Sending HTTP request GET https://github.com/dotnet/sourcelink/blob/main/License.md
  info: System.Net.Http.HttpClient.NoLoggingHandler.ClientHandler[101]
        Received HTTP response headers after 36.121ms - 404
  info: System.Net.Http.HttpClient.NoLoggingHandler.LogicalHandler[101]
        End processing HTTP request after 36.1465ms - 404
  info: System.Net.Http.HttpClient.NoLoggingHandler.LogicalHandler[100]
        Start processing HTTP request GET https://github.com/mmanela/diffplex/blob/main/License.md
  info: System.Net.Http.HttpClient.NoLoggingHandler.ClientHandler[100]
        Sending HTTP request GET https://github.com/mmanela/diffplex/blob/main/License.md
  info: System.Net.Http.HttpClient.NoLoggingHandler.ClientHandler[101]
        Received HTTP response headers after 29.9776ms - 404
  info: System.Net.Http.HttpClient.NoLoggingHandler.LogicalHandler[101]
        End processing HTTP request after 30.0314ms - 404
  info: System.Net.Http.HttpClient.NoLoggingHandler.LogicalHandler[100]
        Start processing HTTP request GET https://github.com/dotnet/sourcelink/blob/main/License
  info: System.Net.Http.HttpClient.NoLoggingHandler.ClientHandler[100]
        Sending HTTP request GET https://github.com/dotnet/sourcelink/blob/main/License
  info: System.Net.Http.HttpClient.NoLoggingHandler.ClientHandler[101]
        Received HTTP response headers after 32.8781ms - 404
  info: System.Net.Http.HttpClient.NoLoggingHandler.LogicalHandler[101]
        End processing HTTP request after 32.9318ms - 404
  info: System.Net.Http.HttpClient.NoLoggingHandler.LogicalHandler[100]
        Start processing HTTP request GET https://github.com/dotnet/sourcelink/blob/main/License
  info: System.Net.Http.HttpClient.NoLoggingHandler.ClientHandler[100]
        Sending HTTP request GET https://github.com/dotnet/sourcelink/blob/main/License
  info: System.Net.Http.HttpClient.NoLoggingHandler.ClientHandler[101]
        Received HTTP response headers after 35.7047ms - 404
  info: System.Net.Http.HttpClient.NoLoggingHandler.LogicalHandler[101]
        End processing HTTP request after 35.7427ms - 404
  info: System.Net.Http.HttpClient.NoLoggingHandler.LogicalHandler[100]
        Start processing HTTP request GET https://github.com/dotnet/sourcelink/blob/main/License.txt
  info: System.Net.Http.HttpClient.NoLoggingHandler.ClientHandler[100]
        Sending HTTP request GET https://github.com/dotnet/sourcelink/blob/main/License.txt
  info: System.Net.Http.HttpClient.NoLoggingHandler.ClientHandler[101]
        Received HTTP response headers after 35.5797ms - 404
  info: System.Net.Http.HttpClient.NoLoggingHandler.LogicalHandler[101]
        End processing HTTP request after 35.5991ms - 404
  info: System.Net.Http.HttpClient.NoLoggingHandler.LogicalHandler[100]
        Start processing HTTP request GET https://github.com/mmanela/diffplex/blob/main/License.txt
  info: System.Net.Http.HttpClient.NoLoggingHandler.ClientHandler[100]
        Sending HTTP request GET https://github.com/mmanela/diffplex/blob/main/License.txt
  info: System.Net.Http.HttpClient.NoLoggingHandler.ClientHandler[101]
        Received HTTP response headers after 29.786ms - 404
  info: System.Net.Http.HttpClient.NoLoggingHandler.LogicalHandler[101]
        End processing HTTP request after 29.8333ms - 404
  info: System.Net.Http.HttpClient.NoLoggingHandler.LogicalHandler[100]
        Start processing HTTP request GET https://github.com/dotnet/sourcelink/blob/main/License.md
  info: System.Net.Http.HttpClient.NoLoggingHandler.ClientHandler[100]
        Sending HTTP request GET https://github.com/dotnet/sourcelink/blob/main/License.md
  info: System.Net.Http.HttpClient.NoLoggingHandler.ClientHandler[101]
        Received HTTP response headers after 33.6302ms - 404
  info: System.Net.Http.HttpClient.NoLoggingHandler.LogicalHandler[101]
        End processing HTTP request after 33.7026ms - 404
  info: System.Net.Http.HttpClient.NoLoggingHandler.LogicalHandler[100]
        Start processing HTTP request GET https://github.com/dotnet/sourcelink/blob/main/License.md
  info: System.Net.Http.HttpClient.NoLoggingHandler.ClientHandler[100]
        Sending HTTP request GET https://github.com/dotnet/sourcelink/blob/main/License.md
  info: System.Net.Http.HttpClient.NoLoggingHandler.ClientHandler[101]
        Received HTTP response headers after 35.7623ms - 200
  info: System.Net.Http.HttpClient.NoLoggingHandler.LogicalHandler[101]
        End processing HTTP request after 35.801ms - 200
  info: System.Net.Http.HttpClient.NoLoggingHandler.ClientHandler[101]
        Received HTTP response headers after 36.1174ms - 404
  info: System.Net.Http.HttpClient.NoLoggingHandler.LogicalHandler[101]
        End processing HTTP request after 36.1469ms - 404
  info: System.Net.Http.HttpClient.Default.LogicalHandler[100]
        Start processing HTTP request GET https://raw.githubusercontent.com/dotnet/sourcelink/main/License.txt
  info: System.Net.Http.HttpClient.Default.ClientHandler[100]
        Sending HTTP request GET https://raw.githubusercontent.com/dotnet/sourcelink/main/License.txt
  info: System.Net.Http.HttpClient.NoLoggingHandler.LogicalHandler[100]
        Start processing HTTP request GET https://github.com/mmanela/diffplex/blob/main/LICENSE.TXT
  info: System.Net.Http.HttpClient.NoLoggingHandler.ClientHandler[100]
        Sending HTTP request GET https://github.com/mmanela/diffplex/blob/main/LICENSE.TXT
  info: System.Net.Http.HttpClient.NoLoggingHandler.ClientHandler[101]
        Received HTTP response headers after 30.2653ms - 404
  info: System.Net.Http.HttpClient.NoLoggingHandler.LogicalHandler[101]
        End processing HTTP request after 30.2947ms - 404
  info: System.Net.Http.HttpClient.NoLoggingHandler.LogicalHandler[100]
        Start processing HTTP request GET https://github.com/dotnet/sourcelink/blob/main/License.txt
  info: System.Net.Http.HttpClient.NoLoggingHandler.ClientHandler[100]
        Sending HTTP request GET https://github.com/dotnet/sourcelink/blob/main/License.txt
  info: System.Net.Http.HttpClient.NoLoggingHandler.ClientHandler[101]
        Received HTTP response headers after 33.2029ms - 404
  info: System.Net.Http.HttpClient.NoLoggingHandler.LogicalHandler[101]
        End processing HTTP request after 33.2557ms - 404
  info: System.Net.Http.HttpClient.NoLoggingHandler.LogicalHandler[100]
        Start processing HTTP request GET https://github.com/dotnet/sourcelink/blob/main/License.txt
  info: System.Net.Http.HttpClient.NoLoggingHandler.ClientHandler[100]
        Sending HTTP request GET https://github.com/dotnet/sourcelink/blob/main/License.txt
  info: System.Net.Http.HttpClient.Default.ClientHandler[101]
        Received HTTP response headers after 22.7671ms - 200
  info: System.Net.Http.HttpClient.Default.LogicalHandler[101]
        End processing HTTP request after 22.8018ms - 200
  info: System.Net.Http.HttpClient.Default.LogicalHandler[100]
        Start processing HTTP request GET https://raw.githubusercontent.com/openai/openai-dotnet/edc1b51f9138375a16fc078b9ce175de76529136/LICENSE
  info: System.Net.Http.HttpClient.Default.ClientHandler[100]
        Sending HTTP request GET https://raw.githubusercontent.com/openai/openai-dotnet/edc1b51f9138375a16fc078b9ce175de76529136/LICENSE
  info: System.Net.Http.HttpClient.NoLoggingHandler.ClientHandler[101]
        Received HTTP response headers after 29.7603ms - 200
  info: System.Net.Http.HttpClient.NoLoggingHandler.LogicalHandler[101]
        End processing HTTP request after 29.7992ms - 200
  info: System.Net.Http.HttpClient.Default.LogicalHandler[100]
        Start processing HTTP request GET https://raw.githubusercontent.com/dotnet/sourcelink/main/License.txt
  info: System.Net.Http.HttpClient.Default.ClientHandler[100]
        Sending HTTP request GET https://raw.githubusercontent.com/dotnet/sourcelink/main/License.txt
  info: System.Net.Http.HttpClient.NoLoggingHandler.ClientHandler[101]
        Received HTTP response headers after 36.4437ms - 404
  info: System.Net.Http.HttpClient.NoLoggingHandler.LogicalHandler[101]
        End processing HTTP request after 36.4847ms - 404
  info: System.Net.Http.HttpClient.NoLoggingHandler.LogicalHandler[100]
        Start processing HTTP request GET https://github.com/mmanela/diffplex/blob/master/LICENSE
  info: System.Net.Http.HttpClient.NoLoggingHandler.ClientHandler[100]
        Sending HTTP request GET https://github.com/mmanela/diffplex/blob/master/LICENSE
  info: System.Net.Http.HttpClient.NoLoggingHandler.ClientHandler[101]
        Received HTTP response headers after 33.5147ms - 200
  info: System.Net.Http.HttpClient.NoLoggingHandler.LogicalHandler[101]
        End processing HTTP request after 33.5668ms - 200
  info: System.Net.Http.HttpClient.Default.LogicalHandler[100]
        Start processing HTTP request GET https://raw.githubusercontent.com/dotnet/sourcelink/main/License.txt
  info: System.Net.Http.HttpClient.Default.ClientHandler[100]
        Sending HTTP request GET https://raw.githubusercontent.com/dotnet/sourcelink/main/License.txt
  info: System.Net.Http.HttpClient.Default.ClientHandler[101]
        Received HTTP response headers after 26.0377ms - 200
  info: System.Net.Http.HttpClient.Default.LogicalHandler[101]
        End processing HTTP request after 26.0759ms - 200
  info: System.Net.Http.HttpClient.NoLoggingHandler.LogicalHandler[100]
        Start processing HTTP request GET https://github.com/dmitry-brazhenko/SharpToken/blob/main/LICENSE
  info: System.Net.Http.HttpClient.NoLoggingHandler.ClientHandler[100]
        Sending HTTP request GET https://github.com/dmitry-brazhenko/SharpToken/blob/main/LICENSE
  info: System.Net.Http.HttpClient.NoLoggingHandler.ClientHandler[101]
        Received HTTP response headers after 36.3606ms - 404
  info: System.Net.Http.HttpClient.NoLoggingHandler.LogicalHandler[101]
        End processing HTTP request after 36.4195ms - 404
  info: System.Net.Http.HttpClient.NoLoggingHandler.LogicalHandler[100]
        Start processing HTTP request GET https://github.com/mmanela/diffplex/blob/master/LICENSE.md
  info: System.Net.Http.HttpClient.NoLoggingHandler.ClientHandler[100]
        Sending HTTP request GET https://github.com/mmanela/diffplex/blob/master/LICENSE.md
  info: System.Net.Http.HttpClient.Default.ClientHandler[101]
        Received HTTP response headers after 31.5321ms - 200
  info: System.Net.Http.HttpClient.Default.LogicalHandler[101]
        End processing HTTP request after 31.5731ms - 200
  info: System.Net.Http.HttpClient.Default.LogicalHandler[100]
        Start processing HTTP request GET https://raw.githubusercontent.com/Azure/azure-sdk-for-net/6b41983be6c45a7439db0b25f0c0874d7c867ed9/LICENSE.txt
  info: System.Net.Http.HttpClient.Default.ClientHandler[100]
        Sending HTTP request GET https://raw.githubusercontent.com/Azure/azure-sdk-for-net/6b41983be6c45a7439db0b25f0c0874d7c867ed9/LICENSE.txt
  info: System.Net.Http.HttpClient.NoLoggingHandler.ClientHandler[101]
        Received HTTP response headers after 33.0867ms - 200
  info: System.Net.Http.HttpClient.NoLoggingHandler.LogicalHandler[101]
        End processing HTTP request after 33.1382ms - 200
  info: System.Net.Http.HttpClient.Default.LogicalHandler[100]
        Start processing HTTP request GET https://raw.githubusercontent.com/dmitry-brazhenko/SharpToken/main/LICENSE
  info: System.Net.Http.HttpClient.Default.ClientHandler[100]
        Sending HTTP request GET https://raw.githubusercontent.com/dmitry-brazhenko/SharpToken/main/LICENSE
  info: System.Net.Http.HttpClient.NoLoggingHandler.ClientHandler[101]
        Received HTTP response headers after 36.007ms - 404
  info: System.Net.Http.HttpClient.NoLoggingHandler.LogicalHandler[101]
        End processing HTTP request after 36.0849ms - 404
  info: System.Net.Http.HttpClient.NoLoggingHandler.LogicalHandler[100]
        Start processing HTTP request GET https://github.com/mmanela/diffplex/blob/master/LICENSE.txt
  info: System.Net.Http.HttpClient.NoLoggingHandler.ClientHandler[100]
        Sending HTTP request GET https://github.com/mmanela/diffplex/blob/master/LICENSE.txt
  info: System.Net.Http.HttpClient.NoLoggingHandler.ClientHandler[101]
        Received HTTP response headers after 35.9914ms - 404
  info: System.Net.Http.HttpClient.NoLoggingHandler.LogicalHandler[101]
        End processing HTTP request after 36.0636ms - 404
  info: System.Net.Http.HttpClient.NoLoggingHandler.LogicalHandler[100]
        Start processing HTTP request GET https://github.com/mmanela/diffplex/blob/master/license
  info: System.Net.Http.HttpClient.NoLoggingHandler.ClientHandler[100]
        Sending HTTP request GET https://github.com/mmanela/diffplex/blob/master/license
  info: System.Net.Http.HttpClient.NoLoggingHandler.ClientHandler[101]
        Received HTTP response headers after 35.974ms - 404
  info: System.Net.Http.HttpClient.NoLoggingHandler.LogicalHandler[101]
        End processing HTTP request after 36.0496ms - 404
  info: System.Net.Http.HttpClient.NoLoggingHandler.LogicalHandler[100]
        Start processing HTTP request GET https://github.com/mmanela/diffplex/blob/master/license.md
  info: System.Net.Http.HttpClient.NoLoggingHandler.ClientHandler[100]
        Sending HTTP request GET https://github.com/mmanela/diffplex/blob/master/license.md
  info: System.Net.Http.HttpClient.NoLoggingHandler.ClientHandler[101]
        Received HTTP response headers after 36.1451ms - 404
  info: System.Net.Http.HttpClient.NoLoggingHandler.LogicalHandler[101]
        End processing HTTP request after 36.2181ms - 404
  info: System.Net.Http.HttpClient.NoLoggingHandler.LogicalHandler[100]
        Start processing HTTP request GET https://github.com/mmanela/diffplex/blob/master/license.txt
  info: System.Net.Http.HttpClient.NoLoggingHandler.ClientHandler[100]
        Sending HTTP request GET https://github.com/mmanela/diffplex/blob/master/license.txt
  info: System.Net.Http.HttpClient.Default.ClientHandler[101]
        Received HTTP response headers after 200.288ms - 200
  info: System.Net.Http.HttpClient.Default.LogicalHandler[101]
        End processing HTTP request after 200.3346ms - 200
  info: System.Net.Http.HttpClient.Default.LogicalHandler[100]
        Start processing HTTP request GET https://raw.githubusercontent.com/dotnet/runtime/main/LICENSE.TXT
  info: System.Net.Http.HttpClient.Default.ClientHandler[100]
        Sending HTTP request GET https://raw.githubusercontent.com/dotnet/runtime/main/LICENSE.TXT
  info: System.Net.Http.HttpClient.Default.ClientHandler[101]
        Received HTTP response headers after 22.5716ms - 200
  info: System.Net.Http.HttpClient.Default.LogicalHandler[101]
        End processing HTTP request after 22.6341ms - 200
  info: System.Net.Http.HttpClient.NoLoggingHandler.ClientHandler[101]
        Received HTTP response headers after 35.9251ms - 404
  info: System.Net.Http.HttpClient.NoLoggingHandler.LogicalHandler[101]
        End processing HTTP request after 35.9914ms - 404
  info: System.Net.Http.HttpClient.NoLoggingHandler.LogicalHandler[100]
        Start processing HTTP request GET https://github.com/mmanela/diffplex/blob/master/License
  info: System.Net.Http.HttpClient.NoLoggingHandler.ClientHandler[100]
        Sending HTTP request GET https://github.com/mmanela/diffplex/blob/master/License
  info: System.Net.Http.HttpClient.Default.ClientHandler[101]
        Received HTTP response headers after 187.2008ms - 200
  info: System.Net.Http.HttpClient.Default.LogicalHandler[101]
        End processing HTTP request after 187.262ms - 200
  info: System.Net.Http.HttpClient.NoLoggingHandler.ClientHandler[101]
        Received HTTP response headers after 35.9967ms - 404
  info: System.Net.Http.HttpClient.NoLoggingHandler.LogicalHandler[101]
        End processing HTTP request after 36.0597ms - 404
  info: System.Net.Http.HttpClient.NoLoggingHandler.LogicalHandler[100]
        Start processing HTTP request GET https://github.com/mmanela/diffplex/blob/master/License.md
  info: System.Net.Http.HttpClient.NoLoggingHandler.ClientHandler[100]
        Sending HTTP request GET https://github.com/mmanela/diffplex/blob/master/License.md
  info: System.Net.Http.HttpClient.Default.ClientHandler[101]
        Received HTTP response headers after 241.9126ms - 200
  info: System.Net.Http.HttpClient.Default.LogicalHandler[101]
        End processing HTTP request after 241.9772ms - 200
  info: System.Net.Http.HttpClient.NoLoggingHandler.ClientHandler[101]
        Received HTTP response headers after 35.9908ms - 404
  info: System.Net.Http.HttpClient.NoLoggingHandler.LogicalHandler[101]
        End processing HTTP request after 36.0645ms - 404
  info: System.Net.Http.HttpClient.NoLoggingHandler.LogicalHandler[100]
        Start processing HTTP request GET https://github.com/mmanela/diffplex/blob/master/License.txt
  info: System.Net.Http.HttpClient.NoLoggingHandler.ClientHandler[100]
        Sending HTTP request GET https://github.com/mmanela/diffplex/blob/master/License.txt
  info: System.Net.Http.HttpClient.NoLoggingHandler.ClientHandler[101]
        Received HTTP response headers after 36.1237ms - 200
  info: System.Net.Http.HttpClient.NoLoggingHandler.LogicalHandler[101]
        End processing HTTP request after 36.1875ms - 200
  info: System.Net.Http.HttpClient.Default.LogicalHandler[100]
        Start processing HTTP request GET https://raw.githubusercontent.com/mmanela/diffplex/master/License.txt
  info: System.Net.Http.HttpClient.Default.ClientHandler[100]
        Sending HTTP request GET https://raw.githubusercontent.com/mmanela/diffplex/master/License.txt
  info: System.Net.Http.HttpClient.Default.ClientHandler[101]
        Received HTTP response headers after 26.6145ms - 200
  info: System.Net.Http.HttpClient.Default.LogicalHandler[101]
        End processing HTTP request after 26.6815ms - 200
  info: Musoq.Cloud.LicensesGatherer.LicenseGatherer[0]
        Saved 15 licenses from 15 packages
  info: Musoq.Cloud.LicensesGatherer.LicenseGatherer[0]
        License texts saved in: D:\repos\Musoq.DataSources\.builds\license-refresh\Musoq.DataSources.OpenAI\snapshot\third-party-notices
[SNAPSHOT] package=Musoq.DataSources.OpenAI packages=14 files=16 manifest_sha256=2dfe7683c7de542555cd47c26d4edd1dbaf7aca1f31459e78da452c56545bd02 source=checked-in
[UPDATED] License snapshot 'Musoq.DataSources.OpenAI'
Refreshing license snapshot: Musoq.DataSources.Os
  info: Musoq.Cloud.LicensesGatherer.LicenseGatherer[0]
        Starting license gathering for: D:\repos\Musoq.DataSources\Musoq.DataSources.Os\Musoq.DataSources.Os.csproj
  info: Musoq.Cloud.LicensesGatherer.LicenseGatherer[0]
        Output folder: D:\repos\Musoq.DataSources\.builds\license-refresh\Musoq.DataSources.Os\snapshot\third-party-notices
  info: Musoq.Cloud.LicensesGatherer.LicenseGatherer[0]
        Loaded 12 manual link overrides
  info: Musoq.Cloud.LicensesGatherer.LicenseGatherer[0]
        Loaded 0 cached links
  info: Musoq.Cloud.LicensesGatherer.LicenseGatherer[0]
        Found 12 packages to process
  info: Musoq.Cloud.LicensesGatherer.LicenseGatherer[0]
        After filtering runtime packages: 12 packages
  info: System.Net.Http.HttpClient.NoLoggingHandler.LogicalHandler[100]
        Start processing HTTP request GET https://github.com/dotnet/sourcelink/blob/main/LICENSE
  info: System.Net.Http.HttpClient.NoLoggingHandler.LogicalHandler[100]
        Start processing HTTP request GET https://github.com/mmanela/diffplex/blob/main/LICENSE
  info: System.Net.Http.HttpClient.NoLoggingHandler.LogicalHandler[100]
        Start processing HTTP request GET https://github.com/drewnoakes/metadata-extractor-dotnet/blob/main/LICENSE
  info: System.Net.Http.HttpClient.Default.LogicalHandler[100]
        Start processing HTTP request GET https://raw.githubusercontent.com/DanHarltey/Fastenshtein/master/LICENSE
  info: System.Net.Http.HttpClient.NoLoggingHandler.ClientHandler[100]
        Sending HTTP request GET https://github.com/drewnoakes/metadata-extractor-dotnet/blob/main/LICENSE
  info: System.Net.Http.HttpClient.NoLoggingHandler.ClientHandler[100]
        Sending HTTP request GET https://github.com/mmanela/diffplex/blob/main/LICENSE
  info: System.Net.Http.HttpClient.NoLoggingHandler.ClientHandler[100]
        Sending HTTP request GET https://github.com/dotnet/sourcelink/blob/main/LICENSE
  info: System.Net.Http.HttpClient.Default.ClientHandler[100]
        Sending HTTP request GET https://raw.githubusercontent.com/DanHarltey/Fastenshtein/master/LICENSE
  info: System.Net.Http.HttpClient.Default.ClientHandler[101]
        Received HTTP response headers after 120.0108ms - 200
  info: System.Net.Http.HttpClient.Default.LogicalHandler[101]
        End processing HTTP request after 126.7144ms - 200
  info: System.Net.Http.HttpClient.Default.LogicalHandler[100]
        Start processing HTTP request GET https://raw.githubusercontent.com/dotnet/runtime/main/LICENSE.TXT
  info: System.Net.Http.HttpClient.Default.ClientHandler[100]
        Sending HTTP request GET https://raw.githubusercontent.com/dotnet/runtime/main/LICENSE.TXT
  info: System.Net.Http.HttpClient.NoLoggingHandler.ClientHandler[101]
        Received HTTP response headers after 129.7615ms - 404
  info: System.Net.Http.HttpClient.NoLoggingHandler.ClientHandler[101]
        Received HTTP response headers after 129.7602ms - 404
  info: System.Net.Http.HttpClient.NoLoggingHandler.LogicalHandler[101]
        End processing HTTP request after 133.3237ms - 404
  info: System.Net.Http.HttpClient.NoLoggingHandler.LogicalHandler[101]
        End processing HTTP request after 133.3287ms - 404
  info: System.Net.Http.HttpClient.Default.ClientHandler[101]
        Received HTTP response headers after 25.7772ms - 200
  info: System.Net.Http.HttpClient.Default.LogicalHandler[101]
        End processing HTTP request after 25.8466ms - 200
  info: System.Net.Http.HttpClient.Default.LogicalHandler[100]
        Start processing HTTP request GET https://raw.githubusercontent.com/dotnet/runtime/main/LICENSE.TXT
  info: System.Net.Http.HttpClient.Default.ClientHandler[100]
        Sending HTTP request GET https://raw.githubusercontent.com/dotnet/runtime/main/LICENSE.TXT
  info: System.Net.Http.HttpClient.Default.ClientHandler[101]
        Received HTTP response headers after 25.8641ms - 200
  info: System.Net.Http.HttpClient.Default.LogicalHandler[101]
        End processing HTTP request after 25.9214ms - 200
  info: System.Net.Http.HttpClient.NoLoggingHandler.LogicalHandler[100]
        Start processing HTTP request GET https://github.com/dotnet/sourcelink/blob/main/LICENSE
  info: System.Net.Http.HttpClient.NoLoggingHandler.ClientHandler[100]
        Sending HTTP request GET https://github.com/dotnet/sourcelink/blob/main/LICENSE
  info: System.Net.Http.HttpClient.NoLoggingHandler.LogicalHandler[100]
        Start processing HTTP request GET https://github.com/mmanela/diffplex/blob/main/LICENSE.md
  info: System.Net.Http.HttpClient.NoLoggingHandler.ClientHandler[100]
        Sending HTTP request GET https://github.com/mmanela/diffplex/blob/main/LICENSE.md
  info: System.Net.Http.HttpClient.NoLoggingHandler.LogicalHandler[100]
        Start processing HTTP request GET https://github.com/dotnet/sourcelink/blob/main/LICENSE.md
  info: System.Net.Http.HttpClient.NoLoggingHandler.ClientHandler[100]
        Sending HTTP request GET https://github.com/dotnet/sourcelink/blob/main/LICENSE.md
  info: System.Net.Http.HttpClient.NoLoggingHandler.ClientHandler[101]
        Received HTTP response headers after 54.647ms - 404
  info: System.Net.Http.HttpClient.NoLoggingHandler.LogicalHandler[101]
        End processing HTTP request after 54.6983ms - 404
  info: System.Net.Http.HttpClient.NoLoggingHandler.LogicalHandler[100]
        Start processing HTTP request GET https://github.com/dotnet/sourcelink/blob/main/LICENSE.md
  info: System.Net.Http.HttpClient.NoLoggingHandler.ClientHandler[100]
        Sending HTTP request GET https://github.com/dotnet/sourcelink/blob/main/LICENSE.md
  info: System.Net.Http.HttpClient.NoLoggingHandler.ClientHandler[101]
        Received HTTP response headers after 34.9926ms - 404
  info: System.Net.Http.HttpClient.NoLoggingHandler.LogicalHandler[101]
        End processing HTTP request after 35.0489ms - 404
  info: System.Net.Http.HttpClient.NoLoggingHandler.LogicalHandler[100]
        Start processing HTTP request GET https://github.com/mmanela/diffplex/blob/main/LICENSE.txt
  info: System.Net.Http.HttpClient.NoLoggingHandler.ClientHandler[100]
        Sending HTTP request GET https://github.com/mmanela/diffplex/blob/main/LICENSE.txt
  info: System.Net.Http.HttpClient.NoLoggingHandler.ClientHandler[101]
        Received HTTP response headers after 58.503ms - 404
  info: System.Net.Http.HttpClient.NoLoggingHandler.LogicalHandler[101]
        End processing HTTP request after 58.5536ms - 404
  info: System.Net.Http.HttpClient.NoLoggingHandler.LogicalHandler[100]
        Start processing HTTP request GET https://github.com/dotnet/sourcelink/blob/main/LICENSE.txt
  info: System.Net.Http.HttpClient.NoLoggingHandler.ClientHandler[100]
        Sending HTTP request GET https://github.com/dotnet/sourcelink/blob/main/LICENSE.txt
  info: System.Net.Http.HttpClient.NoLoggingHandler.ClientHandler[101]
        Received HTTP response headers after 35.3396ms - 404
  info: System.Net.Http.HttpClient.NoLoggingHandler.LogicalHandler[101]
        End processing HTTP request after 35.3692ms - 404
  info: System.Net.Http.HttpClient.NoLoggingHandler.LogicalHandler[100]
        Start processing HTTP request GET https://github.com/dotnet/sourcelink/blob/main/LICENSE.txt
  info: System.Net.Http.HttpClient.NoLoggingHandler.ClientHandler[100]
        Sending HTTP request GET https://github.com/dotnet/sourcelink/blob/main/LICENSE.txt
  info: System.Net.Http.HttpClient.NoLoggingHandler.ClientHandler[101]
        Received HTTP response headers after 42.1415ms - 404
  info: System.Net.Http.HttpClient.NoLoggingHandler.LogicalHandler[101]
        End processing HTTP request after 42.1775ms - 404
  info: System.Net.Http.HttpClient.NoLoggingHandler.ClientHandler[101]
        Received HTTP response headers after 31.4537ms - 404
  info: System.Net.Http.HttpClient.NoLoggingHandler.LogicalHandler[101]
        End processing HTTP request after 31.4926ms - 404
  info: System.Net.Http.HttpClient.NoLoggingHandler.LogicalHandler[100]
        Start processing HTTP request GET https://github.com/dotnet/sourcelink/blob/main/license
  info: System.Net.Http.HttpClient.NoLoggingHandler.ClientHandler[100]
        Sending HTTP request GET https://github.com/dotnet/sourcelink/blob/main/license
  info: System.Net.Http.HttpClient.NoLoggingHandler.ClientHandler[101]
        Received HTTP response headers after 31.3006ms - 404
  info: System.Net.Http.HttpClient.NoLoggingHandler.LogicalHandler[101]
        End processing HTTP request after 31.3351ms - 404
  info: System.Net.Http.HttpClient.NoLoggingHandler.LogicalHandler[100]
        Start processing HTTP request GET https://github.com/dotnet/sourcelink/blob/main/license
  info: System.Net.Http.HttpClient.NoLoggingHandler.ClientHandler[100]
        Sending HTTP request GET https://github.com/dotnet/sourcelink/blob/main/license
  info: System.Net.Http.HttpClient.NoLoggingHandler.ClientHandler[101]
        Received HTTP response headers after 31.0811ms - 404
  info: System.Net.Http.HttpClient.NoLoggingHandler.LogicalHandler[101]
        End processing HTTP request after 31.1483ms - 404
  info: System.Net.Http.HttpClient.NoLoggingHandler.LogicalHandler[100]
        Start processing HTTP request GET https://github.com/dotnet/sourcelink/blob/main/license.md
  info: System.Net.Http.HttpClient.NoLoggingHandler.ClientHandler[100]
        Sending HTTP request GET https://github.com/dotnet/sourcelink/blob/main/license.md
  info: System.Net.Http.HttpClient.NoLoggingHandler.ClientHandler[101]
        Received HTTP response headers after 31.1007ms - 404
  info: System.Net.Http.HttpClient.NoLoggingHandler.LogicalHandler[101]
        End processing HTTP request after 31.1503ms - 404
  info: System.Net.Http.HttpClient.NoLoggingHandler.LogicalHandler[100]
        Start processing HTTP request GET https://github.com/dotnet/sourcelink/blob/main/license.md
  info: System.Net.Http.HttpClient.NoLoggingHandler.ClientHandler[100]
        Sending HTTP request GET https://github.com/dotnet/sourcelink/blob/main/license.md
  info: System.Net.Http.HttpClient.NoLoggingHandler.ClientHandler[101]
        Received HTTP response headers after 30.8811ms - 404
  info: System.Net.Http.HttpClient.NoLoggingHandler.LogicalHandler[101]
        End processing HTTP request after 30.9444ms - 404
  info: System.Net.Http.HttpClient.NoLoggingHandler.LogicalHandler[100]
        Start processing HTTP request GET https://github.com/dotnet/sourcelink/blob/main/license.txt
  info: System.Net.Http.HttpClient.NoLoggingHandler.ClientHandler[100]
        Sending HTTP request GET https://github.com/dotnet/sourcelink/blob/main/license.txt
  info: System.Net.Http.HttpClient.NoLoggingHandler.ClientHandler[101]
        Received HTTP response headers after 31.203ms - 404
  info: System.Net.Http.HttpClient.NoLoggingHandler.LogicalHandler[101]
        End processing HTTP request after 31.2399ms - 404
  info: System.Net.Http.HttpClient.NoLoggingHandler.LogicalHandler[100]
        Start processing HTTP request GET https://github.com/dotnet/sourcelink/blob/main/license.txt
  info: System.Net.Http.HttpClient.NoLoggingHandler.ClientHandler[100]
        Sending HTTP request GET https://github.com/dotnet/sourcelink/blob/main/license.txt
  info: System.Net.Http.HttpClient.NoLoggingHandler.LogicalHandler[100]
        Start processing HTTP request GET https://github.com/mmanela/diffplex/blob/main/license
  info: System.Net.Http.HttpClient.NoLoggingHandler.ClientHandler[100]
        Sending HTTP request GET https://github.com/mmanela/diffplex/blob/main/license
  info: System.Net.Http.HttpClient.NoLoggingHandler.ClientHandler[101]
        Received HTTP response headers after 30.5974ms - 404
  info: System.Net.Http.HttpClient.NoLoggingHandler.LogicalHandler[101]
        End processing HTTP request after 30.6388ms - 404
  info: System.Net.Http.HttpClient.NoLoggingHandler.LogicalHandler[100]
        Start processing HTTP request GET https://github.com/dotnet/sourcelink/blob/main/License
  info: System.Net.Http.HttpClient.NoLoggingHandler.ClientHandler[100]
        Sending HTTP request GET https://github.com/dotnet/sourcelink/blob/main/License
  info: System.Net.Http.HttpClient.NoLoggingHandler.ClientHandler[101]
        Received HTTP response headers after 32.1628ms - 404
  info: System.Net.Http.HttpClient.NoLoggingHandler.LogicalHandler[101]
        End processing HTTP request after 32.1905ms - 404
  info: System.Net.Http.HttpClient.NoLoggingHandler.LogicalHandler[100]
        Start processing HTTP request GET https://github.com/dotnet/sourcelink/blob/main/License
  info: System.Net.Http.HttpClient.NoLoggingHandler.ClientHandler[100]
        Sending HTTP request GET https://github.com/dotnet/sourcelink/blob/main/License
  info: System.Net.Http.HttpClient.NoLoggingHandler.ClientHandler[101]
        Received HTTP response headers after 34.4476ms - 404
  info: System.Net.Http.HttpClient.NoLoggingHandler.LogicalHandler[101]
        End processing HTTP request after 34.4995ms - 404
  info: System.Net.Http.HttpClient.NoLoggingHandler.LogicalHandler[100]
        Start processing HTTP request GET https://github.com/mmanela/diffplex/blob/main/license.md
  info: System.Net.Http.HttpClient.NoLoggingHandler.ClientHandler[100]
        Sending HTTP request GET https://github.com/mmanela/diffplex/blob/main/license.md
  info: System.Net.Http.HttpClient.NoLoggingHandler.ClientHandler[101]
        Received HTTP response headers after 30.955ms - 404
  info: System.Net.Http.HttpClient.NoLoggingHandler.LogicalHandler[101]
        End processing HTTP request after 31.001ms - 404
  info: System.Net.Http.HttpClient.NoLoggingHandler.LogicalHandler[100]
        Start processing HTTP request GET https://github.com/dotnet/sourcelink/blob/main/License.md
  info: System.Net.Http.HttpClient.NoLoggingHandler.ClientHandler[100]
        Sending HTTP request GET https://github.com/dotnet/sourcelink/blob/main/License.md
  info: System.Net.Http.HttpClient.NoLoggingHandler.ClientHandler[101]
        Received HTTP response headers after 31.5016ms - 404
  info: System.Net.Http.HttpClient.NoLoggingHandler.LogicalHandler[101]
        End processing HTTP request after 31.529ms - 404
  info: System.Net.Http.HttpClient.NoLoggingHandler.LogicalHandler[100]
        Start processing HTTP request GET https://github.com/dotnet/sourcelink/blob/main/License.md
  info: System.Net.Http.HttpClient.NoLoggingHandler.ClientHandler[100]
        Sending HTTP request GET https://github.com/dotnet/sourcelink/blob/main/License.md
  info: System.Net.Http.HttpClient.NoLoggingHandler.ClientHandler[101]
        Received HTTP response headers after 33.6869ms - 404
  info: System.Net.Http.HttpClient.NoLoggingHandler.LogicalHandler[101]
        End processing HTTP request after 33.7097ms - 404
  info: System.Net.Http.HttpClient.NoLoggingHandler.LogicalHandler[100]
        Start processing HTTP request GET https://github.com/mmanela/diffplex/blob/main/license.txt
  info: System.Net.Http.HttpClient.NoLoggingHandler.ClientHandler[100]
        Sending HTTP request GET https://github.com/mmanela/diffplex/blob/main/license.txt
  info: System.Net.Http.HttpClient.NoLoggingHandler.ClientHandler[101]
        Received HTTP response headers after 30.618ms - 404
  info: System.Net.Http.HttpClient.NoLoggingHandler.LogicalHandler[101]
        End processing HTTP request after 30.6559ms - 404
  info: System.Net.Http.HttpClient.NoLoggingHandler.LogicalHandler[100]
        Start processing HTTP request GET https://github.com/dotnet/sourcelink/blob/main/License.txt
  info: System.Net.Http.HttpClient.NoLoggingHandler.ClientHandler[100]
        Sending HTTP request GET https://github.com/dotnet/sourcelink/blob/main/License.txt
  info: System.Net.Http.HttpClient.NoLoggingHandler.ClientHandler[101]
        Received HTTP response headers after 30.4164ms - 404
  info: System.Net.Http.HttpClient.NoLoggingHandler.LogicalHandler[101]
        End processing HTTP request after 30.4466ms - 404
  info: System.Net.Http.HttpClient.NoLoggingHandler.LogicalHandler[100]
        Start processing HTTP request GET https://github.com/dotnet/sourcelink/blob/main/License.txt
  info: System.Net.Http.HttpClient.NoLoggingHandler.ClientHandler[100]
        Sending HTTP request GET https://github.com/dotnet/sourcelink/blob/main/License.txt
  info: System.Net.Http.HttpClient.NoLoggingHandler.ClientHandler[101]
        Received HTTP response headers after 33.7513ms - 404
  info: System.Net.Http.HttpClient.NoLoggingHandler.LogicalHandler[101]
        End processing HTTP request after 33.7721ms - 404
  info: System.Net.Http.HttpClient.NoLoggingHandler.LogicalHandler[100]
        Start processing HTTP request GET https://github.com/mmanela/diffplex/blob/main/License
  info: System.Net.Http.HttpClient.NoLoggingHandler.ClientHandler[100]
        Sending HTTP request GET https://github.com/mmanela/diffplex/blob/main/License
  info: System.Net.Http.HttpClient.NoLoggingHandler.ClientHandler[101]
        Received HTTP response headers after 30.6324ms - 200
  info: System.Net.Http.HttpClient.NoLoggingHandler.LogicalHandler[101]
        End processing HTTP request after 30.6677ms - 200
  info: System.Net.Http.HttpClient.Default.LogicalHandler[100]
        Start processing HTTP request GET https://raw.githubusercontent.com/dotnet/sourcelink/main/License.txt
  info: System.Net.Http.HttpClient.Default.ClientHandler[100]
        Sending HTTP request GET https://raw.githubusercontent.com/dotnet/sourcelink/main/License.txt
  info: System.Net.Http.HttpClient.NoLoggingHandler.ClientHandler[101]
        Received HTTP response headers after 31.1686ms - 200
  info: System.Net.Http.HttpClient.NoLoggingHandler.LogicalHandler[101]
        End processing HTTP request after 31.2057ms - 200
  info: System.Net.Http.HttpClient.Default.LogicalHandler[100]
        Start processing HTTP request GET https://raw.githubusercontent.com/dotnet/sourcelink/main/License.txt
  info: System.Net.Http.HttpClient.Default.ClientHandler[100]
        Sending HTTP request GET https://raw.githubusercontent.com/dotnet/sourcelink/main/License.txt
  info: System.Net.Http.HttpClient.NoLoggingHandler.ClientHandler[101]
        Received HTTP response headers after 33.7662ms - 404
  info: System.Net.Http.HttpClient.NoLoggingHandler.LogicalHandler[101]
        End processing HTTP request after 33.7975ms - 404
  info: System.Net.Http.HttpClient.NoLoggingHandler.LogicalHandler[100]
        Start processing HTTP request GET https://github.com/mmanela/diffplex/blob/main/License.md
  info: System.Net.Http.HttpClient.NoLoggingHandler.ClientHandler[100]
        Sending HTTP request GET https://github.com/mmanela/diffplex/blob/main/License.md
  info: System.Net.Http.HttpClient.Default.ClientHandler[101]
        Received HTTP response headers after 25.5442ms - 200
  info: System.Net.Http.HttpClient.Default.LogicalHandler[101]
        End processing HTTP request after 25.5824ms - 200
  info: System.Net.Http.HttpClient.NoLoggingHandler.LogicalHandler[100]
        Start processing HTTP request GET https://github.com/dotnet/sourcelink/blob/main/LICENSE
  info: System.Net.Http.HttpClient.NoLoggingHandler.ClientHandler[100]
        Sending HTTP request GET https://github.com/dotnet/sourcelink/blob/main/LICENSE
  info: System.Net.Http.HttpClient.Default.ClientHandler[101]
        Received HTTP response headers after 44.0322ms - 200
  info: System.Net.Http.HttpClient.Default.LogicalHandler[101]
        End processing HTTP request after 44.0776ms - 200
  info: System.Net.Http.HttpClient.NoLoggingHandler.ClientHandler[101]
        Received HTTP response headers after 33.7019ms - 404
  info: System.Net.Http.HttpClient.NoLoggingHandler.LogicalHandler[101]
        End processing HTTP request after 33.7384ms - 404
  info: System.Net.Http.HttpClient.NoLoggingHandler.LogicalHandler[100]
        Start processing HTTP request GET https://github.com/mmanela/diffplex/blob/main/License.txt
  info: System.Net.Http.HttpClient.NoLoggingHandler.ClientHandler[100]
        Sending HTTP request GET https://github.com/mmanela/diffplex/blob/main/License.txt
  info: System.Net.Http.HttpClient.NoLoggingHandler.ClientHandler[101]
        Received HTTP response headers after 31.3747ms - 404
  info: System.Net.Http.HttpClient.NoLoggingHandler.LogicalHandler[101]
        End processing HTTP request after 31.4139ms - 404
  info: System.Net.Http.HttpClient.NoLoggingHandler.LogicalHandler[100]
        Start processing HTTP request GET https://github.com/dotnet/sourcelink/blob/main/LICENSE.md
  info: System.Net.Http.HttpClient.NoLoggingHandler.ClientHandler[100]
        Sending HTTP request GET https://github.com/dotnet/sourcelink/blob/main/LICENSE.md
  info: System.Net.Http.HttpClient.NoLoggingHandler.ClientHandler[101]
        Received HTTP response headers after 33.6025ms - 404
  info: System.Net.Http.HttpClient.NoLoggingHandler.LogicalHandler[101]
        End processing HTTP request after 33.6767ms - 404
  info: System.Net.Http.HttpClient.NoLoggingHandler.ClientHandler[101]
        Received HTTP response headers after 31.8902ms - 404
  info: System.Net.Http.HttpClient.NoLoggingHandler.LogicalHandler[101]
        End processing HTTP request after 31.9157ms - 404
  info: System.Net.Http.HttpClient.NoLoggingHandler.LogicalHandler[100]
        Start processing HTTP request GET https://github.com/mmanela/diffplex/blob/main/LICENSE.TXT
  info: System.Net.Http.HttpClient.NoLoggingHandler.ClientHandler[100]
        Sending HTTP request GET https://github.com/mmanela/diffplex/blob/main/LICENSE.TXT
  info: System.Net.Http.HttpClient.NoLoggingHandler.LogicalHandler[100]
        Start processing HTTP request GET https://github.com/dotnet/sourcelink/blob/main/LICENSE.txt
  info: System.Net.Http.HttpClient.NoLoggingHandler.ClientHandler[100]
        Sending HTTP request GET https://github.com/dotnet/sourcelink/blob/main/LICENSE.txt
  info: System.Net.Http.HttpClient.NoLoggingHandler.ClientHandler[101]
        Received HTTP response headers after 31.1995ms - 404
  info: System.Net.Http.HttpClient.NoLoggingHandler.LogicalHandler[101]
        End processing HTTP request after 31.2398ms - 404
  info: System.Net.Http.HttpClient.NoLoggingHandler.LogicalHandler[100]
        Start processing HTTP request GET https://github.com/dotnet/sourcelink/blob/main/license
  info: System.Net.Http.HttpClient.NoLoggingHandler.ClientHandler[100]
        Sending HTTP request GET https://github.com/dotnet/sourcelink/blob/main/license
  info: System.Net.Http.HttpClient.NoLoggingHandler.ClientHandler[101]
        Received HTTP response headers after 33.7108ms - 404
  info: System.Net.Http.HttpClient.NoLoggingHandler.LogicalHandler[101]
        End processing HTTP request after 33.7531ms - 404
  info: System.Net.Http.HttpClient.NoLoggingHandler.LogicalHandler[100]
        Start processing HTTP request GET https://github.com/mmanela/diffplex/blob/master/LICENSE
  info: System.Net.Http.HttpClient.NoLoggingHandler.ClientHandler[100]
        Sending HTTP request GET https://github.com/mmanela/diffplex/blob/master/LICENSE
  info: System.Net.Http.HttpClient.NoLoggingHandler.ClientHandler[101]
        Received HTTP response headers after 31.0213ms - 404
  info: System.Net.Http.HttpClient.NoLoggingHandler.LogicalHandler[101]
        End processing HTTP request after 31.0566ms - 404
  info: System.Net.Http.HttpClient.NoLoggingHandler.LogicalHandler[100]
        Start processing HTTP request GET https://github.com/dotnet/sourcelink/blob/main/license.md
  info: System.Net.Http.HttpClient.NoLoggingHandler.ClientHandler[100]
        Sending HTTP request GET https://github.com/dotnet/sourcelink/blob/main/license.md
  info: System.Net.Http.HttpClient.NoLoggingHandler.ClientHandler[101]
        Received HTTP response headers after 33.3871ms - 404
  info: System.Net.Http.HttpClient.NoLoggingHandler.LogicalHandler[101]
        End processing HTTP request after 33.412ms - 404
  info: System.Net.Http.HttpClient.NoLoggingHandler.LogicalHandler[100]
        Start processing HTTP request GET https://github.com/mmanela/diffplex/blob/master/LICENSE.md
  info: System.Net.Http.HttpClient.NoLoggingHandler.ClientHandler[100]
        Sending HTTP request GET https://github.com/mmanela/diffplex/blob/master/LICENSE.md
  info: System.Net.Http.HttpClient.NoLoggingHandler.ClientHandler[101]
        Received HTTP response headers after 677.7266ms - 200
  info: System.Net.Http.HttpClient.NoLoggingHandler.LogicalHandler[101]
        End processing HTTP request after 681.2831ms - 200
  info: System.Net.Http.HttpClient.NoLoggingHandler.ClientHandler[101]
        Received HTTP response headers after 31.3463ms - 404
  info: System.Net.Http.HttpClient.NoLoggingHandler.LogicalHandler[101]
        End processing HTTP request after 31.3873ms - 404
  info: System.Net.Http.HttpClient.NoLoggingHandler.LogicalHandler[100]
        Start processing HTTP request GET https://github.com/dotnet/sourcelink/blob/main/license.txt
  info: System.Net.Http.HttpClient.NoLoggingHandler.ClientHandler[100]
        Sending HTTP request GET https://github.com/dotnet/sourcelink/blob/main/license.txt
  info: System.Net.Http.HttpClient.NoLoggingHandler.ClientHandler[101]
        Received HTTP response headers after 33.5329ms - 404
  info: System.Net.Http.HttpClient.NoLoggingHandler.LogicalHandler[101]
        End processing HTTP request after 33.5922ms - 404
  info: System.Net.Http.HttpClient.NoLoggingHandler.LogicalHandler[100]
        Start processing HTTP request GET https://github.com/mmanela/diffplex/blob/master/LICENSE.txt
  info: System.Net.Http.HttpClient.NoLoggingHandler.ClientHandler[100]
        Sending HTTP request GET https://github.com/mmanela/diffplex/blob/master/LICENSE.txt
  info: System.Net.Http.HttpClient.NoLoggingHandler.ClientHandler[101]
        Received HTTP response headers after 31.8157ms - 404
  info: System.Net.Http.HttpClient.NoLoggingHandler.LogicalHandler[101]
        End processing HTTP request after 31.8781ms - 404
  info: System.Net.Http.HttpClient.NoLoggingHandler.LogicalHandler[100]
        Start processing HTTP request GET https://github.com/dotnet/sourcelink/blob/main/License
  info: System.Net.Http.HttpClient.NoLoggingHandler.ClientHandler[100]
        Sending HTTP request GET https://github.com/dotnet/sourcelink/blob/main/License
  info: System.Net.Http.HttpClient.NoLoggingHandler.ClientHandler[101]
        Received HTTP response headers after 33.5692ms - 404
  info: System.Net.Http.HttpClient.NoLoggingHandler.LogicalHandler[101]
        End processing HTTP request after 33.6134ms - 404
  info: System.Net.Http.HttpClient.NoLoggingHandler.LogicalHandler[100]
        Start processing HTTP request GET https://github.com/mmanela/diffplex/blob/master/license
  info: System.Net.Http.HttpClient.NoLoggingHandler.ClientHandler[100]
        Sending HTTP request GET https://github.com/mmanela/diffplex/blob/master/license
  info: System.Net.Http.HttpClient.NoLoggingHandler.ClientHandler[101]
        Received HTTP response headers after 31.7053ms - 404
  info: System.Net.Http.HttpClient.NoLoggingHandler.LogicalHandler[101]
        End processing HTTP request after 31.7631ms - 404
  info: System.Net.Http.HttpClient.NoLoggingHandler.LogicalHandler[100]
        Start processing HTTP request GET https://github.com/dotnet/sourcelink/blob/main/License.md
  info: System.Net.Http.HttpClient.NoLoggingHandler.ClientHandler[100]
        Sending HTTP request GET https://github.com/dotnet/sourcelink/blob/main/License.md
  info: System.Net.Http.HttpClient.NoLoggingHandler.ClientHandler[101]
        Received HTTP response headers after 33.6074ms - 404
  info: System.Net.Http.HttpClient.NoLoggingHandler.LogicalHandler[101]
        End processing HTTP request after 33.6537ms - 404
  info: System.Net.Http.HttpClient.NoLoggingHandler.LogicalHandler[100]
        Start processing HTTP request GET https://github.com/mmanela/diffplex/blob/master/license.md
  info: System.Net.Http.HttpClient.NoLoggingHandler.ClientHandler[100]
        Sending HTTP request GET https://github.com/mmanela/diffplex/blob/master/license.md
  info: System.Net.Http.HttpClient.NoLoggingHandler.ClientHandler[101]
        Received HTTP response headers after 31.3928ms - 404
  info: System.Net.Http.HttpClient.NoLoggingHandler.LogicalHandler[101]
        End processing HTTP request after 31.4364ms - 404
  info: System.Net.Http.HttpClient.Default.LogicalHandler[100]
        Start processing HTTP request GET https://raw.githubusercontent.com/drewnoakes/metadata-extractor-dotnet/main/LICENSE
  info: System.Net.Http.HttpClient.Default.ClientHandler[100]
        Sending HTTP request GET https://raw.githubusercontent.com/drewnoakes/metadata-extractor-dotnet/main/LICENSE
  info: System.Net.Http.HttpClient.NoLoggingHandler.LogicalHandler[100]
        Start processing HTTP request GET https://github.com/dotnet/sourcelink/blob/main/License.txt
  info: System.Net.Http.HttpClient.NoLoggingHandler.ClientHandler[100]
        Sending HTTP request GET https://github.com/dotnet/sourcelink/blob/main/License.txt
  info: System.Net.Http.HttpClient.NoLoggingHandler.ClientHandler[101]
        Received HTTP response headers after 33.3549ms - 404
  info: System.Net.Http.HttpClient.NoLoggingHandler.LogicalHandler[101]
        End processing HTTP request after 33.3887ms - 404
  info: System.Net.Http.HttpClient.NoLoggingHandler.LogicalHandler[100]
        Start processing HTTP request GET https://github.com/mmanela/diffplex/blob/master/license.txt
  info: System.Net.Http.HttpClient.NoLoggingHandler.ClientHandler[100]
        Sending HTTP request GET https://github.com/mmanela/diffplex/blob/master/license.txt
  info: System.Net.Http.HttpClient.NoLoggingHandler.ClientHandler[101]
        Received HTTP response headers after 31.535ms - 200
  info: System.Net.Http.HttpClient.NoLoggingHandler.LogicalHandler[101]
        End processing HTTP request after 31.5763ms - 200
  info: System.Net.Http.HttpClient.Default.LogicalHandler[100]
        Start processing HTTP request GET https://raw.githubusercontent.com/dotnet/sourcelink/main/License.txt
  info: System.Net.Http.HttpClient.Default.ClientHandler[100]
        Sending HTTP request GET https://raw.githubusercontent.com/dotnet/sourcelink/main/License.txt
  info: System.Net.Http.HttpClient.NoLoggingHandler.ClientHandler[101]
        Received HTTP response headers after 33.4949ms - 404
  info: System.Net.Http.HttpClient.NoLoggingHandler.LogicalHandler[101]
        End processing HTTP request after 33.528ms - 404
  info: System.Net.Http.HttpClient.NoLoggingHandler.LogicalHandler[100]
        Start processing HTTP request GET https://github.com/mmanela/diffplex/blob/master/License
  info: System.Net.Http.HttpClient.NoLoggingHandler.ClientHandler[100]
        Sending HTTP request GET https://github.com/mmanela/diffplex/blob/master/License
  info: System.Net.Http.HttpClient.Default.ClientHandler[101]
        Received HTTP response headers after 26.3683ms - 200
  info: System.Net.Http.HttpClient.Default.LogicalHandler[101]
        End processing HTTP request after 26.4045ms - 200
  info: System.Net.Http.HttpClient.NoLoggingHandler.ClientHandler[101]
        Received HTTP response headers after 33.8571ms - 404
  info: System.Net.Http.HttpClient.NoLoggingHandler.LogicalHandler[101]
        End processing HTTP request after 33.9066ms - 404
  info: System.Net.Http.HttpClient.NoLoggingHandler.LogicalHandler[100]
        Start processing HTTP request GET https://github.com/mmanela/diffplex/blob/master/License.md
  info: System.Net.Http.HttpClient.NoLoggingHandler.ClientHandler[100]
        Sending HTTP request GET https://github.com/mmanela/diffplex/blob/master/License.md
  info: System.Net.Http.HttpClient.NoLoggingHandler.ClientHandler[101]
        Received HTTP response headers after 34.2603ms - 404
  info: System.Net.Http.HttpClient.NoLoggingHandler.LogicalHandler[101]
        End processing HTTP request after 34.3216ms - 404
  info: System.Net.Http.HttpClient.NoLoggingHandler.LogicalHandler[100]
        Start processing HTTP request GET https://github.com/mmanela/diffplex/blob/master/License.txt
  info: System.Net.Http.HttpClient.NoLoggingHandler.ClientHandler[100]
        Sending HTTP request GET https://github.com/mmanela/diffplex/blob/master/License.txt
  info: System.Net.Http.HttpClient.NoLoggingHandler.ClientHandler[101]
        Received HTTP response headers after 33.7203ms - 200
  info: System.Net.Http.HttpClient.NoLoggingHandler.LogicalHandler[101]
        End processing HTTP request after 33.7709ms - 200
  info: System.Net.Http.HttpClient.Default.LogicalHandler[100]
        Start processing HTTP request GET https://raw.githubusercontent.com/mmanela/diffplex/master/License.txt
  info: System.Net.Http.HttpClient.Default.ClientHandler[100]
        Sending HTTP request GET https://raw.githubusercontent.com/mmanela/diffplex/master/License.txt
  info: System.Net.Http.HttpClient.Default.ClientHandler[101]
        Received HTTP response headers after 26.4751ms - 200
  info: System.Net.Http.HttpClient.Default.LogicalHandler[101]
        End processing HTTP request after 26.5334ms - 200
  info: System.Net.Http.HttpClient.Default.ClientHandler[101]
        Received HTTP response headers after 258.4023ms - 200
  info: System.Net.Http.HttpClient.Default.LogicalHandler[101]
        End processing HTTP request after 258.46ms - 200
  info: Musoq.Cloud.LicensesGatherer.LicenseGatherer[0]
        Saved 13 licenses from 13 packages
  info: Musoq.Cloud.LicensesGatherer.LicenseGatherer[0]
        License texts saved in: D:\repos\Musoq.DataSources\.builds\license-refresh\Musoq.DataSources.Os\snapshot\third-party-notices
[SNAPSHOT] package=Musoq.DataSources.Os packages=12 files=14 manifest_sha256=fd9dd637a6bf3779ee2d2dd7689912e345fd8de29111da5828eefda6edb6d268 source=checked-in
[UPDATED] License snapshot 'Musoq.DataSources.Os'
Refreshing license snapshot: Musoq.DataSources.Roslyn
  info: Musoq.Cloud.LicensesGatherer.LicenseGatherer[0]
        Starting license gathering for: D:\repos\Musoq.DataSources\Musoq.DataSources.Roslyn\Musoq.DataSources.Roslyn.csproj
  info: Musoq.Cloud.LicensesGatherer.LicenseGatherer[0]
        Output folder: D:\repos\Musoq.DataSources\.builds\license-refresh\Musoq.DataSources.Roslyn\snapshot\third-party-notices
  info: Musoq.Cloud.LicensesGatherer.LicenseGatherer[0]
        Loaded 12 manual link overrides
  info: Musoq.Cloud.LicensesGatherer.LicenseGatherer[0]
        Loaded 0 cached links
  info: Musoq.Cloud.LicensesGatherer.LicenseGatherer[0]
        Found 39 packages to process
  info: Musoq.Cloud.LicensesGatherer.LicenseGatherer[0]
        After filtering runtime packages: 39 packages
  info: System.Net.Http.HttpClient.NoLoggingHandler.LogicalHandler[100]
        Start processing HTTP request GET https://github.com/mmanela/diffplex/blob/main/LICENSE
  info: System.Net.Http.HttpClient.Default.LogicalHandler[100]
        Start processing HTTP request GET https://raw.githubusercontent.com/spdx/license-list-data/main/text/MIT.txt
  info: System.Net.Http.HttpClient.NoLoggingHandler.LogicalHandler[100]
        Start processing HTTP request GET https://github.com/Cysharp/ConsoleAppFramework/blob/main/LICENSE
  info: System.Net.Http.HttpClient.Default.LogicalHandler[100]
        Start processing HTTP request GET https://raw.githubusercontent.com/DanHarltey/Fastenshtein/master/LICENSE
  info: System.Net.Http.HttpClient.NoLoggingHandler.ClientHandler[100]
        Sending HTTP request GET https://github.com/mmanela/diffplex/blob/main/LICENSE
  info: System.Net.Http.HttpClient.NoLoggingHandler.ClientHandler[100]
        Sending HTTP request GET https://github.com/Cysharp/ConsoleAppFramework/blob/main/LICENSE
  info: System.Net.Http.HttpClient.Default.ClientHandler[100]
        Sending HTTP request GET https://raw.githubusercontent.com/DanHarltey/Fastenshtein/master/LICENSE
  info: System.Net.Http.HttpClient.Default.ClientHandler[100]
        Sending HTTP request GET https://raw.githubusercontent.com/spdx/license-list-data/main/text/MIT.txt
  info: System.Net.Http.HttpClient.Default.ClientHandler[101]
        Received HTTP response headers after 109.0015ms - 200
  info: System.Net.Http.HttpClient.Default.LogicalHandler[101]
        End processing HTTP request after 115.8442ms - 200
  info: System.Net.Http.HttpClient.NoLoggingHandler.LogicalHandler[100]
        Start processing HTTP request GET https://github.com/Humanizr/Humanizer/blob/main/LICENSE
  info: System.Net.Http.HttpClient.NoLoggingHandler.ClientHandler[100]
        Sending HTTP request GET https://github.com/Humanizr/Humanizer/blob/main/LICENSE
  info: System.Net.Http.HttpClient.NoLoggingHandler.ClientHandler[101]
        Received HTTP response headers after 121.5518ms - 404
  info: System.Net.Http.HttpClient.NoLoggingHandler.LogicalHandler[101]
        End processing HTTP request after 125.1293ms - 404
  info: System.Net.Http.HttpClient.NoLoggingHandler.LogicalHandler[100]
        Start processing HTTP request GET https://github.com/mmanela/diffplex/blob/main/LICENSE.md
  info: System.Net.Http.HttpClient.NoLoggingHandler.ClientHandler[100]
        Sending HTTP request GET https://github.com/mmanela/diffplex/blob/main/LICENSE.md
  info: System.Net.Http.HttpClient.NoLoggingHandler.ClientHandler[101]
        Received HTTP response headers after 30.266ms - 404
  info: System.Net.Http.HttpClient.NoLoggingHandler.LogicalHandler[101]
        End processing HTTP request after 30.3555ms - 404
  info: System.Net.Http.HttpClient.NoLoggingHandler.LogicalHandler[100]
        Start processing HTTP request GET https://github.com/mmanela/diffplex/blob/main/LICENSE.txt
  info: System.Net.Http.HttpClient.NoLoggingHandler.ClientHandler[100]
        Sending HTTP request GET https://github.com/mmanela/diffplex/blob/main/LICENSE.txt
  info: System.Net.Http.HttpClient.NoLoggingHandler.ClientHandler[101]
        Received HTTP response headers after 30.2334ms - 404
  info: System.Net.Http.HttpClient.NoLoggingHandler.LogicalHandler[101]
        End processing HTTP request after 30.2923ms - 404
  info: System.Net.Http.HttpClient.NoLoggingHandler.LogicalHandler[100]
        Start processing HTTP request GET https://github.com/mmanela/diffplex/blob/main/license
  info: System.Net.Http.HttpClient.NoLoggingHandler.ClientHandler[100]
        Sending HTTP request GET https://github.com/mmanela/diffplex/blob/main/license
  info: System.Net.Http.HttpClient.Default.ClientHandler[101]
        Received HTTP response headers after 285.482ms - 200
  info: System.Net.Http.HttpClient.Default.LogicalHandler[101]
        End processing HTTP request after 289.0712ms - 200
  info: System.Net.Http.HttpClient.Default.LogicalHandler[100]
        Start processing HTTP request GET https://raw.githubusercontent.com/dotnet/runtime/main/LICENSE.TXT
  info: System.Net.Http.HttpClient.Default.ClientHandler[100]
        Sending HTTP request GET https://raw.githubusercontent.com/dotnet/runtime/main/LICENSE.TXT
  info: System.Net.Http.HttpClient.NoLoggingHandler.ClientHandler[101]
        Received HTTP response headers after 30.4376ms - 404
  info: System.Net.Http.HttpClient.NoLoggingHandler.LogicalHandler[101]
        End processing HTTP request after 30.498ms - 404
  info: System.Net.Http.HttpClient.NoLoggingHandler.LogicalHandler[100]
        Start processing HTTP request GET https://github.com/mmanela/diffplex/blob/main/license.md
  info: System.Net.Http.HttpClient.NoLoggingHandler.ClientHandler[100]
        Sending HTTP request GET https://github.com/mmanela/diffplex/blob/main/license.md
  info: System.Net.Http.HttpClient.Default.ClientHandler[101]
        Received HTTP response headers after 26.0927ms - 200
  info: System.Net.Http.HttpClient.Default.LogicalHandler[101]
        End processing HTTP request after 26.1525ms - 200
  info: System.Net.Http.HttpClient.NoLoggingHandler.LogicalHandler[100]
        Start processing HTTP request GET https://github.com/microsoft/MSBuildLocator/blob/main/LICENSE
  info: System.Net.Http.HttpClient.NoLoggingHandler.ClientHandler[100]
        Sending HTTP request GET https://github.com/microsoft/MSBuildLocator/blob/main/LICENSE
  info: System.Net.Http.HttpClient.NoLoggingHandler.ClientHandler[101]
        Received HTTP response headers after 29.8061ms - 404
  info: System.Net.Http.HttpClient.NoLoggingHandler.LogicalHandler[101]
        End processing HTTP request after 29.8456ms - 404
  info: System.Net.Http.HttpClient.NoLoggingHandler.LogicalHandler[100]
        Start processing HTTP request GET https://github.com/mmanela/diffplex/blob/main/license.txt
  info: System.Net.Http.HttpClient.NoLoggingHandler.ClientHandler[100]
        Sending HTTP request GET https://github.com/mmanela/diffplex/blob/main/license.txt
  info: System.Net.Http.HttpClient.NoLoggingHandler.ClientHandler[101]
        Received HTTP response headers after 47.8031ms - 404
  info: System.Net.Http.HttpClient.NoLoggingHandler.LogicalHandler[101]
        End processing HTTP request after 47.8895ms - 404
  info: System.Net.Http.HttpClient.NoLoggingHandler.ClientHandler[101]
        Received HTTP response headers after 441.2497ms - 404
  info: System.Net.Http.HttpClient.NoLoggingHandler.LogicalHandler[101]
        End processing HTTP request after 444.8333ms - 404
  info: System.Net.Http.HttpClient.NoLoggingHandler.LogicalHandler[100]
        Start processing HTTP request GET https://github.com/mmanela/diffplex/blob/main/License
  info: System.Net.Http.HttpClient.NoLoggingHandler.ClientHandler[100]
        Sending HTTP request GET https://github.com/mmanela/diffplex/blob/main/License
  info: System.Net.Http.HttpClient.NoLoggingHandler.LogicalHandler[100]
        Start processing HTTP request GET https://github.com/Cysharp/ConsoleAppFramework/blob/main/LICENSE.md
  info: System.Net.Http.HttpClient.NoLoggingHandler.ClientHandler[100]
        Sending HTTP request GET https://github.com/Cysharp/ConsoleAppFramework/blob/main/LICENSE.md
  info: System.Net.Http.HttpClient.NoLoggingHandler.ClientHandler[101]
        Received HTTP response headers after 35.9473ms - 404
  info: System.Net.Http.HttpClient.NoLoggingHandler.LogicalHandler[101]
        End processing HTTP request after 36.0198ms - 404
  info: System.Net.Http.HttpClient.NoLoggingHandler.LogicalHandler[100]
        Start processing HTTP request GET https://github.com/mmanela/diffplex/blob/main/License.md
  info: System.Net.Http.HttpClient.NoLoggingHandler.ClientHandler[100]
        Sending HTTP request GET https://github.com/mmanela/diffplex/blob/main/License.md
  info: System.Net.Http.HttpClient.NoLoggingHandler.ClientHandler[101]
        Received HTTP response headers after 474.0568ms - 404
  info: System.Net.Http.HttpClient.NoLoggingHandler.LogicalHandler[101]
        End processing HTTP request after 474.1086ms - 404
  info: System.Net.Http.HttpClient.NoLoggingHandler.ClientHandler[101]
        Received HTTP response headers after 35.5196ms - 404
  info: System.Net.Http.HttpClient.NoLoggingHandler.LogicalHandler[101]
        End processing HTTP request after 35.5551ms - 404
  info: System.Net.Http.HttpClient.NoLoggingHandler.LogicalHandler[100]
        Start processing HTTP request GET https://github.com/mmanela/diffplex/blob/main/License.txt
  info: System.Net.Http.HttpClient.NoLoggingHandler.ClientHandler[100]
        Sending HTTP request GET https://github.com/mmanela/diffplex/blob/main/License.txt
  info: System.Net.Http.HttpClient.NoLoggingHandler.ClientHandler[101]
        Received HTTP response headers after 36.2638ms - 404
  info: System.Net.Http.HttpClient.NoLoggingHandler.LogicalHandler[101]
        End processing HTTP request after 36.3394ms - 404
  info: System.Net.Http.HttpClient.NoLoggingHandler.LogicalHandler[100]
        Start processing HTTP request GET https://github.com/mmanela/diffplex/blob/main/LICENSE.TXT
  info: System.Net.Http.HttpClient.NoLoggingHandler.ClientHandler[100]
        Sending HTTP request GET https://github.com/mmanela/diffplex/blob/main/LICENSE.TXT
  info: System.Net.Http.HttpClient.NoLoggingHandler.ClientHandler[101]
        Received HTTP response headers after 36.2649ms - 404
  info: System.Net.Http.HttpClient.NoLoggingHandler.LogicalHandler[101]
        End processing HTTP request after 36.3377ms - 404
  info: System.Net.Http.HttpClient.NoLoggingHandler.LogicalHandler[100]
        Start processing HTTP request GET https://github.com/mmanela/diffplex/blob/master/LICENSE
  info: System.Net.Http.HttpClient.NoLoggingHandler.ClientHandler[100]
        Sending HTTP request GET https://github.com/mmanela/diffplex/blob/master/LICENSE
  info: System.Net.Http.HttpClient.NoLoggingHandler.LogicalHandler[100]
        Start processing HTTP request GET https://github.com/Humanizr/Humanizer/blob/main/LICENSE.md
  info: System.Net.Http.HttpClient.NoLoggingHandler.ClientHandler[100]
        Sending HTTP request GET https://github.com/Humanizr/Humanizer/blob/main/LICENSE.md
  info: System.Net.Http.HttpClient.NoLoggingHandler.ClientHandler[101]
        Received HTTP response headers after 35.8009ms - 404
  info: System.Net.Http.HttpClient.NoLoggingHandler.LogicalHandler[101]
        End processing HTTP request after 35.8518ms - 404
  info: System.Net.Http.HttpClient.NoLoggingHandler.LogicalHandler[100]
        Start processing HTTP request GET https://github.com/mmanela/diffplex/blob/master/LICENSE.md
  info: System.Net.Http.HttpClient.NoLoggingHandler.ClientHandler[100]
        Sending HTTP request GET https://github.com/mmanela/diffplex/blob/master/LICENSE.md
  info: System.Net.Http.HttpClient.NoLoggingHandler.ClientHandler[101]
        Received HTTP response headers after 35.7911ms - 404
  info: System.Net.Http.HttpClient.NoLoggingHandler.LogicalHandler[101]
        End processing HTTP request after 35.8448ms - 404
  info: System.Net.Http.HttpClient.NoLoggingHandler.LogicalHandler[100]
        Start processing HTTP request GET https://github.com/mmanela/diffplex/blob/master/LICENSE.txt
  info: System.Net.Http.HttpClient.NoLoggingHandler.ClientHandler[100]
        Sending HTTP request GET https://github.com/mmanela/diffplex/blob/master/LICENSE.txt
  info: System.Net.Http.HttpClient.NoLoggingHandler.ClientHandler[101]
        Received HTTP response headers after 35.818ms - 404
  info: System.Net.Http.HttpClient.NoLoggingHandler.LogicalHandler[101]
        End processing HTTP request after 35.873ms - 404
  info: System.Net.Http.HttpClient.NoLoggingHandler.LogicalHandler[100]
        Start processing HTTP request GET https://github.com/mmanela/diffplex/blob/master/license
  info: System.Net.Http.HttpClient.NoLoggingHandler.ClientHandler[100]
        Sending HTTP request GET https://github.com/mmanela/diffplex/blob/master/license
  info: System.Net.Http.HttpClient.NoLoggingHandler.ClientHandler[101]
        Received HTTP response headers after 35.7812ms - 404
  info: System.Net.Http.HttpClient.NoLoggingHandler.LogicalHandler[101]
        End processing HTTP request after 35.8484ms - 404
  info: System.Net.Http.HttpClient.NoLoggingHandler.LogicalHandler[100]
        Start processing HTTP request GET https://github.com/mmanela/diffplex/blob/master/license.md
  info: System.Net.Http.HttpClient.NoLoggingHandler.ClientHandler[100]
        Sending HTTP request GET https://github.com/mmanela/diffplex/blob/master/license.md
  info: System.Net.Http.HttpClient.NoLoggingHandler.ClientHandler[101]
        Received HTTP response headers after 506.0967ms - 200
  info: System.Net.Http.HttpClient.NoLoggingHandler.LogicalHandler[101]
        End processing HTTP request after 506.1354ms - 200
  info: System.Net.Http.HttpClient.Default.LogicalHandler[100]
        Start processing HTTP request GET https://raw.githubusercontent.com/microsoft/MSBuildLocator/main/LICENSE
  info: System.Net.Http.HttpClient.Default.ClientHandler[100]
        Sending HTTP request GET https://raw.githubusercontent.com/microsoft/MSBuildLocator/main/LICENSE
  info: System.Net.Http.HttpClient.NoLoggingHandler.ClientHandler[101]
        Received HTTP response headers after 36.0124ms - 404
  info: System.Net.Http.HttpClient.NoLoggingHandler.LogicalHandler[101]
        End processing HTTP request after 36.0704ms - 404
  info: System.Net.Http.HttpClient.NoLoggingHandler.LogicalHandler[100]
        Start processing HTTP request GET https://github.com/mmanela/diffplex/blob/master/license.txt
  info: System.Net.Http.HttpClient.NoLoggingHandler.ClientHandler[100]
        Sending HTTP request GET https://github.com/mmanela/diffplex/blob/master/license.txt
  info: System.Net.Http.HttpClient.NoLoggingHandler.ClientHandler[101]
        Received HTTP response headers after 338.5871ms - 404
  info: System.Net.Http.HttpClient.NoLoggingHandler.LogicalHandler[101]
        End processing HTTP request after 338.629ms - 404
  info: System.Net.Http.HttpClient.NoLoggingHandler.LogicalHandler[100]
        Start processing HTTP request GET https://github.com/Cysharp/ConsoleAppFramework/blob/main/LICENSE.txt
  info: System.Net.Http.HttpClient.NoLoggingHandler.ClientHandler[100]
        Sending HTTP request GET https://github.com/Cysharp/ConsoleAppFramework/blob/main/LICENSE.txt
  info: System.Net.Http.HttpClient.NoLoggingHandler.ClientHandler[101]
        Received HTTP response headers after 35.6859ms - 404
  info: System.Net.Http.HttpClient.NoLoggingHandler.LogicalHandler[101]
        End processing HTTP request after 35.7385ms - 404
  info: System.Net.Http.HttpClient.NoLoggingHandler.LogicalHandler[100]
        Start processing HTTP request GET https://github.com/mmanela/diffplex/blob/master/License
  info: System.Net.Http.HttpClient.NoLoggingHandler.ClientHandler[100]
        Sending HTTP request GET https://github.com/mmanela/diffplex/blob/master/License
  info: System.Net.Http.HttpClient.NoLoggingHandler.ClientHandler[101]
        Received HTTP response headers after 35.503ms - 404
  info: System.Net.Http.HttpClient.NoLoggingHandler.LogicalHandler[101]
        End processing HTTP request after 35.5456ms - 404
  info: System.Net.Http.HttpClient.NoLoggingHandler.LogicalHandler[100]
        Start processing HTTP request GET https://github.com/mmanela/diffplex/blob/master/License.md
  info: System.Net.Http.HttpClient.NoLoggingHandler.ClientHandler[100]
        Sending HTTP request GET https://github.com/mmanela/diffplex/blob/master/License.md
  info: System.Net.Http.HttpClient.NoLoggingHandler.ClientHandler[101]
        Received HTTP response headers after 35.7936ms - 404
  info: System.Net.Http.HttpClient.NoLoggingHandler.LogicalHandler[101]
        End processing HTTP request after 35.8358ms - 404
  info: System.Net.Http.HttpClient.NoLoggingHandler.LogicalHandler[100]
        Start processing HTTP request GET https://github.com/mmanela/diffplex/blob/master/License.txt
  info: System.Net.Http.HttpClient.NoLoggingHandler.ClientHandler[100]
        Sending HTTP request GET https://github.com/mmanela/diffplex/blob/master/License.txt
  info: System.Net.Http.HttpClient.NoLoggingHandler.ClientHandler[101]
        Received HTTP response headers after 326.8382ms - 404
  info: System.Net.Http.HttpClient.NoLoggingHandler.LogicalHandler[101]
        End processing HTTP request after 326.8685ms - 404
  info: System.Net.Http.HttpClient.NoLoggingHandler.LogicalHandler[100]
        Start processing HTTP request GET https://github.com/Humanizr/Humanizer/blob/main/LICENSE.txt
  info: System.Net.Http.HttpClient.NoLoggingHandler.ClientHandler[100]
        Sending HTTP request GET https://github.com/Humanizr/Humanizer/blob/main/LICENSE.txt
  info: System.Net.Http.HttpClient.NoLoggingHandler.ClientHandler[101]
        Received HTTP response headers after 36.5848ms - 200
  info: System.Net.Http.HttpClient.NoLoggingHandler.LogicalHandler[101]
        End processing HTTP request after 36.6142ms - 200
  info: System.Net.Http.HttpClient.Default.LogicalHandler[100]
        Start processing HTTP request GET https://raw.githubusercontent.com/mmanela/diffplex/master/License.txt
  info: System.Net.Http.HttpClient.Default.ClientHandler[100]
        Sending HTTP request GET https://raw.githubusercontent.com/mmanela/diffplex/master/License.txt
  info: System.Net.Http.HttpClient.Default.ClientHandler[101]
        Received HTTP response headers after 206.7761ms - 200
  info: System.Net.Http.HttpClient.Default.ClientHandler[101]
        Received HTTP response headers after 22.9551ms - 200
  info: System.Net.Http.HttpClient.Default.LogicalHandler[101]
        End processing HTTP request after 22.9959ms - 200
  info: System.Net.Http.HttpClient.Default.LogicalHandler[101]
        End processing HTTP request after 206.8217ms - 200
  info: System.Net.Http.HttpClient.NoLoggingHandler.LogicalHandler[100]
        Start processing HTTP request GET https://github.com/dotnet/roslyn/blob/main/LICENSE
  info: System.Net.Http.HttpClient.NoLoggingHandler.ClientHandler[100]
        Sending HTTP request GET https://github.com/dotnet/roslyn/blob/main/LICENSE
  info: System.Net.Http.HttpClient.NoLoggingHandler.LogicalHandler[100]
        Start processing HTTP request GET https://github.com/dotnet/roslyn/blob/main/LICENSE
  info: System.Net.Http.HttpClient.NoLoggingHandler.ClientHandler[100]
        Sending HTTP request GET https://github.com/dotnet/roslyn/blob/main/LICENSE
  info: System.Net.Http.HttpClient.NoLoggingHandler.ClientHandler[101]
        Received HTTP response headers after 357.5241ms - 404
  info: System.Net.Http.HttpClient.NoLoggingHandler.LogicalHandler[101]
        End processing HTTP request after 357.5815ms - 404
  info: System.Net.Http.HttpClient.NoLoggingHandler.LogicalHandler[100]
        Start processing HTTP request GET https://github.com/Cysharp/ConsoleAppFramework/blob/main/license
  info: System.Net.Http.HttpClient.NoLoggingHandler.ClientHandler[100]
        Sending HTTP request GET https://github.com/Cysharp/ConsoleAppFramework/blob/main/license
  info: System.Net.Http.HttpClient.NoLoggingHandler.ClientHandler[101]
        Received HTTP response headers after 356.0996ms - 404
  info: System.Net.Http.HttpClient.NoLoggingHandler.LogicalHandler[101]
        End processing HTTP request after 356.1556ms - 404
  info: System.Net.Http.HttpClient.NoLoggingHandler.LogicalHandler[100]
        Start processing HTTP request GET https://github.com/Humanizr/Humanizer/blob/main/license
  info: System.Net.Http.HttpClient.NoLoggingHandler.ClientHandler[100]
        Sending HTTP request GET https://github.com/Humanizr/Humanizer/blob/main/license
  info: System.Net.Http.HttpClient.NoLoggingHandler.ClientHandler[101]
        Received HTTP response headers after 361.4115ms - 404
  info: System.Net.Http.HttpClient.NoLoggingHandler.LogicalHandler[101]
        End processing HTTP request after 361.454ms - 404
  info: System.Net.Http.HttpClient.NoLoggingHandler.LogicalHandler[100]
        Start processing HTTP request GET https://github.com/dotnet/roslyn/blob/main/LICENSE.md
  info: System.Net.Http.HttpClient.NoLoggingHandler.ClientHandler[100]
        Sending HTTP request GET https://github.com/dotnet/roslyn/blob/main/LICENSE.md
  info: System.Net.Http.HttpClient.NoLoggingHandler.ClientHandler[101]
        Received HTTP response headers after 366.9885ms - 404
  info: System.Net.Http.HttpClient.NoLoggingHandler.LogicalHandler[101]
        End processing HTTP request after 367.0298ms - 404
  info: System.Net.Http.HttpClient.NoLoggingHandler.LogicalHandler[100]
        Start processing HTTP request GET https://github.com/dotnet/roslyn/blob/main/LICENSE.md
  info: System.Net.Http.HttpClient.NoLoggingHandler.ClientHandler[100]
        Sending HTTP request GET https://github.com/dotnet/roslyn/blob/main/LICENSE.md
  info: System.Net.Http.HttpClient.NoLoggingHandler.ClientHandler[101]
        Received HTTP response headers after 353.613ms - 404
  info: System.Net.Http.HttpClient.NoLoggingHandler.LogicalHandler[101]
        End processing HTTP request after 353.7036ms - 404
  info: System.Net.Http.HttpClient.NoLoggingHandler.LogicalHandler[100]
        Start processing HTTP request GET https://github.com/Cysharp/ConsoleAppFramework/blob/main/license.md
  info: System.Net.Http.HttpClient.NoLoggingHandler.ClientHandler[100]
        Sending HTTP request GET https://github.com/Cysharp/ConsoleAppFramework/blob/main/license.md
  info: System.Net.Http.HttpClient.NoLoggingHandler.ClientHandler[101]
        Received HTTP response headers after 344.7921ms - 404
  info: System.Net.Http.HttpClient.NoLoggingHandler.LogicalHandler[101]
        End processing HTTP request after 344.8697ms - 404
  info: System.Net.Http.HttpClient.NoLoggingHandler.LogicalHandler[100]
        Start processing HTTP request GET https://github.com/Humanizr/Humanizer/blob/main/license.md
  info: System.Net.Http.HttpClient.NoLoggingHandler.ClientHandler[100]
        Sending HTTP request GET https://github.com/Humanizr/Humanizer/blob/main/license.md
  info: System.Net.Http.HttpClient.NoLoggingHandler.ClientHandler[101]
        Received HTTP response headers after 333.9768ms - 404
  info: System.Net.Http.HttpClient.NoLoggingHandler.LogicalHandler[101]
        End processing HTTP request after 334.0265ms - 404
  info: System.Net.Http.HttpClient.NoLoggingHandler.LogicalHandler[100]
        Start processing HTTP request GET https://github.com/dotnet/roslyn/blob/main/LICENSE.txt
  info: System.Net.Http.HttpClient.NoLoggingHandler.ClientHandler[100]
        Sending HTTP request GET https://github.com/dotnet/roslyn/blob/main/LICENSE.txt
  info: System.Net.Http.HttpClient.NoLoggingHandler.ClientHandler[101]
        Received HTTP response headers after 333.4671ms - 404
  info: System.Net.Http.HttpClient.NoLoggingHandler.LogicalHandler[101]
        End processing HTTP request after 333.503ms - 404
  info: System.Net.Http.HttpClient.NoLoggingHandler.LogicalHandler[100]
        Start processing HTTP request GET https://github.com/dotnet/roslyn/blob/main/LICENSE.txt
  info: System.Net.Http.HttpClient.NoLoggingHandler.ClientHandler[100]
        Sending HTTP request GET https://github.com/dotnet/roslyn/blob/main/LICENSE.txt
  info: System.Net.Http.HttpClient.NoLoggingHandler.ClientHandler[101]
        Received HTTP response headers after 367.0158ms - 404
  info: System.Net.Http.HttpClient.NoLoggingHandler.LogicalHandler[101]
        End processing HTTP request after 367.0722ms - 404
  info: System.Net.Http.HttpClient.NoLoggingHandler.LogicalHandler[100]
        Start processing HTTP request GET https://github.com/Cysharp/ConsoleAppFramework/blob/main/license.txt
  info: System.Net.Http.HttpClient.NoLoggingHandler.ClientHandler[100]
        Sending HTTP request GET https://github.com/Cysharp/ConsoleAppFramework/blob/main/license.txt
  info: System.Net.Http.HttpClient.NoLoggingHandler.ClientHandler[101]
        Received HTTP response headers after 346.6268ms - 404
  info: System.Net.Http.HttpClient.NoLoggingHandler.LogicalHandler[101]
        End processing HTTP request after 346.6844ms - 404
  info: System.Net.Http.HttpClient.NoLoggingHandler.LogicalHandler[100]
        Start processing HTTP request GET https://github.com/Humanizr/Humanizer/blob/main/license.txt
  info: System.Net.Http.HttpClient.NoLoggingHandler.ClientHandler[100]
        Sending HTTP request GET https://github.com/Humanizr/Humanizer/blob/main/license.txt
  info: System.Net.Http.HttpClient.NoLoggingHandler.ClientHandler[101]
        Received HTTP response headers after 371.2598ms - 404
  info: System.Net.Http.HttpClient.NoLoggingHandler.LogicalHandler[101]
        End processing HTTP request after 371.3133ms - 404
  info: System.Net.Http.HttpClient.NoLoggingHandler.LogicalHandler[100]
        Start processing HTTP request GET https://github.com/dotnet/roslyn/blob/main/license
  info: System.Net.Http.HttpClient.NoLoggingHandler.ClientHandler[100]
        Sending HTTP request GET https://github.com/dotnet/roslyn/blob/main/license
  info: System.Net.Http.HttpClient.NoLoggingHandler.ClientHandler[101]
        Received HTTP response headers after 371.6298ms - 404
  info: System.Net.Http.HttpClient.NoLoggingHandler.LogicalHandler[101]
        End processing HTTP request after 371.6591ms - 404
  info: System.Net.Http.HttpClient.NoLoggingHandler.LogicalHandler[100]
        Start processing HTTP request GET https://github.com/dotnet/roslyn/blob/main/license
  info: System.Net.Http.HttpClient.NoLoggingHandler.ClientHandler[100]
        Sending HTTP request GET https://github.com/dotnet/roslyn/blob/main/license
  info: System.Net.Http.HttpClient.NoLoggingHandler.ClientHandler[101]
        Received HTTP response headers after 334.2026ms - 404
  info: System.Net.Http.HttpClient.NoLoggingHandler.LogicalHandler[101]
        End processing HTTP request after 334.265ms - 404
  info: System.Net.Http.HttpClient.NoLoggingHandler.LogicalHandler[100]
        Start processing HTTP request GET https://github.com/Cysharp/ConsoleAppFramework/blob/main/License
  info: System.Net.Http.HttpClient.NoLoggingHandler.ClientHandler[100]
        Sending HTTP request GET https://github.com/Cysharp/ConsoleAppFramework/blob/main/License
  info: System.Net.Http.HttpClient.NoLoggingHandler.ClientHandler[101]
        Received HTTP response headers after 380.3493ms - 404
  info: System.Net.Http.HttpClient.NoLoggingHandler.LogicalHandler[101]
        End processing HTTP request after 380.399ms - 404
  info: System.Net.Http.HttpClient.NoLoggingHandler.LogicalHandler[100]
        Start processing HTTP request GET https://github.com/dotnet/roslyn/blob/main/license.md
  info: System.Net.Http.HttpClient.NoLoggingHandler.ClientHandler[100]
        Sending HTTP request GET https://github.com/dotnet/roslyn/blob/main/license.md
  info: System.Net.Http.HttpClient.NoLoggingHandler.ClientHandler[101]
        Received HTTP response headers after 380.1699ms - 404
  info: System.Net.Http.HttpClient.NoLoggingHandler.LogicalHandler[101]
        End processing HTTP request after 380.1906ms - 404
  info: System.Net.Http.HttpClient.NoLoggingHandler.ClientHandler[101]
        Received HTTP response headers after 433.6975ms - 200
  info: System.Net.Http.HttpClient.NoLoggingHandler.LogicalHandler[101]
        End processing HTTP request after 433.7254ms - 200
  info: System.Net.Http.HttpClient.NoLoggingHandler.LogicalHandler[100]
        Start processing HTTP request GET https://github.com/dotnet/roslyn/blob/main/license.md
  info: System.Net.Http.HttpClient.NoLoggingHandler.ClientHandler[100]
        Sending HTTP request GET https://github.com/dotnet/roslyn/blob/main/license.md
  info: System.Net.Http.HttpClient.Default.LogicalHandler[100]
        Start processing HTTP request GET https://raw.githubusercontent.com/Humanizr/Humanizer/main/license.txt
  info: System.Net.Http.HttpClient.Default.ClientHandler[100]
        Sending HTTP request GET https://raw.githubusercontent.com/Humanizr/Humanizer/main/license.txt
  info: System.Net.Http.HttpClient.NoLoggingHandler.ClientHandler[101]
        Received HTTP response headers after 329.4309ms - 404
  info: System.Net.Http.HttpClient.NoLoggingHandler.LogicalHandler[101]
        End processing HTTP request after 329.4822ms - 404
  info: System.Net.Http.HttpClient.NoLoggingHandler.LogicalHandler[100]
        Start processing HTTP request GET https://github.com/Cysharp/ConsoleAppFramework/blob/main/License.md
  info: System.Net.Http.HttpClient.NoLoggingHandler.ClientHandler[100]
        Sending HTTP request GET https://github.com/Cysharp/ConsoleAppFramework/blob/main/License.md
  info: System.Net.Http.HttpClient.Default.ClientHandler[101]
        Received HTTP response headers after 199.8011ms - 200
  info: System.Net.Http.HttpClient.Default.LogicalHandler[101]
        End processing HTTP request after 199.8418ms - 200
  info: System.Net.Http.HttpClient.NoLoggingHandler.LogicalHandler[100]
        Start processing HTTP request GET https://github.com/dotnet/roslyn/blob/main/LICENSE
  info: System.Net.Http.HttpClient.NoLoggingHandler.ClientHandler[100]
        Sending HTTP request GET https://github.com/dotnet/roslyn/blob/main/LICENSE
  info: System.Net.Http.HttpClient.NoLoggingHandler.ClientHandler[101]
        Received HTTP response headers after 31.923ms - 404
  info: System.Net.Http.HttpClient.NoLoggingHandler.LogicalHandler[101]
        End processing HTTP request after 31.9836ms - 404
  info: System.Net.Http.HttpClient.NoLoggingHandler.LogicalHandler[100]
        Start processing HTTP request GET https://github.com/dotnet/roslyn/blob/main/LICENSE.md
  info: System.Net.Http.HttpClient.NoLoggingHandler.ClientHandler[100]
        Sending HTTP request GET https://github.com/dotnet/roslyn/blob/main/LICENSE.md
  info: System.Net.Http.HttpClient.NoLoggingHandler.ClientHandler[101]
        Received HTTP response headers after 31.3575ms - 404
  info: System.Net.Http.HttpClient.NoLoggingHandler.LogicalHandler[101]
        End processing HTTP request after 31.4161ms - 404
  info: System.Net.Http.HttpClient.NoLoggingHandler.LogicalHandler[100]
        Start processing HTTP request GET https://github.com/dotnet/roslyn/blob/main/LICENSE.txt
  info: System.Net.Http.HttpClient.NoLoggingHandler.ClientHandler[100]
        Sending HTTP request GET https://github.com/dotnet/roslyn/blob/main/LICENSE.txt
  info: System.Net.Http.HttpClient.NoLoggingHandler.ClientHandler[101]
        Received HTTP response headers after 31.4354ms - 404
  info: System.Net.Http.HttpClient.NoLoggingHandler.LogicalHandler[101]
        End processing HTTP request after 31.4944ms - 404
  info: System.Net.Http.HttpClient.NoLoggingHandler.LogicalHandler[100]
        Start processing HTTP request GET https://github.com/dotnet/roslyn/blob/main/license
  info: System.Net.Http.HttpClient.NoLoggingHandler.ClientHandler[100]
        Sending HTTP request GET https://github.com/dotnet/roslyn/blob/main/license
  info: System.Net.Http.HttpClient.NoLoggingHandler.ClientHandler[101]
        Received HTTP response headers after 32.0418ms - 404
  info: System.Net.Http.HttpClient.NoLoggingHandler.LogicalHandler[101]
        End processing HTTP request after 32.1817ms - 404
  info: System.Net.Http.HttpClient.NoLoggingHandler.LogicalHandler[100]
        Start processing HTTP request GET https://github.com/dotnet/roslyn/blob/main/license.md
  info: System.Net.Http.HttpClient.NoLoggingHandler.ClientHandler[100]
        Sending HTTP request GET https://github.com/dotnet/roslyn/blob/main/license.md
  info: System.Net.Http.HttpClient.NoLoggingHandler.ClientHandler[101]
        Received HTTP response headers after 356.9311ms - 404
  info: System.Net.Http.HttpClient.NoLoggingHandler.LogicalHandler[101]
        End processing HTTP request after 356.971ms - 404
  info: System.Net.Http.HttpClient.NoLoggingHandler.LogicalHandler[100]
        Start processing HTTP request GET https://github.com/dotnet/roslyn/blob/main/license.txt
  info: System.Net.Http.HttpClient.NoLoggingHandler.ClientHandler[100]
        Sending HTTP request GET https://github.com/dotnet/roslyn/blob/main/license.txt
  info: System.Net.Http.HttpClient.NoLoggingHandler.ClientHandler[101]
        Received HTTP response headers after 356.3665ms - 404
  info: System.Net.Http.HttpClient.NoLoggingHandler.LogicalHandler[101]
        End processing HTTP request after 356.3903ms - 404
  info: System.Net.Http.HttpClient.NoLoggingHandler.LogicalHandler[100]
        Start processing HTTP request GET https://github.com/dotnet/roslyn/blob/main/license.txt
  info: System.Net.Http.HttpClient.NoLoggingHandler.ClientHandler[100]
        Sending HTTP request GET https://github.com/dotnet/roslyn/blob/main/license.txt
  info: System.Net.Http.HttpClient.NoLoggingHandler.ClientHandler[101]
        Received HTTP response headers after 30.8956ms - 404
  info: System.Net.Http.HttpClient.NoLoggingHandler.LogicalHandler[101]
        End processing HTTP request after 30.9209ms - 404
  info: System.Net.Http.HttpClient.NoLoggingHandler.LogicalHandler[100]
        Start processing HTTP request GET https://github.com/dotnet/roslyn/blob/main/license.txt
  info: System.Net.Http.HttpClient.NoLoggingHandler.ClientHandler[100]
        Sending HTTP request GET https://github.com/dotnet/roslyn/blob/main/license.txt
  info: System.Net.Http.HttpClient.NoLoggingHandler.ClientHandler[101]
        Received HTTP response headers after 337.4651ms - 404
  info: System.Net.Http.HttpClient.NoLoggingHandler.LogicalHandler[101]
        End processing HTTP request after 337.516ms - 404
  info: System.Net.Http.HttpClient.NoLoggingHandler.LogicalHandler[100]
        Start processing HTTP request GET https://github.com/Cysharp/ConsoleAppFramework/blob/main/License.txt
  info: System.Net.Http.HttpClient.NoLoggingHandler.ClientHandler[100]
        Sending HTTP request GET https://github.com/Cysharp/ConsoleAppFramework/blob/main/License.txt
  info: System.Net.Http.HttpClient.NoLoggingHandler.ClientHandler[101]
        Received HTTP response headers after 377.9188ms - 404
  info: System.Net.Http.HttpClient.NoLoggingHandler.LogicalHandler[101]
        End processing HTTP request after 377.9515ms - 404
  info: System.Net.Http.HttpClient.NoLoggingHandler.ClientHandler[101]
        Received HTTP response headers after 392.937ms - 404
  info: System.Net.Http.HttpClient.NoLoggingHandler.LogicalHandler[101]
        End processing HTTP request after 392.9597ms - 404
  info: System.Net.Http.HttpClient.NoLoggingHandler.LogicalHandler[100]
        Start processing HTTP request GET https://github.com/dotnet/roslyn/blob/main/License
  info: System.Net.Http.HttpClient.NoLoggingHandler.ClientHandler[100]
        Sending HTTP request GET https://github.com/dotnet/roslyn/blob/main/License
  info: System.Net.Http.HttpClient.NoLoggingHandler.LogicalHandler[100]
        Start processing HTTP request GET https://github.com/dotnet/roslyn/blob/main/License
  info: System.Net.Http.HttpClient.NoLoggingHandler.ClientHandler[100]
        Sending HTTP request GET https://github.com/dotnet/roslyn/blob/main/License
  info: System.Net.Http.HttpClient.NoLoggingHandler.ClientHandler[101]
        Received HTTP response headers after 392.4822ms - 404
  info: System.Net.Http.HttpClient.NoLoggingHandler.LogicalHandler[101]
        End processing HTTP request after 392.4984ms - 404
  info: System.Net.Http.HttpClient.NoLoggingHandler.LogicalHandler[100]
        Start processing HTTP request GET https://github.com/dotnet/roslyn/blob/main/License
  info: System.Net.Http.HttpClient.NoLoggingHandler.ClientHandler[100]
        Sending HTTP request GET https://github.com/dotnet/roslyn/blob/main/License
  info: System.Net.Http.HttpClient.NoLoggingHandler.ClientHandler[101]
        Received HTTP response headers after 377.2542ms - 404
  info: System.Net.Http.HttpClient.NoLoggingHandler.LogicalHandler[101]
        End processing HTTP request after 377.2895ms - 404
  info: System.Net.Http.HttpClient.NoLoggingHandler.LogicalHandler[100]
        Start processing HTTP request GET https://github.com/Cysharp/ConsoleAppFramework/blob/main/LICENSE.TXT
  info: System.Net.Http.HttpClient.NoLoggingHandler.ClientHandler[100]
        Sending HTTP request GET https://github.com/Cysharp/ConsoleAppFramework/blob/main/LICENSE.TXT
  info: System.Net.Http.HttpClient.NoLoggingHandler.ClientHandler[101]
        Received HTTP response headers after 367.7671ms - 404
  info: System.Net.Http.HttpClient.NoLoggingHandler.ClientHandler[101]
        Received HTTP response headers after 367.6461ms - 404
  info: System.Net.Http.HttpClient.NoLoggingHandler.LogicalHandler[101]
        End processing HTTP request after 367.8047ms - 404
  info: System.Net.Http.HttpClient.NoLoggingHandler.LogicalHandler[101]
        End processing HTTP request after 367.6733ms - 404
  info: System.Net.Http.HttpClient.NoLoggingHandler.LogicalHandler[100]
        Start processing HTTP request GET https://github.com/dotnet/roslyn/blob/main/License.md
  info: System.Net.Http.HttpClient.NoLoggingHandler.ClientHandler[100]
        Sending HTTP request GET https://github.com/dotnet/roslyn/blob/main/License.md
  info: System.Net.Http.HttpClient.NoLoggingHandler.LogicalHandler[100]
        Start processing HTTP request GET https://github.com/dotnet/roslyn/blob/main/License.md
  info: System.Net.Http.HttpClient.NoLoggingHandler.ClientHandler[100]
        Sending HTTP request GET https://github.com/dotnet/roslyn/blob/main/License.md
  info: System.Net.Http.HttpClient.NoLoggingHandler.ClientHandler[101]
        Received HTTP response headers after 369.2273ms - 404
  info: System.Net.Http.HttpClient.NoLoggingHandler.LogicalHandler[101]
        End processing HTTP request after 369.2405ms - 404
  info: System.Net.Http.HttpClient.NoLoggingHandler.LogicalHandler[100]
        Start processing HTTP request GET https://github.com/dotnet/roslyn/blob/main/License.md
  info: System.Net.Http.HttpClient.NoLoggingHandler.ClientHandler[100]
        Sending HTTP request GET https://github.com/dotnet/roslyn/blob/main/License.md
  info: System.Net.Http.HttpClient.NoLoggingHandler.ClientHandler[101]
        Received HTTP response headers after 356.7119ms - 404
  info: System.Net.Http.HttpClient.NoLoggingHandler.LogicalHandler[101]
        End processing HTTP request after 356.7565ms - 404
  info: System.Net.Http.HttpClient.NoLoggingHandler.LogicalHandler[100]
        Start processing HTTP request GET https://github.com/Cysharp/ConsoleAppFramework/blob/master/LICENSE
  info: System.Net.Http.HttpClient.NoLoggingHandler.ClientHandler[100]
        Sending HTTP request GET https://github.com/Cysharp/ConsoleAppFramework/blob/master/LICENSE
  info: System.Net.Http.HttpClient.NoLoggingHandler.ClientHandler[101]
        Received HTTP response headers after 364.9714ms - 404
  info: System.Net.Http.HttpClient.NoLoggingHandler.LogicalHandler[101]
        End processing HTTP request after 365.0274ms - 404
  info: System.Net.Http.HttpClient.NoLoggingHandler.ClientHandler[101]
        Received HTTP response headers after 365.2006ms - 404
  info: System.Net.Http.HttpClient.NoLoggingHandler.LogicalHandler[101]
        End processing HTTP request after 365.2346ms - 404
  info: System.Net.Http.HttpClient.NoLoggingHandler.LogicalHandler[100]
        Start processing HTTP request GET https://github.com/dotnet/roslyn/blob/main/License.txt
  info: System.Net.Http.HttpClient.NoLoggingHandler.ClientHandler[100]
        Sending HTTP request GET https://github.com/dotnet/roslyn/blob/main/License.txt
  info: System.Net.Http.HttpClient.NoLoggingHandler.LogicalHandler[100]
        Start processing HTTP request GET https://github.com/dotnet/roslyn/blob/main/License.txt
  info: System.Net.Http.HttpClient.NoLoggingHandler.ClientHandler[100]
        Sending HTTP request GET https://github.com/dotnet/roslyn/blob/main/License.txt
  info: System.Net.Http.HttpClient.NoLoggingHandler.ClientHandler[101]
        Received HTTP response headers after 366.8149ms - 404
  info: System.Net.Http.HttpClient.NoLoggingHandler.LogicalHandler[101]
        End processing HTTP request after 366.8357ms - 404
  info: System.Net.Http.HttpClient.NoLoggingHandler.LogicalHandler[100]
        Start processing HTTP request GET https://github.com/dotnet/roslyn/blob/main/License.txt
  info: System.Net.Http.HttpClient.NoLoggingHandler.ClientHandler[100]
        Sending HTTP request GET https://github.com/dotnet/roslyn/blob/main/License.txt
  info: System.Net.Http.HttpClient.NoLoggingHandler.ClientHandler[101]
        Received HTTP response headers after 464.5015ms - 200
  info: System.Net.Http.HttpClient.NoLoggingHandler.LogicalHandler[101]
        End processing HTTP request after 464.5375ms - 200
  info: System.Net.Http.HttpClient.Default.LogicalHandler[100]
        Start processing HTTP request GET https://raw.githubusercontent.com/Cysharp/ConsoleAppFramework/master/LICENSE
  info: System.Net.Http.HttpClient.Default.ClientHandler[100]
        Sending HTTP request GET https://raw.githubusercontent.com/Cysharp/ConsoleAppFramework/master/LICENSE
  info: System.Net.Http.HttpClient.NoLoggingHandler.ClientHandler[101]
        Received HTTP response headers after 337.0883ms - 200
  info: System.Net.Http.HttpClient.NoLoggingHandler.LogicalHandler[101]
        End processing HTTP request after 337.1234ms - 200
  info: System.Net.Http.HttpClient.NoLoggingHandler.ClientHandler[101]
        Received HTTP response headers after 337.4466ms - 200
  info: System.Net.Http.HttpClient.NoLoggingHandler.LogicalHandler[101]
        End processing HTTP request after 337.4662ms - 200
  info: System.Net.Http.HttpClient.Default.LogicalHandler[100]
        Start processing HTTP request GET https://raw.githubusercontent.com/dotnet/roslyn/main/License.txt
  info: System.Net.Http.HttpClient.Default.ClientHandler[100]
        Sending HTTP request GET https://raw.githubusercontent.com/dotnet/roslyn/main/License.txt
  info: System.Net.Http.HttpClient.NoLoggingHandler.ClientHandler[101]
        Received HTTP response headers after 338.5396ms - 200
  info: System.Net.Http.HttpClient.NoLoggingHandler.LogicalHandler[101]
        End processing HTTP request after 338.5563ms - 200
  info: System.Net.Http.HttpClient.Default.LogicalHandler[100]
        Start processing HTTP request GET https://raw.githubusercontent.com/dotnet/roslyn/main/License.txt
  info: System.Net.Http.HttpClient.Default.ClientHandler[100]
        Sending HTTP request GET https://raw.githubusercontent.com/dotnet/roslyn/main/License.txt
  info: System.Net.Http.HttpClient.Default.LogicalHandler[100]
        Start processing HTTP request GET https://raw.githubusercontent.com/dotnet/roslyn/main/License.txt
  info: System.Net.Http.HttpClient.Default.ClientHandler[100]
        Sending HTTP request GET https://raw.githubusercontent.com/dotnet/roslyn/main/License.txt
  info: System.Net.Http.HttpClient.Default.ClientHandler[101]
        Received HTTP response headers after 215.3492ms - 200
  info: System.Net.Http.HttpClient.Default.LogicalHandler[101]
        End processing HTTP request after 215.3859ms - 200
  info: System.Net.Http.HttpClient.NoLoggingHandler.LogicalHandler[100]
        Start processing HTTP request GET https://github.com/dotnet/roslyn/blob/main/LICENSE
  info: System.Net.Http.HttpClient.NoLoggingHandler.ClientHandler[100]
        Sending HTTP request GET https://github.com/dotnet/roslyn/blob/main/LICENSE
  info: System.Net.Http.HttpClient.NoLoggingHandler.ClientHandler[101]
        Received HTTP response headers after 35.5784ms - 404
  info: System.Net.Http.HttpClient.NoLoggingHandler.LogicalHandler[101]
        End processing HTTP request after 35.6139ms - 404
  info: System.Net.Http.HttpClient.NoLoggingHandler.LogicalHandler[100]
        Start processing HTTP request GET https://github.com/dotnet/roslyn/blob/main/LICENSE.md
  info: System.Net.Http.HttpClient.NoLoggingHandler.ClientHandler[100]
        Sending HTTP request GET https://github.com/dotnet/roslyn/blob/main/LICENSE.md
  info: System.Net.Http.HttpClient.NoLoggingHandler.ClientHandler[101]
        Received HTTP response headers after 35.8193ms - 404
  info: System.Net.Http.HttpClient.NoLoggingHandler.LogicalHandler[101]
        End processing HTTP request after 35.8508ms - 404
  info: System.Net.Http.HttpClient.NoLoggingHandler.LogicalHandler[100]
        Start processing HTTP request GET https://github.com/dotnet/roslyn/blob/main/LICENSE.txt
  info: System.Net.Http.HttpClient.NoLoggingHandler.ClientHandler[100]
        Sending HTTP request GET https://github.com/dotnet/roslyn/blob/main/LICENSE.txt
  info: System.Net.Http.HttpClient.NoLoggingHandler.ClientHandler[101]
        Received HTTP response headers after 35.6211ms - 404
  info: System.Net.Http.HttpClient.NoLoggingHandler.LogicalHandler[101]
        End processing HTTP request after 35.6598ms - 404
  info: System.Net.Http.HttpClient.NoLoggingHandler.LogicalHandler[100]
        Start processing HTTP request GET https://github.com/dotnet/roslyn/blob/main/license
  info: System.Net.Http.HttpClient.NoLoggingHandler.ClientHandler[100]
        Sending HTTP request GET https://github.com/dotnet/roslyn/blob/main/license
  info: System.Net.Http.HttpClient.NoLoggingHandler.ClientHandler[101]
        Received HTTP response headers after 35.6177ms - 404
  info: System.Net.Http.HttpClient.NoLoggingHandler.LogicalHandler[101]
        End processing HTTP request after 35.6481ms - 404
  info: System.Net.Http.HttpClient.NoLoggingHandler.LogicalHandler[100]
        Start processing HTTP request GET https://github.com/dotnet/roslyn/blob/main/license.md
  info: System.Net.Http.HttpClient.NoLoggingHandler.ClientHandler[100]
        Sending HTTP request GET https://github.com/dotnet/roslyn/blob/main/license.md
  info: System.Net.Http.HttpClient.NoLoggingHandler.ClientHandler[101]
        Received HTTP response headers after 35.8417ms - 404
  info: System.Net.Http.HttpClient.NoLoggingHandler.LogicalHandler[101]
        End processing HTTP request after 35.9022ms - 404
  info: System.Net.Http.HttpClient.NoLoggingHandler.LogicalHandler[100]
        Start processing HTTP request GET https://github.com/dotnet/roslyn/blob/main/license.txt
  info: System.Net.Http.HttpClient.NoLoggingHandler.ClientHandler[100]
        Sending HTTP request GET https://github.com/dotnet/roslyn/blob/main/license.txt
  info: System.Net.Http.HttpClient.NoLoggingHandler.ClientHandler[101]
        Received HTTP response headers after 36.212ms - 404
  info: System.Net.Http.HttpClient.NoLoggingHandler.LogicalHandler[101]
        End processing HTTP request after 36.2461ms - 404
  info: System.Net.Http.HttpClient.NoLoggingHandler.LogicalHandler[100]
        Start processing HTTP request GET https://github.com/dotnet/roslyn/blob/main/License
  info: System.Net.Http.HttpClient.NoLoggingHandler.ClientHandler[100]
        Sending HTTP request GET https://github.com/dotnet/roslyn/blob/main/License
  info: System.Net.Http.HttpClient.NoLoggingHandler.ClientHandler[101]
        Received HTTP response headers after 35.3666ms - 404
  info: System.Net.Http.HttpClient.NoLoggingHandler.LogicalHandler[101]
        End processing HTTP request after 35.3891ms - 404
  info: System.Net.Http.HttpClient.NoLoggingHandler.LogicalHandler[100]
        Start processing HTTP request GET https://github.com/dotnet/roslyn/blob/main/License.md
  info: System.Net.Http.HttpClient.NoLoggingHandler.ClientHandler[100]
        Sending HTTP request GET https://github.com/dotnet/roslyn/blob/main/License.md
  info: System.Net.Http.HttpClient.NoLoggingHandler.ClientHandler[101]
        Received HTTP response headers after 35.7178ms - 404
  info: System.Net.Http.HttpClient.NoLoggingHandler.LogicalHandler[101]
        End processing HTTP request after 35.7576ms - 404
  info: System.Net.Http.HttpClient.NoLoggingHandler.LogicalHandler[100]
        Start processing HTTP request GET https://github.com/dotnet/roslyn/blob/main/License.txt
  info: System.Net.Http.HttpClient.NoLoggingHandler.ClientHandler[100]
        Sending HTTP request GET https://github.com/dotnet/roslyn/blob/main/License.txt
  info: System.Net.Http.HttpClient.NoLoggingHandler.ClientHandler[101]
        Received HTTP response headers after 35.4716ms - 200
  info: System.Net.Http.HttpClient.NoLoggingHandler.LogicalHandler[101]
        End processing HTTP request after 35.4976ms - 200
  info: System.Net.Http.HttpClient.Default.LogicalHandler[100]
        Start processing HTTP request GET https://raw.githubusercontent.com/dotnet/roslyn/main/License.txt
  info: System.Net.Http.HttpClient.Default.ClientHandler[100]
        Sending HTTP request GET https://raw.githubusercontent.com/dotnet/roslyn/main/License.txt
  info: System.Net.Http.HttpClient.Default.ClientHandler[101]
        Received HTTP response headers after 426.445ms - 200
  info: System.Net.Http.HttpClient.Default.LogicalHandler[101]
        End processing HTTP request after 426.485ms - 200
  info: System.Net.Http.HttpClient.Default.ClientHandler[101]
        Received HTTP response headers after 426.3311ms - 200
  info: System.Net.Http.HttpClient.Default.LogicalHandler[101]
        End processing HTTP request after 426.363ms - 200
  info: System.Net.Http.HttpClient.Default.ClientHandler[101]
        Received HTTP response headers after 423.9421ms - 200
  info: System.Net.Http.HttpClient.Default.LogicalHandler[101]
        End processing HTTP request after 423.9613ms - 200
  info: System.Net.Http.HttpClient.NoLoggingHandler.LogicalHandler[100]
        Start processing HTTP request GET https://github.com/dotnet/roslyn/blob/main/LICENSE
  info: System.Net.Http.HttpClient.NoLoggingHandler.ClientHandler[100]
        Sending HTTP request GET https://github.com/dotnet/roslyn/blob/main/LICENSE
  info: System.Net.Http.HttpClient.NoLoggingHandler.LogicalHandler[100]
        Start processing HTTP request GET https://github.com/dotnet/roslyn/blob/main/LICENSE
  info: System.Net.Http.HttpClient.NoLoggingHandler.ClientHandler[100]
        Sending HTTP request GET https://github.com/dotnet/roslyn/blob/main/LICENSE
  info: System.Net.Http.HttpClient.Default.LogicalHandler[100]
        Start processing HTTP request GET https://raw.githubusercontent.com/dotnet/runtime/main/LICENSE.TXT
  info: System.Net.Http.HttpClient.Default.ClientHandler[100]
        Sending HTTP request GET https://raw.githubusercontent.com/dotnet/runtime/main/LICENSE.TXT
  info: System.Net.Http.HttpClient.Default.ClientHandler[101]
        Received HTTP response headers after 25.7444ms - 200
  info: System.Net.Http.HttpClient.Default.LogicalHandler[101]
        End processing HTTP request after 25.766ms - 200
  info: System.Net.Http.HttpClient.Default.LogicalHandler[100]
        Start processing HTTP request GET https://raw.githubusercontent.com/dotnet/runtime/main/LICENSE.TXT
  info: System.Net.Http.HttpClient.Default.ClientHandler[100]
        Sending HTTP request GET https://raw.githubusercontent.com/dotnet/runtime/main/LICENSE.TXT
  info: System.Net.Http.HttpClient.NoLoggingHandler.ClientHandler[101]
        Received HTTP response headers after 31.7924ms - 404
  info: System.Net.Http.HttpClient.NoLoggingHandler.LogicalHandler[101]
        End processing HTTP request after 31.8176ms - 404
  info: System.Net.Http.HttpClient.NoLoggingHandler.LogicalHandler[100]
        Start processing HTTP request GET https://github.com/dotnet/roslyn/blob/main/LICENSE.md
  info: System.Net.Http.HttpClient.NoLoggingHandler.ClientHandler[100]
        Sending HTTP request GET https://github.com/dotnet/roslyn/blob/main/LICENSE.md
  info: System.Net.Http.HttpClient.NoLoggingHandler.ClientHandler[101]
        Received HTTP response headers after 35.9856ms - 404
  info: System.Net.Http.HttpClient.NoLoggingHandler.LogicalHandler[101]
        End processing HTTP request after 36.0051ms - 404
  info: System.Net.Http.HttpClient.NoLoggingHandler.LogicalHandler[100]
        Start processing HTTP request GET https://github.com/dotnet/roslyn/blob/main/LICENSE.md
  info: System.Net.Http.HttpClient.NoLoggingHandler.ClientHandler[100]
        Sending HTTP request GET https://github.com/dotnet/roslyn/blob/main/LICENSE.md
  info: System.Net.Http.HttpClient.Default.ClientHandler[101]
        Received HTTP response headers after 25.5308ms - 200
  info: System.Net.Http.HttpClient.Default.LogicalHandler[101]
        End processing HTTP request after 25.5606ms - 200
  info: System.Net.Http.HttpClient.Default.LogicalHandler[100]
        Start processing HTTP request GET https://raw.githubusercontent.com/dotnet/runtime/main/LICENSE.TXT
  info: System.Net.Http.HttpClient.Default.ClientHandler[100]
        Sending HTTP request GET https://raw.githubusercontent.com/dotnet/runtime/main/LICENSE.TXT
  info: System.Net.Http.HttpClient.NoLoggingHandler.ClientHandler[101]
        Received HTTP response headers after 31.0374ms - 404
  info: System.Net.Http.HttpClient.NoLoggingHandler.LogicalHandler[101]
        End processing HTTP request after 31.0577ms - 404
  info: System.Net.Http.HttpClient.NoLoggingHandler.LogicalHandler[100]
        Start processing HTTP request GET https://github.com/dotnet/roslyn/blob/main/LICENSE.txt
  info: System.Net.Http.HttpClient.NoLoggingHandler.ClientHandler[100]
        Sending HTTP request GET https://github.com/dotnet/roslyn/blob/main/LICENSE.txt
  info: System.Net.Http.HttpClient.NoLoggingHandler.ClientHandler[101]
        Received HTTP response headers after 35.6604ms - 404
  info: System.Net.Http.HttpClient.NoLoggingHandler.LogicalHandler[101]
        End processing HTTP request after 35.6722ms - 404
  info: System.Net.Http.HttpClient.NoLoggingHandler.LogicalHandler[100]
        Start processing HTTP request GET https://github.com/dotnet/roslyn/blob/main/LICENSE.txt
  info: System.Net.Http.HttpClient.NoLoggingHandler.ClientHandler[100]
        Sending HTTP request GET https://github.com/dotnet/roslyn/blob/main/LICENSE.txt
  info: System.Net.Http.HttpClient.Default.ClientHandler[101]
        Received HTTP response headers after 25.8744ms - 200
  info: System.Net.Http.HttpClient.Default.LogicalHandler[101]
        End processing HTTP request after 25.8943ms - 200
  info: System.Net.Http.HttpClient.Default.LogicalHandler[100]
        Start processing HTTP request GET https://raw.githubusercontent.com/dotnet/runtime/main/LICENSE.TXT
  info: System.Net.Http.HttpClient.Default.ClientHandler[100]
        Sending HTTP request GET https://raw.githubusercontent.com/dotnet/runtime/main/LICENSE.TXT
  info: System.Net.Http.HttpClient.NoLoggingHandler.ClientHandler[101]
        Received HTTP response headers after 33.2497ms - 404
  info: System.Net.Http.HttpClient.NoLoggingHandler.LogicalHandler[101]
        End processing HTTP request after 33.2672ms - 404
  info: System.Net.Http.HttpClient.NoLoggingHandler.LogicalHandler[100]
        Start processing HTTP request GET https://github.com/dotnet/roslyn/blob/main/license
  info: System.Net.Http.HttpClient.NoLoggingHandler.ClientHandler[100]
        Sending HTTP request GET https://github.com/dotnet/roslyn/blob/main/license
  info: System.Net.Http.HttpClient.Default.ClientHandler[101]
        Received HTTP response headers after 25.5021ms - 200
  info: System.Net.Http.HttpClient.Default.LogicalHandler[101]
        End processing HTTP request after 25.5172ms - 200
  info: System.Net.Http.HttpClient.Default.LogicalHandler[100]
        Start processing HTTP request GET https://raw.githubusercontent.com/dotnet/runtime/main/LICENSE.TXT
  info: System.Net.Http.HttpClient.Default.ClientHandler[100]
        Sending HTTP request GET https://raw.githubusercontent.com/dotnet/runtime/main/LICENSE.TXT
  info: System.Net.Http.HttpClient.NoLoggingHandler.ClientHandler[101]
        Received HTTP response headers after 34.8585ms - 404
  info: System.Net.Http.HttpClient.NoLoggingHandler.LogicalHandler[101]
        End processing HTTP request after 34.8726ms - 404
  info: System.Net.Http.HttpClient.NoLoggingHandler.LogicalHandler[100]
        Start processing HTTP request GET https://github.com/dotnet/roslyn/blob/main/license
  info: System.Net.Http.HttpClient.NoLoggingHandler.ClientHandler[100]
        Sending HTTP request GET https://github.com/dotnet/roslyn/blob/main/license
  info: System.Net.Http.HttpClient.NoLoggingHandler.ClientHandler[101]
        Received HTTP response headers after 31.1333ms - 404
  info: System.Net.Http.HttpClient.NoLoggingHandler.LogicalHandler[101]
        End processing HTTP request after 31.1521ms - 404
  info: System.Net.Http.HttpClient.NoLoggingHandler.LogicalHandler[100]
        Start processing HTTP request GET https://github.com/dotnet/roslyn/blob/main/license.md
  info: System.Net.Http.HttpClient.NoLoggingHandler.ClientHandler[100]
        Sending HTTP request GET https://github.com/dotnet/roslyn/blob/main/license.md
  info: System.Net.Http.HttpClient.Default.ClientHandler[101]
        Received HTTP response headers after 25.5242ms - 200
  info: System.Net.Http.HttpClient.Default.LogicalHandler[101]
        End processing HTTP request after 25.5369ms - 200
  info: System.Net.Http.HttpClient.Default.LogicalHandler[100]
        Start processing HTTP request GET https://raw.githubusercontent.com/dotnet/runtime/main/LICENSE.TXT
  info: System.Net.Http.HttpClient.Default.ClientHandler[100]
        Sending HTTP request GET https://raw.githubusercontent.com/dotnet/runtime/main/LICENSE.TXT
  info: System.Net.Http.HttpClient.NoLoggingHandler.ClientHandler[101]
        Received HTTP response headers after 36.4223ms - 404
  info: System.Net.Http.HttpClient.NoLoggingHandler.LogicalHandler[101]
        End processing HTTP request after 36.4385ms - 404
  info: System.Net.Http.HttpClient.NoLoggingHandler.LogicalHandler[100]
        Start processing HTTP request GET https://github.com/dotnet/roslyn/blob/main/license.md
  info: System.Net.Http.HttpClient.NoLoggingHandler.ClientHandler[100]
        Sending HTTP request GET https://github.com/dotnet/roslyn/blob/main/license.md
  info: System.Net.Http.HttpClient.Default.ClientHandler[101]
        Received HTTP response headers after 25.1291ms - 200
  info: System.Net.Http.HttpClient.Default.LogicalHandler[101]
        End processing HTTP request after 25.1491ms - 200
  info: System.Net.Http.HttpClient.Default.LogicalHandler[100]
        Start processing HTTP request GET https://raw.githubusercontent.com/dotnet/runtime/main/LICENSE.TXT
  info: System.Net.Http.HttpClient.Default.ClientHandler[100]
        Sending HTTP request GET https://raw.githubusercontent.com/dotnet/runtime/main/LICENSE.TXT
  info: System.Net.Http.HttpClient.NoLoggingHandler.ClientHandler[101]
        Received HTTP response headers after 30.9982ms - 404
  info: System.Net.Http.HttpClient.NoLoggingHandler.LogicalHandler[101]
        End processing HTTP request after 31.0168ms - 404
  info: System.Net.Http.HttpClient.NoLoggingHandler.LogicalHandler[100]
        Start processing HTTP request GET https://github.com/dotnet/roslyn/blob/main/license.txt
  info: System.Net.Http.HttpClient.NoLoggingHandler.ClientHandler[100]
        Sending HTTP request GET https://github.com/dotnet/roslyn/blob/main/license.txt
  info: System.Net.Http.HttpClient.NoLoggingHandler.ClientHandler[101]
        Received HTTP response headers after 35.9607ms - 404
  info: System.Net.Http.HttpClient.NoLoggingHandler.LogicalHandler[101]
        End processing HTTP request after 35.988ms - 404
  info: System.Net.Http.HttpClient.NoLoggingHandler.LogicalHandler[100]
        Start processing HTTP request GET https://github.com/dotnet/roslyn/blob/main/license.txt
  info: System.Net.Http.HttpClient.NoLoggingHandler.ClientHandler[100]
        Sending HTTP request GET https://github.com/dotnet/roslyn/blob/main/license.txt
  info: System.Net.Http.HttpClient.Default.ClientHandler[101]
        Received HTTP response headers after 25.5653ms - 200
  info: System.Net.Http.HttpClient.Default.LogicalHandler[101]
        End processing HTTP request after 25.5888ms - 200
  info: System.Net.Http.HttpClient.Default.LogicalHandler[100]
        Start processing HTTP request GET https://raw.githubusercontent.com/dotnet/runtime/main/LICENSE.TXT
  info: System.Net.Http.HttpClient.Default.ClientHandler[100]
        Sending HTTP request GET https://raw.githubusercontent.com/dotnet/runtime/main/LICENSE.TXT
  info: System.Net.Http.HttpClient.NoLoggingHandler.ClientHandler[101]
        Received HTTP response headers after 30.8759ms - 404
  info: System.Net.Http.HttpClient.NoLoggingHandler.LogicalHandler[101]
        End processing HTTP request after 30.8958ms - 404
  info: System.Net.Http.HttpClient.NoLoggingHandler.LogicalHandler[100]
        Start processing HTTP request GET https://github.com/dotnet/roslyn/blob/main/License
  info: System.Net.Http.HttpClient.NoLoggingHandler.ClientHandler[100]
        Sending HTTP request GET https://github.com/dotnet/roslyn/blob/main/License
  info: System.Net.Http.HttpClient.Default.ClientHandler[101]
        Received HTTP response headers after 25.3201ms - 200
  info: System.Net.Http.HttpClient.Default.LogicalHandler[101]
        End processing HTTP request after 25.3407ms - 200
  info: System.Net.Http.HttpClient.Default.LogicalHandler[100]
        Start processing HTTP request GET https://raw.githubusercontent.com/dotnet/runtime/main/LICENSE.TXT
  info: System.Net.Http.HttpClient.Default.ClientHandler[100]
        Sending HTTP request GET https://raw.githubusercontent.com/dotnet/runtime/main/LICENSE.TXT
  info: System.Net.Http.HttpClient.NoLoggingHandler.ClientHandler[101]
        Received HTTP response headers after 35.5882ms - 404
  info: System.Net.Http.HttpClient.NoLoggingHandler.LogicalHandler[101]
        End processing HTTP request after 35.611ms - 404
  info: System.Net.Http.HttpClient.NoLoggingHandler.LogicalHandler[100]
        Start processing HTTP request GET https://github.com/dotnet/roslyn/blob/main/License
  info: System.Net.Http.HttpClient.NoLoggingHandler.ClientHandler[100]
        Sending HTTP request GET https://github.com/dotnet/roslyn/blob/main/License
  info: System.Net.Http.HttpClient.Default.ClientHandler[101]
        Received HTTP response headers after 254.6226ms - 200
  info: System.Net.Http.HttpClient.Default.LogicalHandler[101]
        End processing HTTP request after 254.6372ms - 200
  info: System.Net.Http.HttpClient.Default.LogicalHandler[100]
        Start processing HTTP request GET https://raw.githubusercontent.com/dotnet/runtime/main/LICENSE.TXT
  info: System.Net.Http.HttpClient.Default.ClientHandler[100]
        Sending HTTP request GET https://raw.githubusercontent.com/dotnet/runtime/main/LICENSE.TXT
  info: System.Net.Http.HttpClient.NoLoggingHandler.ClientHandler[101]
        Received HTTP response headers after 31.1017ms - 404
  info: System.Net.Http.HttpClient.NoLoggingHandler.LogicalHandler[101]
        End processing HTTP request after 31.1231ms - 404
  info: System.Net.Http.HttpClient.NoLoggingHandler.LogicalHandler[100]
        Start processing HTTP request GET https://github.com/dotnet/roslyn/blob/main/License.md
  info: System.Net.Http.HttpClient.NoLoggingHandler.ClientHandler[100]
        Sending HTTP request GET https://github.com/dotnet/roslyn/blob/main/License.md
  info: System.Net.Http.HttpClient.Default.ClientHandler[101]
        Received HTTP response headers after 25.6709ms - 200
  info: System.Net.Http.HttpClient.Default.LogicalHandler[101]
        End processing HTTP request after 25.6865ms - 200
  info: System.Net.Http.HttpClient.Default.LogicalHandler[100]
        Start processing HTTP request GET https://raw.githubusercontent.com/dotnet/runtime/main/LICENSE.TXT
  info: System.Net.Http.HttpClient.Default.ClientHandler[100]
        Sending HTTP request GET https://raw.githubusercontent.com/dotnet/runtime/main/LICENSE.TXT
  info: System.Net.Http.HttpClient.Default.ClientHandler[101]
        Received HTTP response headers after 22.4894ms - 200
  info: System.Net.Http.HttpClient.Default.LogicalHandler[101]
        End processing HTTP request after 22.5067ms - 200
  info: System.Net.Http.HttpClient.Default.LogicalHandler[100]
        Start processing HTTP request GET https://raw.githubusercontent.com/dotnet/runtime/main/LICENSE.TXT
  info: System.Net.Http.HttpClient.Default.ClientHandler[100]
        Sending HTTP request GET https://raw.githubusercontent.com/dotnet/runtime/main/LICENSE.TXT
  info: System.Net.Http.HttpClient.NoLoggingHandler.ClientHandler[101]
        Received HTTP response headers after 35.5783ms - 404
  info: System.Net.Http.HttpClient.NoLoggingHandler.LogicalHandler[101]
        End processing HTTP request after 35.5955ms - 404
  info: System.Net.Http.HttpClient.NoLoggingHandler.LogicalHandler[100]
        Start processing HTTP request GET https://github.com/dotnet/roslyn/blob/main/License.md
  info: System.Net.Http.HttpClient.NoLoggingHandler.ClientHandler[100]
        Sending HTTP request GET https://github.com/dotnet/roslyn/blob/main/License.md
  info: System.Net.Http.HttpClient.NoLoggingHandler.ClientHandler[101]
        Received HTTP response headers after 30.9183ms - 404
  info: System.Net.Http.HttpClient.NoLoggingHandler.LogicalHandler[101]
        End processing HTTP request after 30.932ms - 404
  info: System.Net.Http.HttpClient.NoLoggingHandler.LogicalHandler[100]
        Start processing HTTP request GET https://github.com/dotnet/roslyn/blob/main/License.txt
  info: System.Net.Http.HttpClient.NoLoggingHandler.ClientHandler[100]
        Sending HTTP request GET https://github.com/dotnet/roslyn/blob/main/License.txt
  info: System.Net.Http.HttpClient.Default.ClientHandler[101]
        Received HTTP response headers after 25.7182ms - 200
  info: System.Net.Http.HttpClient.Default.LogicalHandler[101]
        End processing HTTP request after 25.7388ms - 200
  info: System.Net.Http.HttpClient.Default.LogicalHandler[100]
        Start processing HTTP request GET https://raw.githubusercontent.com/dotnet/runtime/main/LICENSE.TXT
  info: System.Net.Http.HttpClient.Default.ClientHandler[100]
        Sending HTTP request GET https://raw.githubusercontent.com/dotnet/runtime/main/LICENSE.TXT
  info: System.Net.Http.HttpClient.Default.ClientHandler[101]
        Received HTTP response headers after 22.2677ms - 200
  info: System.Net.Http.HttpClient.Default.LogicalHandler[101]
        End processing HTTP request after 22.282ms - 200
  info: System.Net.Http.HttpClient.Default.LogicalHandler[100]
        Start processing HTTP request GET https://raw.githubusercontent.com/dotnet/runtime/main/LICENSE.TXT
  info: System.Net.Http.HttpClient.Default.ClientHandler[100]
        Sending HTTP request GET https://raw.githubusercontent.com/dotnet/runtime/main/LICENSE.TXT
  info: System.Net.Http.HttpClient.Default.ClientHandler[101]
        Received HTTP response headers after 25.2672ms - 200
  info: System.Net.Http.HttpClient.Default.LogicalHandler[101]
        End processing HTTP request after 25.2886ms - 200
  info: System.Net.Http.HttpClient.NoLoggingHandler.LogicalHandler[100]
        Start processing HTTP request GET https://github.com/microsoft/vs-solutionpersistence/blob/main/LICENSE
  info: System.Net.Http.HttpClient.NoLoggingHandler.ClientHandler[100]
        Sending HTTP request GET https://github.com/microsoft/vs-solutionpersistence/blob/main/LICENSE
  info: System.Net.Http.HttpClient.NoLoggingHandler.ClientHandler[101]
        Received HTTP response headers after 31.2874ms - 200
  info: System.Net.Http.HttpClient.NoLoggingHandler.LogicalHandler[101]
        End processing HTTP request after 31.3025ms - 200
  info: System.Net.Http.HttpClient.Default.ClientHandler[101]
        Received HTTP response headers after 23.0665ms - 200
  info: System.Net.Http.HttpClient.NoLoggingHandler.ClientHandler[101]
        Received HTTP response headers after 35.9399ms - 404
  info: System.Net.Http.HttpClient.NoLoggingHandler.LogicalHandler[101]
        End processing HTTP request after 35.9567ms - 404
  info: System.Net.Http.HttpClient.Default.LogicalHandler[101]
        End processing HTTP request after 23.0824ms - 200
  info: System.Net.Http.HttpClient.Default.LogicalHandler[100]
        Start processing HTTP request GET https://raw.githubusercontent.com/dotnet/roslyn/main/License.txt
  info: System.Net.Http.HttpClient.Default.ClientHandler[100]
        Sending HTTP request GET https://raw.githubusercontent.com/dotnet/roslyn/main/License.txt
  info: System.Net.Http.HttpClient.NoLoggingHandler.LogicalHandler[100]
        Start processing HTTP request GET https://github.com/dotnet/roslyn/blob/main/License.txt
  info: System.Net.Http.HttpClient.NoLoggingHandler.ClientHandler[100]
        Sending HTTP request GET https://github.com/dotnet/roslyn/blob/main/License.txt
  info: System.Net.Http.HttpClient.Default.LogicalHandler[100]
        Start processing HTTP request GET https://raw.githubusercontent.com/JamesNK/Newtonsoft.Json/master/LICENSE.md
  info: System.Net.Http.HttpClient.Default.ClientHandler[100]
        Sending HTTP request GET https://raw.githubusercontent.com/JamesNK/Newtonsoft.Json/master/LICENSE.md
  info: System.Net.Http.HttpClient.Default.ClientHandler[101]
        Received HTTP response headers after 24.4242ms - 200
  info: System.Net.Http.HttpClient.Default.LogicalHandler[101]
        End processing HTTP request after 24.4464ms - 200
  info: System.Net.Http.HttpClient.Default.LogicalHandler[100]
        Start processing HTTP request GET https://raw.githubusercontent.com/dotnet/runtime/main/LICENSE.TXT
  info: System.Net.Http.HttpClient.Default.ClientHandler[100]
        Sending HTTP request GET https://raw.githubusercontent.com/dotnet/runtime/main/LICENSE.TXT
  info: System.Net.Http.HttpClient.Default.ClientHandler[101]
        Received HTTP response headers after 25.7895ms - 200
  info: System.Net.Http.HttpClient.Default.LogicalHandler[101]
        End processing HTTP request after 25.8096ms - 200
  info: System.Net.Http.HttpClient.Default.LogicalHandler[100]
        Start processing HTTP request GET https://raw.githubusercontent.com/dotnet/runtime/main/LICENSE.TXT
  info: System.Net.Http.HttpClient.Default.ClientHandler[100]
        Sending HTTP request GET https://raw.githubusercontent.com/dotnet/runtime/main/LICENSE.TXT
  info: System.Net.Http.HttpClient.NoLoggingHandler.ClientHandler[101]
        Received HTTP response headers after 36.0254ms - 200
  info: System.Net.Http.HttpClient.NoLoggingHandler.LogicalHandler[101]
        End processing HTTP request after 36.0528ms - 200
  info: System.Net.Http.HttpClient.Default.LogicalHandler[100]
        Start processing HTTP request GET https://raw.githubusercontent.com/dotnet/roslyn/main/License.txt
  info: System.Net.Http.HttpClient.Default.ClientHandler[100]
        Sending HTTP request GET https://raw.githubusercontent.com/dotnet/roslyn/main/License.txt
  info: System.Net.Http.HttpClient.Default.ClientHandler[101]
        Received HTTP response headers after 22.176ms - 200
  info: System.Net.Http.HttpClient.Default.LogicalHandler[101]
        End processing HTTP request after 22.1994ms - 200
  info: System.Net.Http.HttpClient.Default.LogicalHandler[100]
        Start processing HTTP request GET https://raw.githubusercontent.com/dotnet/runtime/main/LICENSE.TXT
  info: System.Net.Http.HttpClient.Default.ClientHandler[100]
        Sending HTTP request GET https://raw.githubusercontent.com/dotnet/runtime/main/LICENSE.TXT
  info: System.Net.Http.HttpClient.Default.ClientHandler[101]
        Received HTTP response headers after 25.5369ms - 200
  info: System.Net.Http.HttpClient.Default.LogicalHandler[101]
        End processing HTTP request after 25.5556ms - 200
  info: System.Net.Http.HttpClient.Default.LogicalHandler[100]
        Start processing HTTP request GET https://raw.githubusercontent.com/dotnet/runtime/main/LICENSE.TXT
  info: System.Net.Http.HttpClient.Default.ClientHandler[100]
        Sending HTTP request GET https://raw.githubusercontent.com/dotnet/runtime/main/LICENSE.TXT
  info: System.Net.Http.HttpClient.Default.ClientHandler[101]
        Received HTTP response headers after 25.5206ms - 200
  info: System.Net.Http.HttpClient.Default.LogicalHandler[101]
        End processing HTTP request after 25.5432ms - 200
  info: System.Net.Http.HttpClient.Default.LogicalHandler[100]
        Start processing HTTP request GET https://raw.githubusercontent.com/dotnet/runtime/main/LICENSE.TXT
  info: System.Net.Http.HttpClient.Default.ClientHandler[100]
        Sending HTTP request GET https://raw.githubusercontent.com/dotnet/runtime/main/LICENSE.TXT
  info: System.Net.Http.HttpClient.Default.ClientHandler[101]
        Received HTTP response headers after 21.8058ms - 200
  info: System.Net.Http.HttpClient.Default.LogicalHandler[101]
        End processing HTTP request after 21.8256ms - 200
  info: System.Net.Http.HttpClient.Default.LogicalHandler[100]
        Start processing HTTP request GET https://raw.githubusercontent.com/dotnet/runtime/main/LICENSE.TXT
  info: System.Net.Http.HttpClient.Default.ClientHandler[100]
        Sending HTTP request GET https://raw.githubusercontent.com/dotnet/runtime/main/LICENSE.TXT
  info: System.Net.Http.HttpClient.Default.ClientHandler[101]
        Received HTTP response headers after 25.2412ms - 200
  info: System.Net.Http.HttpClient.Default.LogicalHandler[101]
        End processing HTTP request after 25.2607ms - 200
  info: System.Net.Http.HttpClient.Default.LogicalHandler[100]
        Start processing HTTP request GET https://raw.githubusercontent.com/dotnet/runtime/main/LICENSE.TXT
  info: System.Net.Http.HttpClient.Default.ClientHandler[100]
        Sending HTTP request GET https://raw.githubusercontent.com/dotnet/runtime/main/LICENSE.TXT
  info: System.Net.Http.HttpClient.Default.ClientHandler[101]
        Received HTTP response headers after 25.8607ms - 200
  info: System.Net.Http.HttpClient.Default.LogicalHandler[101]
        End processing HTTP request after 25.879ms - 200
  info: System.Net.Http.HttpClient.Default.ClientHandler[101]
        Received HTTP response headers after 21.8003ms - 200
  info: System.Net.Http.HttpClient.Default.LogicalHandler[101]
        End processing HTTP request after 21.8152ms - 200
  info: System.Net.Http.HttpClient.Default.ClientHandler[101]
        Received HTTP response headers after 25.2707ms - 200
  info: System.Net.Http.HttpClient.Default.LogicalHandler[101]
        End processing HTTP request after 25.2903ms - 200
  info: System.Net.Http.HttpClient.NoLoggingHandler.ClientHandler[101]
        Received HTTP response headers after 496.9818ms - 200
  info: System.Net.Http.HttpClient.NoLoggingHandler.LogicalHandler[101]
        End processing HTTP request after 497.0124ms - 200
  info: System.Net.Http.HttpClient.Default.LogicalHandler[100]
        Start processing HTTP request GET https://raw.githubusercontent.com/microsoft/vs-solutionpersistence/main/LICENSE
  info: System.Net.Http.HttpClient.Default.ClientHandler[100]
        Sending HTTP request GET https://raw.githubusercontent.com/microsoft/vs-solutionpersistence/main/LICENSE
  info: System.Net.Http.HttpClient.Default.ClientHandler[101]
        Received HTTP response headers after 210.8438ms - 200
  info: System.Net.Http.HttpClient.Default.LogicalHandler[101]
        End processing HTTP request after 210.8746ms - 200
  info: Musoq.Cloud.LicensesGatherer.LicenseGatherer[0]
        Saved 40 licenses from 40 packages
  info: Musoq.Cloud.LicensesGatherer.LicenseGatherer[0]
        License texts saved in: D:\repos\Musoq.DataSources\.builds\license-refresh\Musoq.DataSources.Roslyn\snapshot\third-party-notices
[SNAPSHOT] package=Musoq.DataSources.Roslyn packages=39 files=41 manifest_sha256=e7faa9b258eebf3006b2bd5059d47daa14bd39520881fc77d0d354c3a283753d source=checked-in
[UPDATED] License snapshot 'Musoq.DataSources.Roslyn'
Refreshing license snapshot: Musoq.DataSources.Search
  info: Musoq.Cloud.LicensesGatherer.LicenseGatherer[0]
        Starting license gathering for: D:\repos\Musoq.DataSources\Musoq.DataSources.Search\Musoq.DataSources.Search.csproj
  info: Musoq.Cloud.LicensesGatherer.LicenseGatherer[0]
        Output folder: D:\repos\Musoq.DataSources\.builds\license-refresh\Musoq.DataSources.Search\snapshot\third-party-notices
  info: Musoq.Cloud.LicensesGatherer.LicenseGatherer[0]
        Loaded 12 manual link overrides
  info: Musoq.Cloud.LicensesGatherer.LicenseGatherer[0]
        Loaded 0 cached links
  info: Musoq.Cloud.LicensesGatherer.LicenseGatherer[0]
        Found 10 packages to process
  info: Musoq.Cloud.LicensesGatherer.LicenseGatherer[0]
        After filtering runtime packages: 10 packages
  info: System.Net.Http.HttpClient.Default.LogicalHandler[100]
        Start processing HTTP request GET https://raw.githubusercontent.com/dotnet/runtime/main/LICENSE.TXT
  info: System.Net.Http.HttpClient.NoLoggingHandler.LogicalHandler[100]
        Start processing HTTP request GET https://github.com/mmanela/diffplex/blob/main/LICENSE
  info: System.Net.Http.HttpClient.NoLoggingHandler.LogicalHandler[100]
        Start processing HTTP request GET https://github.com/dotnet/sourcelink/blob/main/LICENSE
  info: System.Net.Http.HttpClient.Default.LogicalHandler[100]
        Start processing HTTP request GET https://raw.githubusercontent.com/DanHarltey/Fastenshtein/master/LICENSE
  info: System.Net.Http.HttpClient.NoLoggingHandler.ClientHandler[100]
        Sending HTTP request GET https://github.com/mmanela/diffplex/blob/main/LICENSE
  info: System.Net.Http.HttpClient.Default.ClientHandler[100]
        Sending HTTP request GET https://raw.githubusercontent.com/dotnet/runtime/main/LICENSE.TXT
  info: System.Net.Http.HttpClient.Default.ClientHandler[100]
        Sending HTTP request GET https://raw.githubusercontent.com/DanHarltey/Fastenshtein/master/LICENSE
  info: System.Net.Http.HttpClient.NoLoggingHandler.ClientHandler[100]
        Sending HTTP request GET https://github.com/dotnet/sourcelink/blob/main/LICENSE
  info: System.Net.Http.HttpClient.Default.ClientHandler[101]
        Received HTTP response headers after 110.8973ms - 200
  info: System.Net.Http.HttpClient.Default.ClientHandler[101]
        Received HTTP response headers after 112.1999ms - 200
  info: System.Net.Http.HttpClient.Default.LogicalHandler[101]
        End processing HTTP request after 117.8018ms - 200
  info: System.Net.Http.HttpClient.Default.LogicalHandler[101]
        End processing HTTP request after 117.7947ms - 200
  info: System.Net.Http.HttpClient.Default.LogicalHandler[100]
        Start processing HTTP request GET https://raw.githubusercontent.com/dotnet/runtime/main/LICENSE.TXT
  info: System.Net.Http.HttpClient.Default.ClientHandler[100]
        Sending HTTP request GET https://raw.githubusercontent.com/dotnet/runtime/main/LICENSE.TXT
  info: System.Net.Http.HttpClient.NoLoggingHandler.LogicalHandler[100]
        Start processing HTTP request GET https://github.com/dotnet/sourcelink/blob/main/LICENSE
  info: System.Net.Http.HttpClient.NoLoggingHandler.ClientHandler[100]
        Sending HTTP request GET https://github.com/dotnet/sourcelink/blob/main/LICENSE
  info: System.Net.Http.HttpClient.NoLoggingHandler.ClientHandler[101]
        Received HTTP response headers after 130.5181ms - 404
  info: System.Net.Http.HttpClient.NoLoggingHandler.ClientHandler[101]
        Received HTTP response headers after 130.5358ms - 404
  info: System.Net.Http.HttpClient.NoLoggingHandler.LogicalHandler[101]
        End processing HTTP request after 134.0456ms - 404
  info: System.Net.Http.HttpClient.NoLoggingHandler.LogicalHandler[101]
        End processing HTTP request after 134.0458ms - 404
  info: System.Net.Http.HttpClient.Default.ClientHandler[101]
        Received HTTP response headers after 26.0909ms - 200
  info: System.Net.Http.HttpClient.Default.LogicalHandler[101]
        End processing HTTP request after 26.1524ms - 200
  info: System.Net.Http.HttpClient.NoLoggingHandler.LogicalHandler[100]
        Start processing HTTP request GET https://github.com/dotnet/sourcelink/blob/main/LICENSE
  info: System.Net.Http.HttpClient.NoLoggingHandler.ClientHandler[100]
        Sending HTTP request GET https://github.com/dotnet/sourcelink/blob/main/LICENSE
  info: System.Net.Http.HttpClient.NoLoggingHandler.LogicalHandler[100]
        Start processing HTTP request GET https://github.com/mmanela/diffplex/blob/main/LICENSE.md
  info: System.Net.Http.HttpClient.NoLoggingHandler.LogicalHandler[100]
        Start processing HTTP request GET https://github.com/dotnet/sourcelink/blob/main/LICENSE.md
  info: System.Net.Http.HttpClient.NoLoggingHandler.ClientHandler[100]
        Sending HTTP request GET https://github.com/mmanela/diffplex/blob/main/LICENSE.md
  info: System.Net.Http.HttpClient.NoLoggingHandler.ClientHandler[100]
        Sending HTTP request GET https://github.com/dotnet/sourcelink/blob/main/LICENSE.md
  info: System.Net.Http.HttpClient.NoLoggingHandler.ClientHandler[101]
        Received HTTP response headers after 103.9143ms - 404
  info: System.Net.Http.HttpClient.NoLoggingHandler.LogicalHandler[101]
        End processing HTTP request after 103.9576ms - 404
  info: System.Net.Http.HttpClient.NoLoggingHandler.ClientHandler[101]
        Received HTTP response headers after 34.4935ms - 404
  info: System.Net.Http.HttpClient.NoLoggingHandler.LogicalHandler[101]
        End processing HTTP request after 34.571ms - 404
  info: System.Net.Http.HttpClient.NoLoggingHandler.ClientHandler[101]
        Received HTTP response headers after 35.926ms - 404
  info: System.Net.Http.HttpClient.NoLoggingHandler.LogicalHandler[101]
        End processing HTTP request after 35.9981ms - 404
  info: System.Net.Http.HttpClient.NoLoggingHandler.LogicalHandler[100]
        Start processing HTTP request GET https://github.com/mmanela/diffplex/blob/main/LICENSE.txt
  info: System.Net.Http.HttpClient.NoLoggingHandler.ClientHandler[100]
        Sending HTTP request GET https://github.com/mmanela/diffplex/blob/main/LICENSE.txt
  info: System.Net.Http.HttpClient.NoLoggingHandler.LogicalHandler[100]
        Start processing HTTP request GET https://github.com/dotnet/sourcelink/blob/main/LICENSE.txt
  info: System.Net.Http.HttpClient.NoLoggingHandler.ClientHandler[100]
        Sending HTTP request GET https://github.com/dotnet/sourcelink/blob/main/LICENSE.txt
  info: System.Net.Http.HttpClient.NoLoggingHandler.ClientHandler[101]
        Received HTTP response headers after 111.7535ms - 404
  info: System.Net.Http.HttpClient.NoLoggingHandler.LogicalHandler[101]
        End processing HTTP request after 111.799ms - 404
  info: System.Net.Http.HttpClient.NoLoggingHandler.ClientHandler[101]
        Received HTTP response headers after 34.4429ms - 404
  info: System.Net.Http.HttpClient.NoLoggingHandler.LogicalHandler[101]
        End processing HTTP request after 34.506ms - 404
  info: System.Net.Http.HttpClient.NoLoggingHandler.LogicalHandler[100]
        Start processing HTTP request GET https://github.com/mmanela/diffplex/blob/main/license
  info: System.Net.Http.HttpClient.NoLoggingHandler.ClientHandler[100]
        Sending HTTP request GET https://github.com/mmanela/diffplex/blob/main/license
  info: System.Net.Http.HttpClient.NoLoggingHandler.ClientHandler[101]
        Received HTTP response headers after 45.5582ms - 404
  info: System.Net.Http.HttpClient.NoLoggingHandler.LogicalHandler[101]
        End processing HTTP request after 45.5953ms - 404
  info: System.Net.Http.HttpClient.NoLoggingHandler.LogicalHandler[100]
        Start processing HTTP request GET https://github.com/dotnet/sourcelink/blob/main/license
  info: System.Net.Http.HttpClient.NoLoggingHandler.ClientHandler[100]
        Sending HTTP request GET https://github.com/dotnet/sourcelink/blob/main/license
  info: System.Net.Http.HttpClient.NoLoggingHandler.LogicalHandler[100]
        Start processing HTTP request GET https://github.com/dotnet/sourcelink/blob/main/LICENSE.md
  info: System.Net.Http.HttpClient.NoLoggingHandler.ClientHandler[100]
        Sending HTTP request GET https://github.com/dotnet/sourcelink/blob/main/LICENSE.md
  info: System.Net.Http.HttpClient.NoLoggingHandler.ClientHandler[101]
        Received HTTP response headers after 34.4668ms - 404
  info: System.Net.Http.HttpClient.NoLoggingHandler.LogicalHandler[101]
        End processing HTTP request after 34.5126ms - 404
  info: System.Net.Http.HttpClient.NoLoggingHandler.LogicalHandler[100]
        Start processing HTTP request GET https://github.com/mmanela/diffplex/blob/main/license.md
  info: System.Net.Http.HttpClient.NoLoggingHandler.ClientHandler[100]
        Sending HTTP request GET https://github.com/mmanela/diffplex/blob/main/license.md
  info: System.Net.Http.HttpClient.NoLoggingHandler.ClientHandler[101]
        Received HTTP response headers after 44.8236ms - 404
  info: System.Net.Http.HttpClient.NoLoggingHandler.LogicalHandler[101]
        End processing HTTP request after 44.8844ms - 404
  info: System.Net.Http.HttpClient.NoLoggingHandler.LogicalHandler[100]
        Start processing HTTP request GET https://github.com/dotnet/sourcelink/blob/main/license.md
  info: System.Net.Http.HttpClient.NoLoggingHandler.ClientHandler[100]
        Sending HTTP request GET https://github.com/dotnet/sourcelink/blob/main/license.md
  info: System.Net.Http.HttpClient.NoLoggingHandler.ClientHandler[101]
        Received HTTP response headers after 34.6511ms - 404
  info: System.Net.Http.HttpClient.NoLoggingHandler.LogicalHandler[101]
        End processing HTTP request after 34.7064ms - 404
  info: System.Net.Http.HttpClient.NoLoggingHandler.LogicalHandler[100]
        Start processing HTTP request GET https://github.com/dotnet/sourcelink/blob/main/LICENSE.txt
  info: System.Net.Http.HttpClient.NoLoggingHandler.ClientHandler[100]
        Sending HTTP request GET https://github.com/dotnet/sourcelink/blob/main/LICENSE.txt
  info: System.Net.Http.HttpClient.NoLoggingHandler.LogicalHandler[100]
        Start processing HTTP request GET https://github.com/dotnet/sourcelink/blob/main/LICENSE.md
  info: System.Net.Http.HttpClient.NoLoggingHandler.ClientHandler[100]
        Sending HTTP request GET https://github.com/dotnet/sourcelink/blob/main/LICENSE.md
  info: System.Net.Http.HttpClient.NoLoggingHandler.ClientHandler[101]
        Received HTTP response headers after 34.4004ms - 404
  info: System.Net.Http.HttpClient.NoLoggingHandler.LogicalHandler[101]
        End processing HTTP request after 34.4314ms - 404
  info: System.Net.Http.HttpClient.NoLoggingHandler.LogicalHandler[100]
        Start processing HTTP request GET https://github.com/mmanela/diffplex/blob/main/license.txt
  info: System.Net.Http.HttpClient.NoLoggingHandler.ClientHandler[100]
        Sending HTTP request GET https://github.com/mmanela/diffplex/blob/main/license.txt
  info: System.Net.Http.HttpClient.NoLoggingHandler.ClientHandler[101]
        Received HTTP response headers after 34.3278ms - 404
  info: System.Net.Http.HttpClient.NoLoggingHandler.LogicalHandler[101]
        End processing HTTP request after 34.3722ms - 404
  info: System.Net.Http.HttpClient.NoLoggingHandler.LogicalHandler[100]
        Start processing HTTP request GET https://github.com/dotnet/sourcelink/blob/main/license.txt
  info: System.Net.Http.HttpClient.NoLoggingHandler.ClientHandler[100]
        Sending HTTP request GET https://github.com/dotnet/sourcelink/blob/main/license.txt
  info: System.Net.Http.HttpClient.NoLoggingHandler.ClientHandler[101]
        Received HTTP response headers after 34.1162ms - 404
  info: System.Net.Http.HttpClient.NoLoggingHandler.LogicalHandler[101]
        End processing HTTP request after 34.1426ms - 404
  info: System.Net.Http.HttpClient.NoLoggingHandler.LogicalHandler[100]
        Start processing HTTP request GET https://github.com/dotnet/sourcelink/blob/main/license
  info: System.Net.Http.HttpClient.NoLoggingHandler.ClientHandler[100]
        Sending HTTP request GET https://github.com/dotnet/sourcelink/blob/main/license
  info: System.Net.Http.HttpClient.NoLoggingHandler.ClientHandler[101]
        Received HTTP response headers after 35.9727ms - 404
  info: System.Net.Http.HttpClient.NoLoggingHandler.LogicalHandler[101]
        End processing HTTP request after 35.9924ms - 404
  info: System.Net.Http.HttpClient.NoLoggingHandler.LogicalHandler[100]
        Start processing HTTP request GET https://github.com/dotnet/sourcelink/blob/main/LICENSE.txt
  info: System.Net.Http.HttpClient.NoLoggingHandler.ClientHandler[100]
        Sending HTTP request GET https://github.com/dotnet/sourcelink/blob/main/LICENSE.txt
  info: System.Net.Http.HttpClient.NoLoggingHandler.ClientHandler[101]
        Received HTTP response headers after 34.354ms - 404
  info: System.Net.Http.HttpClient.NoLoggingHandler.LogicalHandler[101]
        End processing HTTP request after 34.3878ms - 404
  info: System.Net.Http.HttpClient.NoLoggingHandler.LogicalHandler[100]
        Start processing HTTP request GET https://github.com/mmanela/diffplex/blob/main/License
  info: System.Net.Http.HttpClient.NoLoggingHandler.ClientHandler[100]
        Sending HTTP request GET https://github.com/mmanela/diffplex/blob/main/License
  info: System.Net.Http.HttpClient.NoLoggingHandler.ClientHandler[101]
        Received HTTP response headers after 34.4403ms - 404
  info: System.Net.Http.HttpClient.NoLoggingHandler.LogicalHandler[101]
        End processing HTTP request after 34.4709ms - 404
  info: System.Net.Http.HttpClient.NoLoggingHandler.ClientHandler[101]
        Received HTTP response headers after 34.3234ms - 404
  info: System.Net.Http.HttpClient.NoLoggingHandler.LogicalHandler[101]
        End processing HTTP request after 34.3436ms - 404
  info: System.Net.Http.HttpClient.NoLoggingHandler.LogicalHandler[100]
        Start processing HTTP request GET https://github.com/dotnet/sourcelink/blob/main/License
  info: System.Net.Http.HttpClient.NoLoggingHandler.ClientHandler[100]
        Sending HTTP request GET https://github.com/dotnet/sourcelink/blob/main/License
  info: System.Net.Http.HttpClient.NoLoggingHandler.LogicalHandler[100]
        Start processing HTTP request GET https://github.com/dotnet/sourcelink/blob/main/license.md
  info: System.Net.Http.HttpClient.NoLoggingHandler.ClientHandler[100]
        Sending HTTP request GET https://github.com/dotnet/sourcelink/blob/main/license.md
  info: System.Net.Http.HttpClient.NoLoggingHandler.ClientHandler[101]
        Received HTTP response headers after 36.1873ms - 404
  info: System.Net.Http.HttpClient.NoLoggingHandler.LogicalHandler[101]
        End processing HTTP request after 36.216ms - 404
  info: System.Net.Http.HttpClient.NoLoggingHandler.LogicalHandler[100]
        Start processing HTTP request GET https://github.com/dotnet/sourcelink/blob/main/license
  info: System.Net.Http.HttpClient.NoLoggingHandler.ClientHandler[100]
        Sending HTTP request GET https://github.com/dotnet/sourcelink/blob/main/license
  info: System.Net.Http.HttpClient.NoLoggingHandler.ClientHandler[101]
        Received HTTP response headers after 34.5337ms - 404
  info: System.Net.Http.HttpClient.NoLoggingHandler.LogicalHandler[101]
        End processing HTTP request after 34.5659ms - 404
  info: System.Net.Http.HttpClient.NoLoggingHandler.LogicalHandler[100]
        Start processing HTTP request GET https://github.com/mmanela/diffplex/blob/main/License.md
  info: System.Net.Http.HttpClient.NoLoggingHandler.ClientHandler[100]
        Sending HTTP request GET https://github.com/mmanela/diffplex/blob/main/License.md
  info: System.Net.Http.HttpClient.NoLoggingHandler.ClientHandler[101]
        Received HTTP response headers after 34.6021ms - 404
  info: System.Net.Http.HttpClient.NoLoggingHandler.LogicalHandler[101]
        End processing HTTP request after 34.6372ms - 404
  info: System.Net.Http.HttpClient.NoLoggingHandler.LogicalHandler[100]
        Start processing HTTP request GET https://github.com/dotnet/sourcelink/blob/main/License.md
  info: System.Net.Http.HttpClient.NoLoggingHandler.ClientHandler[100]
        Sending HTTP request GET https://github.com/dotnet/sourcelink/blob/main/License.md
  info: System.Net.Http.HttpClient.NoLoggingHandler.ClientHandler[101]
        Received HTTP response headers after 34.2575ms - 404
  info: System.Net.Http.HttpClient.NoLoggingHandler.LogicalHandler[101]
        End processing HTTP request after 34.2833ms - 404
  info: System.Net.Http.HttpClient.NoLoggingHandler.LogicalHandler[100]
        Start processing HTTP request GET https://github.com/dotnet/sourcelink/blob/main/license.txt
  info: System.Net.Http.HttpClient.NoLoggingHandler.ClientHandler[100]
        Sending HTTP request GET https://github.com/dotnet/sourcelink/blob/main/license.txt
  info: System.Net.Http.HttpClient.NoLoggingHandler.ClientHandler[101]
        Received HTTP response headers after 35.5715ms - 404
  info: System.Net.Http.HttpClient.NoLoggingHandler.LogicalHandler[101]
        End processing HTTP request after 35.5951ms - 404
  info: System.Net.Http.HttpClient.NoLoggingHandler.LogicalHandler[100]
        Start processing HTTP request GET https://github.com/dotnet/sourcelink/blob/main/license.md
  info: System.Net.Http.HttpClient.NoLoggingHandler.ClientHandler[100]
        Sending HTTP request GET https://github.com/dotnet/sourcelink/blob/main/license.md
  info: System.Net.Http.HttpClient.NoLoggingHandler.ClientHandler[101]
        Received HTTP response headers after 33.3687ms - 404
  info: System.Net.Http.HttpClient.NoLoggingHandler.LogicalHandler[101]
        End processing HTTP request after 33.3977ms - 404
  info: System.Net.Http.HttpClient.NoLoggingHandler.LogicalHandler[100]
        Start processing HTTP request GET https://github.com/mmanela/diffplex/blob/main/License.txt
  info: System.Net.Http.HttpClient.NoLoggingHandler.ClientHandler[100]
        Sending HTTP request GET https://github.com/mmanela/diffplex/blob/main/License.txt
  info: System.Net.Http.HttpClient.NoLoggingHandler.ClientHandler[101]
        Received HTTP response headers after 34.3473ms - 404
  info: System.Net.Http.HttpClient.NoLoggingHandler.LogicalHandler[101]
        End processing HTTP request after 34.3784ms - 404
  info: System.Net.Http.HttpClient.NoLoggingHandler.LogicalHandler[100]
        Start processing HTTP request GET https://github.com/dotnet/sourcelink/blob/main/License.txt
  info: System.Net.Http.HttpClient.NoLoggingHandler.ClientHandler[100]
        Sending HTTP request GET https://github.com/dotnet/sourcelink/blob/main/License.txt
  info: System.Net.Http.HttpClient.NoLoggingHandler.ClientHandler[101]
        Received HTTP response headers after 33.8594ms - 404
  info: System.Net.Http.HttpClient.NoLoggingHandler.LogicalHandler[101]
        End processing HTTP request after 33.8834ms - 404
  info: System.Net.Http.HttpClient.NoLoggingHandler.LogicalHandler[100]
        Start processing HTTP request GET https://github.com/dotnet/sourcelink/blob/main/License
  info: System.Net.Http.HttpClient.NoLoggingHandler.ClientHandler[100]
        Sending HTTP request GET https://github.com/dotnet/sourcelink/blob/main/License
  info: System.Net.Http.HttpClient.NoLoggingHandler.ClientHandler[101]
        Received HTTP response headers after 35.5791ms - 404
  info: System.Net.Http.HttpClient.NoLoggingHandler.LogicalHandler[101]
        End processing HTTP request after 35.6104ms - 404
  info: System.Net.Http.HttpClient.NoLoggingHandler.LogicalHandler[100]
        Start processing HTTP request GET https://github.com/dotnet/sourcelink/blob/main/license.txt
  info: System.Net.Http.HttpClient.NoLoggingHandler.ClientHandler[100]
        Sending HTTP request GET https://github.com/dotnet/sourcelink/blob/main/license.txt
  info: System.Net.Http.HttpClient.NoLoggingHandler.ClientHandler[101]
        Received HTTP response headers after 34.5435ms - 404
  info: System.Net.Http.HttpClient.NoLoggingHandler.LogicalHandler[101]
        End processing HTTP request after 34.5711ms - 404
  info: System.Net.Http.HttpClient.NoLoggingHandler.LogicalHandler[100]
        Start processing HTTP request GET https://github.com/mmanela/diffplex/blob/main/LICENSE.TXT
  info: System.Net.Http.HttpClient.NoLoggingHandler.ClientHandler[100]
        Sending HTTP request GET https://github.com/mmanela/diffplex/blob/main/LICENSE.TXT
  info: System.Net.Http.HttpClient.NoLoggingHandler.ClientHandler[101]
        Received HTTP response headers after 34.4297ms - 200
  info: System.Net.Http.HttpClient.NoLoggingHandler.LogicalHandler[101]
        End processing HTTP request after 34.463ms - 200
  info: System.Net.Http.HttpClient.NoLoggingHandler.ClientHandler[101]
        Received HTTP response headers after 34.8345ms - 404
  info: System.Net.Http.HttpClient.NoLoggingHandler.LogicalHandler[101]
        End processing HTTP request after 34.8497ms - 404
  info: System.Net.Http.HttpClient.Default.LogicalHandler[100]
        Start processing HTTP request GET https://raw.githubusercontent.com/dotnet/sourcelink/main/License.txt
  info: System.Net.Http.HttpClient.Default.ClientHandler[100]
        Sending HTTP request GET https://raw.githubusercontent.com/dotnet/sourcelink/main/License.txt
  info: System.Net.Http.HttpClient.NoLoggingHandler.LogicalHandler[100]
        Start processing HTTP request GET https://github.com/dotnet/sourcelink/blob/main/License.md
  info: System.Net.Http.HttpClient.NoLoggingHandler.ClientHandler[100]
        Sending HTTP request GET https://github.com/dotnet/sourcelink/blob/main/License.md
  info: System.Net.Http.HttpClient.NoLoggingHandler.ClientHandler[101]
        Received HTTP response headers after 35.7738ms - 404
  info: System.Net.Http.HttpClient.NoLoggingHandler.LogicalHandler[101]
        End processing HTTP request after 35.8019ms - 404
  info: System.Net.Http.HttpClient.NoLoggingHandler.LogicalHandler[100]
        Start processing HTTP request GET https://github.com/dotnet/sourcelink/blob/main/License
  info: System.Net.Http.HttpClient.NoLoggingHandler.ClientHandler[100]
        Sending HTTP request GET https://github.com/dotnet/sourcelink/blob/main/License
  info: System.Net.Http.HttpClient.NoLoggingHandler.ClientHandler[101]
        Received HTTP response headers after 33.9099ms - 404
  info: System.Net.Http.HttpClient.NoLoggingHandler.LogicalHandler[101]
        End processing HTTP request after 33.9439ms - 404
  info: System.Net.Http.HttpClient.NoLoggingHandler.LogicalHandler[100]
        Start processing HTTP request GET https://github.com/mmanela/diffplex/blob/master/LICENSE
  info: System.Net.Http.HttpClient.NoLoggingHandler.ClientHandler[100]
        Sending HTTP request GET https://github.com/mmanela/diffplex/blob/master/LICENSE
  info: System.Net.Http.HttpClient.Default.ClientHandler[101]
        Received HTTP response headers after 25.9161ms - 200
  info: System.Net.Http.HttpClient.Default.LogicalHandler[101]
        End processing HTTP request after 25.958ms - 200
  info: System.Net.Http.HttpClient.NoLoggingHandler.ClientHandler[101]
        Received HTTP response headers after 34.9005ms - 404
  info: System.Net.Http.HttpClient.NoLoggingHandler.LogicalHandler[101]
        End processing HTTP request after 34.9401ms - 404
  info: System.Net.Http.HttpClient.NoLoggingHandler.LogicalHandler[100]
        Start processing HTTP request GET https://github.com/dotnet/sourcelink/blob/main/License.txt
  info: System.Net.Http.HttpClient.NoLoggingHandler.ClientHandler[100]
        Sending HTTP request GET https://github.com/dotnet/sourcelink/blob/main/License.txt
  info: System.Net.Http.HttpClient.NoLoggingHandler.ClientHandler[101]
        Received HTTP response headers after 35.846ms - 404
  info: System.Net.Http.HttpClient.NoLoggingHandler.LogicalHandler[101]
        End processing HTTP request after 35.8895ms - 404
  info: System.Net.Http.HttpClient.NoLoggingHandler.ClientHandler[101]
        Received HTTP response headers after 34.9656ms - 404
  info: System.Net.Http.HttpClient.NoLoggingHandler.LogicalHandler[100]
        Start processing HTTP request GET https://github.com/dotnet/sourcelink/blob/main/License.md
  info: System.Net.Http.HttpClient.NoLoggingHandler.ClientHandler[100]
        Sending HTTP request GET https://github.com/dotnet/sourcelink/blob/main/License.md
  info: System.Net.Http.HttpClient.NoLoggingHandler.LogicalHandler[101]
        End processing HTTP request after 34.999ms - 404
  info: System.Net.Http.HttpClient.NoLoggingHandler.LogicalHandler[100]
        Start processing HTTP request GET https://github.com/mmanela/diffplex/blob/master/LICENSE.md
  info: System.Net.Http.HttpClient.NoLoggingHandler.ClientHandler[100]
        Sending HTTP request GET https://github.com/mmanela/diffplex/blob/master/LICENSE.md
  info: System.Net.Http.HttpClient.NoLoggingHandler.ClientHandler[101]
        Received HTTP response headers after 34.5124ms - 200
  info: System.Net.Http.HttpClient.NoLoggingHandler.LogicalHandler[101]
        End processing HTTP request after 34.5531ms - 200
  info: System.Net.Http.HttpClient.Default.LogicalHandler[100]
        Start processing HTTP request GET https://raw.githubusercontent.com/dotnet/sourcelink/main/License.txt
  info: System.Net.Http.HttpClient.Default.ClientHandler[100]
        Sending HTTP request GET https://raw.githubusercontent.com/dotnet/sourcelink/main/License.txt
  info: System.Net.Http.HttpClient.NoLoggingHandler.ClientHandler[101]
        Received HTTP response headers after 35.9426ms - 404
  info: System.Net.Http.HttpClient.NoLoggingHandler.LogicalHandler[101]
        End processing HTTP request after 35.9851ms - 404
  info: System.Net.Http.HttpClient.NoLoggingHandler.ClientHandler[101]
        Received HTTP response headers after 34.4195ms - 404
  info: System.Net.Http.HttpClient.NoLoggingHandler.LogicalHandler[101]
        End processing HTTP request after 34.4534ms - 404
  info: System.Net.Http.HttpClient.NoLoggingHandler.LogicalHandler[100]
        Start processing HTTP request GET https://github.com/dotnet/sourcelink/blob/main/License.txt
  info: System.Net.Http.HttpClient.NoLoggingHandler.ClientHandler[100]
        Sending HTTP request GET https://github.com/dotnet/sourcelink/blob/main/License.txt
  info: System.Net.Http.HttpClient.NoLoggingHandler.LogicalHandler[100]
        Start processing HTTP request GET https://github.com/mmanela/diffplex/blob/master/LICENSE.txt
  info: System.Net.Http.HttpClient.NoLoggingHandler.ClientHandler[100]
        Sending HTTP request GET https://github.com/mmanela/diffplex/blob/master/LICENSE.txt
  info: System.Net.Http.HttpClient.Default.ClientHandler[101]
        Received HTTP response headers after 25.945ms - 200
  info: System.Net.Http.HttpClient.Default.LogicalHandler[101]
        End processing HTTP request after 25.9906ms - 200
  info: System.Net.Http.HttpClient.NoLoggingHandler.ClientHandler[101]
        Received HTTP response headers after 34.5436ms - 200
  info: System.Net.Http.HttpClient.NoLoggingHandler.LogicalHandler[101]
        End processing HTTP request after 34.6031ms - 200
  info: System.Net.Http.HttpClient.NoLoggingHandler.ClientHandler[101]
        Received HTTP response headers after 36.3347ms - 404
  info: System.Net.Http.HttpClient.NoLoggingHandler.LogicalHandler[101]
        End processing HTTP request after 36.3619ms - 404
  info: System.Net.Http.HttpClient.Default.LogicalHandler[100]
        Start processing HTTP request GET https://raw.githubusercontent.com/dotnet/sourcelink/main/License.txt
  info: System.Net.Http.HttpClient.Default.ClientHandler[100]
        Sending HTTP request GET https://raw.githubusercontent.com/dotnet/sourcelink/main/License.txt
  info: System.Net.Http.HttpClient.NoLoggingHandler.LogicalHandler[100]
        Start processing HTTP request GET https://github.com/mmanela/diffplex/blob/master/license
  info: System.Net.Http.HttpClient.NoLoggingHandler.ClientHandler[100]
        Sending HTTP request GET https://github.com/mmanela/diffplex/blob/master/license
  info: System.Net.Http.HttpClient.Default.ClientHandler[101]
        Received HTTP response headers after 25.944ms - 200
  info: System.Net.Http.HttpClient.Default.LogicalHandler[101]
        End processing HTTP request after 25.9816ms - 200
  info: System.Net.Http.HttpClient.NoLoggingHandler.ClientHandler[101]
        Received HTTP response headers after 35.7182ms - 404
  info: System.Net.Http.HttpClient.NoLoggingHandler.LogicalHandler[101]
        End processing HTTP request after 35.7652ms - 404
  info: System.Net.Http.HttpClient.NoLoggingHandler.LogicalHandler[100]
        Start processing HTTP request GET https://github.com/mmanela/diffplex/blob/master/license.md
  info: System.Net.Http.HttpClient.NoLoggingHandler.ClientHandler[100]
        Sending HTTP request GET https://github.com/mmanela/diffplex/blob/master/license.md
  info: System.Net.Http.HttpClient.NoLoggingHandler.ClientHandler[101]
        Received HTTP response headers after 36.2944ms - 404
  info: System.Net.Http.HttpClient.NoLoggingHandler.LogicalHandler[101]
        End processing HTTP request after 36.3507ms - 404
  info: System.Net.Http.HttpClient.NoLoggingHandler.LogicalHandler[100]
        Start processing HTTP request GET https://github.com/mmanela/diffplex/blob/master/license.txt
  info: System.Net.Http.HttpClient.NoLoggingHandler.ClientHandler[100]
        Sending HTTP request GET https://github.com/mmanela/diffplex/blob/master/license.txt
  info: System.Net.Http.HttpClient.NoLoggingHandler.ClientHandler[101]
        Received HTTP response headers after 36.1728ms - 404
  info: System.Net.Http.HttpClient.NoLoggingHandler.LogicalHandler[101]
        End processing HTTP request after 36.2379ms - 404
  info: System.Net.Http.HttpClient.NoLoggingHandler.LogicalHandler[100]
        Start processing HTTP request GET https://github.com/mmanela/diffplex/blob/master/License
  info: System.Net.Http.HttpClient.NoLoggingHandler.ClientHandler[100]
        Sending HTTP request GET https://github.com/mmanela/diffplex/blob/master/License
  info: System.Net.Http.HttpClient.NoLoggingHandler.ClientHandler[101]
        Received HTTP response headers after 36.083ms - 404
  info: System.Net.Http.HttpClient.NoLoggingHandler.LogicalHandler[101]
        End processing HTTP request after 36.1428ms - 404
  info: System.Net.Http.HttpClient.NoLoggingHandler.LogicalHandler[100]
        Start processing HTTP request GET https://github.com/mmanela/diffplex/blob/master/License.md
  info: System.Net.Http.HttpClient.NoLoggingHandler.ClientHandler[100]
        Sending HTTP request GET https://github.com/mmanela/diffplex/blob/master/License.md
  info: System.Net.Http.HttpClient.NoLoggingHandler.ClientHandler[101]
        Received HTTP response headers after 36.0593ms - 404
  info: System.Net.Http.HttpClient.NoLoggingHandler.LogicalHandler[101]
        End processing HTTP request after 36.1213ms - 404
  info: System.Net.Http.HttpClient.NoLoggingHandler.LogicalHandler[100]
        Start processing HTTP request GET https://github.com/mmanela/diffplex/blob/master/License.txt
  info: System.Net.Http.HttpClient.NoLoggingHandler.ClientHandler[100]
        Sending HTTP request GET https://github.com/mmanela/diffplex/blob/master/License.txt
  info: System.Net.Http.HttpClient.NoLoggingHandler.ClientHandler[101]
        Received HTTP response headers after 36.7895ms - 200
  info: System.Net.Http.HttpClient.NoLoggingHandler.LogicalHandler[101]
        End processing HTTP request after 36.8496ms - 200
  info: System.Net.Http.HttpClient.Default.LogicalHandler[100]
        Start processing HTTP request GET https://raw.githubusercontent.com/mmanela/diffplex/master/License.txt
  info: System.Net.Http.HttpClient.Default.ClientHandler[100]
        Sending HTTP request GET https://raw.githubusercontent.com/mmanela/diffplex/master/License.txt
  info: System.Net.Http.HttpClient.Default.ClientHandler[101]
        Received HTTP response headers after 26.6981ms - 200
  info: System.Net.Http.HttpClient.Default.LogicalHandler[101]
        End processing HTTP request after 26.7656ms - 200
  info: Musoq.Cloud.LicensesGatherer.LicenseGatherer[0]
        Saved 11 licenses from 11 packages
  info: Musoq.Cloud.LicensesGatherer.LicenseGatherer[0]
        License texts saved in: D:\repos\Musoq.DataSources\.builds\license-refresh\Musoq.DataSources.Search\snapshot\third-party-notices
[SNAPSHOT] package=Musoq.DataSources.Search packages=10 files=12 manifest_sha256=743c02bf4579e5275b20371c190ef4039ac92121a6bdbc5596f27975754d7f5d source=checked-in
[UPDATED] License snapshot 'Musoq.DataSources.Search'
Refreshing license snapshot: Musoq.DataSources.SeparatedValues
  info: Musoq.Cloud.LicensesGatherer.LicenseGatherer[0]
        Starting license gathering for: D:\repos\Musoq.DataSources\Musoq.DataSources.SeparatedValues\Musoq.DataSources.SeparatedValues.csproj
  info: Musoq.Cloud.LicensesGatherer.LicenseGatherer[0]
        Output folder: D:\repos\Musoq.DataSources\.builds\license-refresh\Musoq.DataSources.SeparatedValues\snapshot\third-party-notices
  info: Musoq.Cloud.LicensesGatherer.LicenseGatherer[0]
        Loaded 12 manual link overrides
  info: Musoq.Cloud.LicensesGatherer.LicenseGatherer[0]
        Loaded 0 cached links
  info: Musoq.Cloud.LicensesGatherer.LicenseGatherer[0]
        Found 10 packages to process
  info: Musoq.Cloud.LicensesGatherer.LicenseGatherer[0]
        After filtering runtime packages: 10 packages
  info: System.Net.Http.HttpClient.Default.LogicalHandler[100]
        Start processing HTTP request GET https://raw.githubusercontent.com/DanHarltey/Fastenshtein/master/LICENSE
  info: System.Net.Http.HttpClient.NoLoggingHandler.LogicalHandler[100]
        Start processing HTTP request GET https://github.com/mmanela/diffplex/blob/main/LICENSE
  info: System.Net.Http.HttpClient.Default.LogicalHandler[100]
        Start processing HTTP request GET https://raw.githubusercontent.com/dotnet/runtime/main/LICENSE.TXT
  info: System.Net.Http.HttpClient.NoLoggingHandler.LogicalHandler[100]
        Start processing HTTP request GET https://github.com/dotnet/sourcelink/blob/main/LICENSE
  info: System.Net.Http.HttpClient.Default.ClientHandler[100]
        Sending HTTP request GET https://raw.githubusercontent.com/dotnet/runtime/main/LICENSE.TXT
  info: System.Net.Http.HttpClient.Default.ClientHandler[100]
        Sending HTTP request GET https://raw.githubusercontent.com/DanHarltey/Fastenshtein/master/LICENSE
  info: System.Net.Http.HttpClient.NoLoggingHandler.ClientHandler[100]
        Sending HTTP request GET https://github.com/dotnet/sourcelink/blob/main/LICENSE
  info: System.Net.Http.HttpClient.NoLoggingHandler.ClientHandler[100]
        Sending HTTP request GET https://github.com/mmanela/diffplex/blob/main/LICENSE
  info: System.Net.Http.HttpClient.Default.ClientHandler[101]
        Received HTTP response headers after 110.2938ms - 200
  info: System.Net.Http.HttpClient.Default.ClientHandler[101]
        Received HTTP response headers after 109.5776ms - 200
  info: System.Net.Http.HttpClient.Default.LogicalHandler[101]
        End processing HTTP request after 116.5551ms - 200
  info: System.Net.Http.HttpClient.Default.LogicalHandler[101]
        End processing HTTP request after 116.5673ms - 200
  info: System.Net.Http.HttpClient.Default.LogicalHandler[100]
        Start processing HTTP request GET https://raw.githubusercontent.com/dotnet/runtime/main/LICENSE.TXT
  info: System.Net.Http.HttpClient.Default.ClientHandler[100]
        Sending HTTP request GET https://raw.githubusercontent.com/dotnet/runtime/main/LICENSE.TXT
  info: System.Net.Http.HttpClient.NoLoggingHandler.LogicalHandler[100]
        Start processing HTTP request GET https://github.com/dotnet/sourcelink/blob/main/LICENSE
  info: System.Net.Http.HttpClient.NoLoggingHandler.ClientHandler[100]
        Sending HTTP request GET https://github.com/dotnet/sourcelink/blob/main/LICENSE
  info: System.Net.Http.HttpClient.NoLoggingHandler.ClientHandler[101]
        Received HTTP response headers after 119.4987ms - 404
  info: System.Net.Http.HttpClient.NoLoggingHandler.ClientHandler[101]
        Received HTTP response headers after 119.5051ms - 404
  info: System.Net.Http.HttpClient.NoLoggingHandler.LogicalHandler[101]
        End processing HTTP request after 123.1278ms - 404
  info: System.Net.Http.HttpClient.NoLoggingHandler.LogicalHandler[101]
        End processing HTTP request after 123.1342ms - 404
  info: System.Net.Http.HttpClient.Default.ClientHandler[101]
        Received HTTP response headers after 25.7707ms - 200
  info: System.Net.Http.HttpClient.Default.LogicalHandler[101]
        End processing HTTP request after 25.8628ms - 200
  info: System.Net.Http.HttpClient.NoLoggingHandler.LogicalHandler[100]
        Start processing HTTP request GET https://github.com/dotnet/sourcelink/blob/main/LICENSE
  info: System.Net.Http.HttpClient.NoLoggingHandler.ClientHandler[100]
        Sending HTTP request GET https://github.com/dotnet/sourcelink/blob/main/LICENSE
  info: System.Net.Http.HttpClient.NoLoggingHandler.LogicalHandler[100]
        Start processing HTTP request GET https://github.com/dotnet/sourcelink/blob/main/LICENSE.md
  info: System.Net.Http.HttpClient.NoLoggingHandler.ClientHandler[100]
        Sending HTTP request GET https://github.com/dotnet/sourcelink/blob/main/LICENSE.md
  info: System.Net.Http.HttpClient.NoLoggingHandler.LogicalHandler[100]
        Start processing HTTP request GET https://github.com/mmanela/diffplex/blob/main/LICENSE.md
  info: System.Net.Http.HttpClient.NoLoggingHandler.ClientHandler[100]
        Sending HTTP request GET https://github.com/mmanela/diffplex/blob/main/LICENSE.md
  info: System.Net.Http.HttpClient.NoLoggingHandler.ClientHandler[101]
        Received HTTP response headers after 99.6404ms - 404
  info: System.Net.Http.HttpClient.NoLoggingHandler.LogicalHandler[101]
        End processing HTTP request after 99.693ms - 404
  info: System.Net.Http.HttpClient.NoLoggingHandler.LogicalHandler[100]
        Start processing HTTP request GET https://github.com/dotnet/sourcelink/blob/main/LICENSE.md
  info: System.Net.Http.HttpClient.NoLoggingHandler.ClientHandler[100]
        Sending HTTP request GET https://github.com/dotnet/sourcelink/blob/main/LICENSE.md
  info: System.Net.Http.HttpClient.NoLoggingHandler.ClientHandler[101]
        Received HTTP response headers after 31.4122ms - 404
  info: System.Net.Http.HttpClient.NoLoggingHandler.LogicalHandler[101]
        End processing HTTP request after 31.475ms - 404
  info: System.Net.Http.HttpClient.NoLoggingHandler.LogicalHandler[100]
        Start processing HTTP request GET https://github.com/dotnet/sourcelink/blob/main/LICENSE.txt
  info: System.Net.Http.HttpClient.NoLoggingHandler.ClientHandler[100]
        Sending HTTP request GET https://github.com/dotnet/sourcelink/blob/main/LICENSE.txt
  info: System.Net.Http.HttpClient.NoLoggingHandler.ClientHandler[101]
        Received HTTP response headers after 79.6047ms - 404
  info: System.Net.Http.HttpClient.NoLoggingHandler.LogicalHandler[101]
        End processing HTTP request after 79.663ms - 404
  info: System.Net.Http.HttpClient.NoLoggingHandler.ClientHandler[101]
        Received HTTP response headers after 27.7074ms - 404
  info: System.Net.Http.HttpClient.NoLoggingHandler.LogicalHandler[101]
        End processing HTTP request after 27.7781ms - 404
  info: System.Net.Http.HttpClient.NoLoggingHandler.LogicalHandler[100]
        Start processing HTTP request GET https://github.com/dotnet/sourcelink/blob/main/LICENSE.txt
  info: System.Net.Http.HttpClient.NoLoggingHandler.ClientHandler[100]
        Sending HTTP request GET https://github.com/dotnet/sourcelink/blob/main/LICENSE.txt
  info: System.Net.Http.HttpClient.NoLoggingHandler.ClientHandler[101]
        Received HTTP response headers after 29.1064ms - 404
  info: System.Net.Http.HttpClient.NoLoggingHandler.LogicalHandler[101]
        End processing HTTP request after 29.1438ms - 404
  info: System.Net.Http.HttpClient.NoLoggingHandler.LogicalHandler[100]
        Start processing HTTP request GET https://github.com/dotnet/sourcelink/blob/main/license
  info: System.Net.Http.HttpClient.NoLoggingHandler.ClientHandler[100]
        Sending HTTP request GET https://github.com/dotnet/sourcelink/blob/main/license
  info: System.Net.Http.HttpClient.NoLoggingHandler.ClientHandler[101]
        Received HTTP response headers after 60.9779ms - 404
  info: System.Net.Http.HttpClient.NoLoggingHandler.LogicalHandler[101]
        End processing HTTP request after 61.0183ms - 404
  info: System.Net.Http.HttpClient.NoLoggingHandler.ClientHandler[101]
        Received HTTP response headers after 28.0396ms - 404
  info: System.Net.Http.HttpClient.NoLoggingHandler.LogicalHandler[101]
        End processing HTTP request after 28.1002ms - 404
  info: System.Net.Http.HttpClient.NoLoggingHandler.LogicalHandler[100]
        Start processing HTTP request GET https://github.com/dotnet/sourcelink/blob/main/license
  info: System.Net.Http.HttpClient.NoLoggingHandler.ClientHandler[100]
        Sending HTTP request GET https://github.com/dotnet/sourcelink/blob/main/license
  info: System.Net.Http.HttpClient.NoLoggingHandler.ClientHandler[101]
        Received HTTP response headers after 29.0364ms - 404
  info: System.Net.Http.HttpClient.NoLoggingHandler.LogicalHandler[101]
        End processing HTTP request after 29.078ms - 404
  info: System.Net.Http.HttpClient.NoLoggingHandler.LogicalHandler[100]
        Start processing HTTP request GET https://github.com/dotnet/sourcelink/blob/main/license.md
  info: System.Net.Http.HttpClient.NoLoggingHandler.ClientHandler[100]
        Sending HTTP request GET https://github.com/dotnet/sourcelink/blob/main/license.md
  info: System.Net.Http.HttpClient.NoLoggingHandler.ClientHandler[101]
        Received HTTP response headers after 28.1694ms - 404
  info: System.Net.Http.HttpClient.NoLoggingHandler.LogicalHandler[101]
        End processing HTTP request after 28.243ms - 404
  info: System.Net.Http.HttpClient.NoLoggingHandler.LogicalHandler[100]
        Start processing HTTP request GET https://github.com/dotnet/sourcelink/blob/main/license.md
  info: System.Net.Http.HttpClient.NoLoggingHandler.ClientHandler[100]
        Sending HTTP request GET https://github.com/dotnet/sourcelink/blob/main/license.md
  info: System.Net.Http.HttpClient.NoLoggingHandler.ClientHandler[101]
        Received HTTP response headers after 28.8248ms - 404
  info: System.Net.Http.HttpClient.NoLoggingHandler.LogicalHandler[101]
        End processing HTTP request after 28.8669ms - 404
  info: System.Net.Http.HttpClient.NoLoggingHandler.LogicalHandler[100]
        Start processing HTTP request GET https://github.com/dotnet/sourcelink/blob/main/license.txt
  info: System.Net.Http.HttpClient.NoLoggingHandler.ClientHandler[100]
        Sending HTTP request GET https://github.com/dotnet/sourcelink/blob/main/license.txt
  info: System.Net.Http.HttpClient.NoLoggingHandler.LogicalHandler[100]
        Start processing HTTP request GET https://github.com/dotnet/sourcelink/blob/main/LICENSE.md
  info: System.Net.Http.HttpClient.NoLoggingHandler.ClientHandler[100]
        Sending HTTP request GET https://github.com/dotnet/sourcelink/blob/main/LICENSE.md
  info: System.Net.Http.HttpClient.NoLoggingHandler.ClientHandler[101]
        Received HTTP response headers after 28.5156ms - 404
  info: System.Net.Http.HttpClient.NoLoggingHandler.LogicalHandler[101]
        End processing HTTP request after 28.5614ms - 404
  info: System.Net.Http.HttpClient.NoLoggingHandler.LogicalHandler[100]
        Start processing HTTP request GET https://github.com/dotnet/sourcelink/blob/main/license.txt
  info: System.Net.Http.HttpClient.NoLoggingHandler.ClientHandler[100]
        Sending HTTP request GET https://github.com/dotnet/sourcelink/blob/main/license.txt
  info: System.Net.Http.HttpClient.NoLoggingHandler.ClientHandler[101]
        Received HTTP response headers after 28.7519ms - 404
  info: System.Net.Http.HttpClient.NoLoggingHandler.LogicalHandler[101]
        End processing HTTP request after 28.7803ms - 404
  info: System.Net.Http.HttpClient.NoLoggingHandler.LogicalHandler[100]
        Start processing HTTP request GET https://github.com/dotnet/sourcelink/blob/main/License
  info: System.Net.Http.HttpClient.NoLoggingHandler.ClientHandler[100]
        Sending HTTP request GET https://github.com/dotnet/sourcelink/blob/main/License
  info: System.Net.Http.HttpClient.NoLoggingHandler.LogicalHandler[100]
        Start processing HTTP request GET https://github.com/mmanela/diffplex/blob/main/LICENSE.txt
  info: System.Net.Http.HttpClient.NoLoggingHandler.ClientHandler[100]
        Sending HTTP request GET https://github.com/mmanela/diffplex/blob/main/LICENSE.txt
  info: System.Net.Http.HttpClient.NoLoggingHandler.ClientHandler[101]
        Received HTTP response headers after 36.0466ms - 404
  info: System.Net.Http.HttpClient.NoLoggingHandler.LogicalHandler[101]
        End processing HTTP request after 36.0871ms - 404
  info: System.Net.Http.HttpClient.NoLoggingHandler.LogicalHandler[100]
        Start processing HTTP request GET https://github.com/dotnet/sourcelink/blob/main/LICENSE.txt
  info: System.Net.Http.HttpClient.NoLoggingHandler.ClientHandler[100]
        Sending HTTP request GET https://github.com/dotnet/sourcelink/blob/main/LICENSE.txt
  info: System.Net.Http.HttpClient.NoLoggingHandler.ClientHandler[101]
        Received HTTP response headers after 28.1997ms - 404
  info: System.Net.Http.HttpClient.NoLoggingHandler.LogicalHandler[101]
        End processing HTTP request after 28.2373ms - 404
  info: System.Net.Http.HttpClient.NoLoggingHandler.LogicalHandler[100]
        Start processing HTTP request GET https://github.com/dotnet/sourcelink/blob/main/License
  info: System.Net.Http.HttpClient.NoLoggingHandler.ClientHandler[100]
        Sending HTTP request GET https://github.com/dotnet/sourcelink/blob/main/License
  info: System.Net.Http.HttpClient.NoLoggingHandler.ClientHandler[101]
        Received HTTP response headers after 28.7397ms - 404
  info: System.Net.Http.HttpClient.NoLoggingHandler.LogicalHandler[101]
        End processing HTTP request after 28.7662ms - 404
  info: System.Net.Http.HttpClient.NoLoggingHandler.LogicalHandler[100]
        Start processing HTTP request GET https://github.com/dotnet/sourcelink/blob/main/License.md
  info: System.Net.Http.HttpClient.NoLoggingHandler.ClientHandler[100]
        Sending HTTP request GET https://github.com/dotnet/sourcelink/blob/main/License.md
  info: System.Net.Http.HttpClient.NoLoggingHandler.ClientHandler[101]
        Received HTTP response headers after 35.4254ms - 404
  info: System.Net.Http.HttpClient.NoLoggingHandler.LogicalHandler[101]
        End processing HTTP request after 35.4574ms - 404
  info: System.Net.Http.HttpClient.NoLoggingHandler.LogicalHandler[100]
        Start processing HTTP request GET https://github.com/mmanela/diffplex/blob/main/license
  info: System.Net.Http.HttpClient.NoLoggingHandler.ClientHandler[100]
        Sending HTTP request GET https://github.com/mmanela/diffplex/blob/main/license
  info: System.Net.Http.HttpClient.NoLoggingHandler.ClientHandler[101]
        Received HTTP response headers after 28.2404ms - 404
  info: System.Net.Http.HttpClient.NoLoggingHandler.LogicalHandler[101]
        End processing HTTP request after 28.2797ms - 404
  info: System.Net.Http.HttpClient.NoLoggingHandler.LogicalHandler[100]
        Start processing HTTP request GET https://github.com/dotnet/sourcelink/blob/main/License.md
  info: System.Net.Http.HttpClient.NoLoggingHandler.ClientHandler[100]
        Sending HTTP request GET https://github.com/dotnet/sourcelink/blob/main/License.md
  info: System.Net.Http.HttpClient.NoLoggingHandler.ClientHandler[101]
        Received HTTP response headers after 35.7759ms - 404
  info: System.Net.Http.HttpClient.NoLoggingHandler.LogicalHandler[101]
        End processing HTTP request after 35.8241ms - 404
  info: System.Net.Http.HttpClient.NoLoggingHandler.LogicalHandler[100]
        Start processing HTTP request GET https://github.com/dotnet/sourcelink/blob/main/license
  info: System.Net.Http.HttpClient.NoLoggingHandler.ClientHandler[100]
        Sending HTTP request GET https://github.com/dotnet/sourcelink/blob/main/license
  info: System.Net.Http.HttpClient.NoLoggingHandler.ClientHandler[101]
        Received HTTP response headers after 28.9298ms - 404
  info: System.Net.Http.HttpClient.NoLoggingHandler.LogicalHandler[101]
        End processing HTTP request after 28.9615ms - 404
  info: System.Net.Http.HttpClient.NoLoggingHandler.LogicalHandler[100]
        Start processing HTTP request GET https://github.com/dotnet/sourcelink/blob/main/License.txt
  info: System.Net.Http.HttpClient.NoLoggingHandler.ClientHandler[100]
        Sending HTTP request GET https://github.com/dotnet/sourcelink/blob/main/License.txt
  info: System.Net.Http.HttpClient.NoLoggingHandler.ClientHandler[101]
        Received HTTP response headers after 28.2981ms - 404
  info: System.Net.Http.HttpClient.NoLoggingHandler.LogicalHandler[101]
        End processing HTTP request after 28.3312ms - 404
  info: System.Net.Http.HttpClient.NoLoggingHandler.LogicalHandler[100]
        Start processing HTTP request GET https://github.com/dotnet/sourcelink/blob/main/License.txt
  info: System.Net.Http.HttpClient.NoLoggingHandler.ClientHandler[100]
        Sending HTTP request GET https://github.com/dotnet/sourcelink/blob/main/License.txt
  info: System.Net.Http.HttpClient.NoLoggingHandler.ClientHandler[101]
        Received HTTP response headers after 39.0776ms - 404
  info: System.Net.Http.HttpClient.NoLoggingHandler.LogicalHandler[101]
        End processing HTTP request after 39.1101ms - 404
  info: System.Net.Http.HttpClient.NoLoggingHandler.LogicalHandler[100]
        Start processing HTTP request GET https://github.com/mmanela/diffplex/blob/main/license.md
  info: System.Net.Http.HttpClient.NoLoggingHandler.ClientHandler[100]
        Sending HTTP request GET https://github.com/mmanela/diffplex/blob/main/license.md
  info: System.Net.Http.HttpClient.NoLoggingHandler.ClientHandler[101]
        Received HTTP response headers after 35.5624ms - 404
  info: System.Net.Http.HttpClient.NoLoggingHandler.LogicalHandler[101]
        End processing HTTP request after 35.5996ms - 404
  info: System.Net.Http.HttpClient.NoLoggingHandler.LogicalHandler[100]
        Start processing HTTP request GET https://github.com/dotnet/sourcelink/blob/main/license.md
  info: System.Net.Http.HttpClient.NoLoggingHandler.ClientHandler[100]
        Sending HTTP request GET https://github.com/dotnet/sourcelink/blob/main/license.md
  info: System.Net.Http.HttpClient.NoLoggingHandler.ClientHandler[101]
        Received HTTP response headers after 29.2936ms - 200
  info: System.Net.Http.HttpClient.NoLoggingHandler.LogicalHandler[101]
        End processing HTTP request after 29.326ms - 200
  info: System.Net.Http.HttpClient.Default.LogicalHandler[100]
        Start processing HTTP request GET https://raw.githubusercontent.com/dotnet/sourcelink/main/License.txt
  info: System.Net.Http.HttpClient.Default.ClientHandler[100]
        Sending HTTP request GET https://raw.githubusercontent.com/dotnet/sourcelink/main/License.txt
  info: System.Net.Http.HttpClient.NoLoggingHandler.ClientHandler[101]
        Received HTTP response headers after 27.7917ms - 200
  info: System.Net.Http.HttpClient.NoLoggingHandler.LogicalHandler[101]
        End processing HTTP request after 27.8253ms - 200
  info: System.Net.Http.HttpClient.Default.LogicalHandler[100]
        Start processing HTTP request GET https://raw.githubusercontent.com/dotnet/sourcelink/main/License.txt
  info: System.Net.Http.HttpClient.Default.ClientHandler[100]
        Sending HTTP request GET https://raw.githubusercontent.com/dotnet/sourcelink/main/License.txt
  info: System.Net.Http.HttpClient.Default.ClientHandler[101]
        Received HTTP response headers after 25.104ms - 200
  info: System.Net.Http.HttpClient.Default.LogicalHandler[101]
        End processing HTTP request after 25.1408ms - 200
  info: System.Net.Http.HttpClient.NoLoggingHandler.ClientHandler[101]
        Received HTTP response headers after 35.5575ms - 404
  info: System.Net.Http.HttpClient.NoLoggingHandler.LogicalHandler[101]
        End processing HTTP request after 35.5924ms - 404
  info: System.Net.Http.HttpClient.NoLoggingHandler.LogicalHandler[100]
        Start processing HTTP request GET https://github.com/mmanela/diffplex/blob/main/license.txt
  info: System.Net.Http.HttpClient.NoLoggingHandler.ClientHandler[100]
        Sending HTTP request GET https://github.com/mmanela/diffplex/blob/main/license.txt
  info: System.Net.Http.HttpClient.NoLoggingHandler.ClientHandler[101]
        Received HTTP response headers after 35.598ms - 404
  info: System.Net.Http.HttpClient.NoLoggingHandler.LogicalHandler[101]
        End processing HTTP request after 35.6283ms - 404
  info: System.Net.Http.HttpClient.NoLoggingHandler.LogicalHandler[100]
        Start processing HTTP request GET https://github.com/dotnet/sourcelink/blob/main/license.txt
  info: System.Net.Http.HttpClient.NoLoggingHandler.ClientHandler[100]
        Sending HTTP request GET https://github.com/dotnet/sourcelink/blob/main/license.txt
  info: System.Net.Http.HttpClient.Default.ClientHandler[101]
        Received HTTP response headers after 21.979ms - 200
  info: System.Net.Http.HttpClient.Default.LogicalHandler[101]
        End processing HTTP request after 22.0095ms - 200
  info: System.Net.Http.HttpClient.NoLoggingHandler.ClientHandler[101]
        Received HTTP response headers after 36.0508ms - 404
  info: System.Net.Http.HttpClient.NoLoggingHandler.LogicalHandler[101]
        End processing HTTP request after 36.1142ms - 404
  info: System.Net.Http.HttpClient.NoLoggingHandler.LogicalHandler[100]
        Start processing HTTP request GET https://github.com/mmanela/diffplex/blob/main/License
  info: System.Net.Http.HttpClient.NoLoggingHandler.ClientHandler[100]
        Sending HTTP request GET https://github.com/mmanela/diffplex/blob/main/License
  info: System.Net.Http.HttpClient.NoLoggingHandler.ClientHandler[101]
        Received HTTP response headers after 34.8835ms - 404
  info: System.Net.Http.HttpClient.NoLoggingHandler.LogicalHandler[101]
        End processing HTTP request after 34.9136ms - 404
  info: System.Net.Http.HttpClient.NoLoggingHandler.LogicalHandler[100]
        Start processing HTTP request GET https://github.com/dotnet/sourcelink/blob/main/License
  info: System.Net.Http.HttpClient.NoLoggingHandler.ClientHandler[100]
        Sending HTTP request GET https://github.com/dotnet/sourcelink/blob/main/License
  info: System.Net.Http.HttpClient.NoLoggingHandler.ClientHandler[101]
        Received HTTP response headers after 35.5473ms - 404
  info: System.Net.Http.HttpClient.NoLoggingHandler.LogicalHandler[101]
        End processing HTTP request after 35.5974ms - 404
  info: System.Net.Http.HttpClient.NoLoggingHandler.LogicalHandler[100]
        Start processing HTTP request GET https://github.com/mmanela/diffplex/blob/main/License.md
  info: System.Net.Http.HttpClient.NoLoggingHandler.ClientHandler[100]
        Sending HTTP request GET https://github.com/mmanela/diffplex/blob/main/License.md
  info: System.Net.Http.HttpClient.NoLoggingHandler.ClientHandler[101]
        Received HTTP response headers after 35.1373ms - 404
  info: System.Net.Http.HttpClient.NoLoggingHandler.LogicalHandler[101]
        End processing HTTP request after 35.1708ms - 404
  info: System.Net.Http.HttpClient.NoLoggingHandler.LogicalHandler[100]
        Start processing HTTP request GET https://github.com/dotnet/sourcelink/blob/main/License.md
  info: System.Net.Http.HttpClient.NoLoggingHandler.ClientHandler[100]
        Sending HTTP request GET https://github.com/dotnet/sourcelink/blob/main/License.md
  info: System.Net.Http.HttpClient.NoLoggingHandler.ClientHandler[101]
        Received HTTP response headers after 36.6429ms - 404
  info: System.Net.Http.HttpClient.NoLoggingHandler.LogicalHandler[101]
        End processing HTTP request after 36.6869ms - 404
  info: System.Net.Http.HttpClient.NoLoggingHandler.LogicalHandler[100]
        Start processing HTTP request GET https://github.com/mmanela/diffplex/blob/main/License.txt
  info: System.Net.Http.HttpClient.NoLoggingHandler.ClientHandler[100]
        Sending HTTP request GET https://github.com/mmanela/diffplex/blob/main/License.txt
  info: System.Net.Http.HttpClient.NoLoggingHandler.ClientHandler[101]
        Received HTTP response headers after 35.3579ms - 404
  info: System.Net.Http.HttpClient.NoLoggingHandler.LogicalHandler[101]
        End processing HTTP request after 35.3898ms - 404
  info: System.Net.Http.HttpClient.NoLoggingHandler.LogicalHandler[100]
        Start processing HTTP request GET https://github.com/dotnet/sourcelink/blob/main/License.txt
  info: System.Net.Http.HttpClient.NoLoggingHandler.ClientHandler[100]
        Sending HTTP request GET https://github.com/dotnet/sourcelink/blob/main/License.txt
  info: System.Net.Http.HttpClient.NoLoggingHandler.ClientHandler[101]
        Received HTTP response headers after 35.6577ms - 404
  info: System.Net.Http.HttpClient.NoLoggingHandler.LogicalHandler[101]
        End processing HTTP request after 35.6988ms - 404
  info: System.Net.Http.HttpClient.NoLoggingHandler.LogicalHandler[100]
        Start processing HTTP request GET https://github.com/mmanela/diffplex/blob/main/LICENSE.TXT
  info: System.Net.Http.HttpClient.NoLoggingHandler.ClientHandler[100]
        Sending HTTP request GET https://github.com/mmanela/diffplex/blob/main/LICENSE.TXT
  info: System.Net.Http.HttpClient.NoLoggingHandler.ClientHandler[101]
        Received HTTP response headers after 35.8768ms - 200
  info: System.Net.Http.HttpClient.NoLoggingHandler.LogicalHandler[101]
        End processing HTTP request after 35.9129ms - 200
  info: System.Net.Http.HttpClient.Default.LogicalHandler[100]
        Start processing HTTP request GET https://raw.githubusercontent.com/dotnet/sourcelink/main/License.txt
  info: System.Net.Http.HttpClient.Default.ClientHandler[100]
        Sending HTTP request GET https://raw.githubusercontent.com/dotnet/sourcelink/main/License.txt
  info: System.Net.Http.HttpClient.Default.ClientHandler[101]
        Received HTTP response headers after 21.8532ms - 200
  info: System.Net.Http.HttpClient.Default.LogicalHandler[101]
        End processing HTTP request after 21.8998ms - 200
  info: System.Net.Http.HttpClient.NoLoggingHandler.ClientHandler[101]
        Received HTTP response headers after 35.5746ms - 404
  info: System.Net.Http.HttpClient.NoLoggingHandler.LogicalHandler[101]
        End processing HTTP request after 35.6147ms - 404
  info: System.Net.Http.HttpClient.NoLoggingHandler.LogicalHandler[100]
        Start processing HTTP request GET https://github.com/mmanela/diffplex/blob/master/LICENSE
  info: System.Net.Http.HttpClient.NoLoggingHandler.ClientHandler[100]
        Sending HTTP request GET https://github.com/mmanela/diffplex/blob/master/LICENSE
  info: System.Net.Http.HttpClient.NoLoggingHandler.ClientHandler[101]
        Received HTTP response headers after 35.5318ms - 404
  info: System.Net.Http.HttpClient.NoLoggingHandler.LogicalHandler[101]
        End processing HTTP request after 35.5923ms - 404
  info: System.Net.Http.HttpClient.NoLoggingHandler.LogicalHandler[100]
        Start processing HTTP request GET https://github.com/mmanela/diffplex/blob/master/LICENSE.md
  info: System.Net.Http.HttpClient.NoLoggingHandler.ClientHandler[100]
        Sending HTTP request GET https://github.com/mmanela/diffplex/blob/master/LICENSE.md
  info: System.Net.Http.HttpClient.NoLoggingHandler.ClientHandler[101]
        Received HTTP response headers after 35.6864ms - 404
  info: System.Net.Http.HttpClient.NoLoggingHandler.LogicalHandler[101]
        End processing HTTP request after 35.7577ms - 404
  info: System.Net.Http.HttpClient.NoLoggingHandler.LogicalHandler[100]
        Start processing HTTP request GET https://github.com/mmanela/diffplex/blob/master/LICENSE.txt
  info: System.Net.Http.HttpClient.NoLoggingHandler.ClientHandler[100]
        Sending HTTP request GET https://github.com/mmanela/diffplex/blob/master/LICENSE.txt
  info: System.Net.Http.HttpClient.NoLoggingHandler.ClientHandler[101]
        Received HTTP response headers after 35.5327ms - 404
  info: System.Net.Http.HttpClient.NoLoggingHandler.LogicalHandler[101]
        End processing HTTP request after 35.5954ms - 404
  info: System.Net.Http.HttpClient.NoLoggingHandler.LogicalHandler[100]
        Start processing HTTP request GET https://github.com/mmanela/diffplex/blob/master/license
  info: System.Net.Http.HttpClient.NoLoggingHandler.ClientHandler[100]
        Sending HTTP request GET https://github.com/mmanela/diffplex/blob/master/license
  info: System.Net.Http.HttpClient.NoLoggingHandler.ClientHandler[101]
        Received HTTP response headers after 35.9881ms - 404
  info: System.Net.Http.HttpClient.NoLoggingHandler.LogicalHandler[101]
        End processing HTTP request after 36.0459ms - 404
  info: System.Net.Http.HttpClient.NoLoggingHandler.LogicalHandler[100]
        Start processing HTTP request GET https://github.com/mmanela/diffplex/blob/master/license.md
  info: System.Net.Http.HttpClient.NoLoggingHandler.ClientHandler[100]
        Sending HTTP request GET https://github.com/mmanela/diffplex/blob/master/license.md
  info: System.Net.Http.HttpClient.NoLoggingHandler.ClientHandler[101]
        Received HTTP response headers after 36.0283ms - 404
  info: System.Net.Http.HttpClient.NoLoggingHandler.LogicalHandler[101]
        End processing HTTP request after 36.0876ms - 404
  info: System.Net.Http.HttpClient.NoLoggingHandler.LogicalHandler[100]
        Start processing HTTP request GET https://github.com/mmanela/diffplex/blob/master/license.txt
  info: System.Net.Http.HttpClient.NoLoggingHandler.ClientHandler[100]
        Sending HTTP request GET https://github.com/mmanela/diffplex/blob/master/license.txt
  info: System.Net.Http.HttpClient.NoLoggingHandler.ClientHandler[101]
        Received HTTP response headers after 35.6906ms - 404
  info: System.Net.Http.HttpClient.NoLoggingHandler.LogicalHandler[101]
        End processing HTTP request after 35.7523ms - 404
  info: System.Net.Http.HttpClient.NoLoggingHandler.LogicalHandler[100]
        Start processing HTTP request GET https://github.com/mmanela/diffplex/blob/master/License
  info: System.Net.Http.HttpClient.NoLoggingHandler.ClientHandler[100]
        Sending HTTP request GET https://github.com/mmanela/diffplex/blob/master/License
  info: System.Net.Http.HttpClient.NoLoggingHandler.ClientHandler[101]
        Received HTTP response headers after 35.6608ms - 404
  info: System.Net.Http.HttpClient.NoLoggingHandler.LogicalHandler[101]
        End processing HTTP request after 35.7024ms - 404
  info: System.Net.Http.HttpClient.NoLoggingHandler.LogicalHandler[100]
        Start processing HTTP request GET https://github.com/mmanela/diffplex/blob/master/License.md
  info: System.Net.Http.HttpClient.NoLoggingHandler.ClientHandler[100]
        Sending HTTP request GET https://github.com/mmanela/diffplex/blob/master/License.md
  info: System.Net.Http.HttpClient.NoLoggingHandler.ClientHandler[101]
        Received HTTP response headers after 35.4853ms - 404
  info: System.Net.Http.HttpClient.NoLoggingHandler.LogicalHandler[101]
        End processing HTTP request after 35.5297ms - 404
  info: System.Net.Http.HttpClient.NoLoggingHandler.LogicalHandler[100]
        Start processing HTTP request GET https://github.com/mmanela/diffplex/blob/master/License.txt
  info: System.Net.Http.HttpClient.NoLoggingHandler.ClientHandler[100]
        Sending HTTP request GET https://github.com/mmanela/diffplex/blob/master/License.txt
  info: System.Net.Http.HttpClient.NoLoggingHandler.ClientHandler[101]
        Received HTTP response headers after 35.8278ms - 200
  info: System.Net.Http.HttpClient.NoLoggingHandler.LogicalHandler[101]
        End processing HTTP request after 35.8745ms - 200
  info: System.Net.Http.HttpClient.Default.LogicalHandler[100]
        Start processing HTTP request GET https://raw.githubusercontent.com/mmanela/diffplex/master/License.txt
  info: System.Net.Http.HttpClient.Default.ClientHandler[100]
        Sending HTTP request GET https://raw.githubusercontent.com/mmanela/diffplex/master/License.txt
  info: System.Net.Http.HttpClient.Default.ClientHandler[101]
        Received HTTP response headers after 21.9379ms - 200
  info: System.Net.Http.HttpClient.Default.LogicalHandler[101]
        End processing HTTP request after 21.9808ms - 200
  info: Musoq.Cloud.LicensesGatherer.LicenseGatherer[0]
        Saved 11 licenses from 11 packages
  info: Musoq.Cloud.LicensesGatherer.LicenseGatherer[0]
        License texts saved in: D:\repos\Musoq.DataSources\.builds\license-refresh\Musoq.DataSources.SeparatedValues\snapshot\third-party-notices
[SNAPSHOT] package=Musoq.DataSources.SeparatedValues packages=10 files=12 manifest_sha256=c6d16155467de7b86837c684f37833afe334e0212c90d67292c1abc6d2676dfe source=checked-in
[UPDATED] License snapshot 'Musoq.DataSources.SeparatedValues'
Refreshing license snapshot: Musoq.DataSources.System
  info: Musoq.Cloud.LicensesGatherer.LicenseGatherer[0]
        Starting license gathering for: D:\repos\Musoq.DataSources\Musoq.DataSources.System\Musoq.DataSources.System.csproj
  info: Musoq.Cloud.LicensesGatherer.LicenseGatherer[0]
        Output folder: D:\repos\Musoq.DataSources\.builds\license-refresh\Musoq.DataSources.System\snapshot\third-party-notices
  info: Musoq.Cloud.LicensesGatherer.LicenseGatherer[0]
        Loaded 12 manual link overrides
  info: Musoq.Cloud.LicensesGatherer.LicenseGatherer[0]
        Loaded 0 cached links
  info: Musoq.Cloud.LicensesGatherer.LicenseGatherer[0]
        Found 10 packages to process
  info: Musoq.Cloud.LicensesGatherer.LicenseGatherer[0]
        After filtering runtime packages: 10 packages
  info: System.Net.Http.HttpClient.Default.LogicalHandler[100]
        Start processing HTTP request GET https://raw.githubusercontent.com/DanHarltey/Fastenshtein/master/LICENSE
  info: System.Net.Http.HttpClient.NoLoggingHandler.LogicalHandler[100]
        Start processing HTTP request GET https://github.com/mmanela/diffplex/blob/main/LICENSE
  info: System.Net.Http.HttpClient.Default.LogicalHandler[100]
        Start processing HTTP request GET https://raw.githubusercontent.com/dotnet/runtime/main/LICENSE.TXT
  info: System.Net.Http.HttpClient.NoLoggingHandler.LogicalHandler[100]
        Start processing HTTP request GET https://github.com/dotnet/sourcelink/blob/main/LICENSE
  info: System.Net.Http.HttpClient.NoLoggingHandler.ClientHandler[100]
        Sending HTTP request GET https://github.com/mmanela/diffplex/blob/main/LICENSE
  info: System.Net.Http.HttpClient.NoLoggingHandler.ClientHandler[100]
        Sending HTTP request GET https://github.com/dotnet/sourcelink/blob/main/LICENSE
  info: System.Net.Http.HttpClient.Default.ClientHandler[100]
        Sending HTTP request GET https://raw.githubusercontent.com/dotnet/runtime/main/LICENSE.TXT
  info: System.Net.Http.HttpClient.Default.ClientHandler[100]
        Sending HTTP request GET https://raw.githubusercontent.com/DanHarltey/Fastenshtein/master/LICENSE
  info: System.Net.Http.HttpClient.Default.ClientHandler[101]
        Received HTTP response headers after 109.1834ms - 200
  info: System.Net.Http.HttpClient.Default.ClientHandler[101]
        Received HTTP response headers after 109.1825ms - 200
  info: System.Net.Http.HttpClient.Default.LogicalHandler[101]
        End processing HTTP request after 116.1631ms - 200
  info: System.Net.Http.HttpClient.Default.LogicalHandler[101]
        End processing HTTP request after 116.1599ms - 200
  info: System.Net.Http.HttpClient.Default.LogicalHandler[100]
        Start processing HTTP request GET https://raw.githubusercontent.com/dotnet/runtime/main/LICENSE.TXT
  info: System.Net.Http.HttpClient.NoLoggingHandler.LogicalHandler[100]
        Start processing HTTP request GET https://github.com/dotnet/sourcelink/blob/main/LICENSE
  info: System.Net.Http.HttpClient.Default.ClientHandler[100]
        Sending HTTP request GET https://raw.githubusercontent.com/dotnet/runtime/main/LICENSE.TXT
  info: System.Net.Http.HttpClient.NoLoggingHandler.ClientHandler[100]
        Sending HTTP request GET https://github.com/dotnet/sourcelink/blob/main/LICENSE
  info: System.Net.Http.HttpClient.NoLoggingHandler.ClientHandler[101]
        Received HTTP response headers after 129.0924ms - 404
  info: System.Net.Http.HttpClient.NoLoggingHandler.ClientHandler[101]
        Received HTTP response headers after 129.0924ms - 404
  info: System.Net.Http.HttpClient.NoLoggingHandler.LogicalHandler[101]
        End processing HTTP request after 132.6799ms - 404
  info: System.Net.Http.HttpClient.NoLoggingHandler.LogicalHandler[101]
        End processing HTTP request after 132.6822ms - 404
  info: System.Net.Http.HttpClient.Default.ClientHandler[101]
        Received HTTP response headers after 22.9451ms - 200
  info: System.Net.Http.HttpClient.Default.LogicalHandler[101]
        End processing HTTP request after 23.0252ms - 200
  info: System.Net.Http.HttpClient.NoLoggingHandler.LogicalHandler[100]
        Start processing HTTP request GET https://github.com/dotnet/sourcelink/blob/main/LICENSE
  info: System.Net.Http.HttpClient.NoLoggingHandler.ClientHandler[100]
        Sending HTTP request GET https://github.com/dotnet/sourcelink/blob/main/LICENSE
  info: System.Net.Http.HttpClient.NoLoggingHandler.LogicalHandler[100]
        Start processing HTTP request GET https://github.com/dotnet/sourcelink/blob/main/LICENSE.md
  info: System.Net.Http.HttpClient.NoLoggingHandler.ClientHandler[100]
        Sending HTTP request GET https://github.com/dotnet/sourcelink/blob/main/LICENSE.md
  info: System.Net.Http.HttpClient.NoLoggingHandler.ClientHandler[101]
        Received HTTP response headers after 108.4299ms - 404
  info: System.Net.Http.HttpClient.NoLoggingHandler.LogicalHandler[101]
        End processing HTTP request after 108.4829ms - 404
  info: System.Net.Http.HttpClient.NoLoggingHandler.LogicalHandler[100]
        Start processing HTTP request GET https://github.com/mmanela/diffplex/blob/main/LICENSE.md
  info: System.Net.Http.HttpClient.NoLoggingHandler.ClientHandler[100]
        Sending HTTP request GET https://github.com/mmanela/diffplex/blob/main/LICENSE.md
  info: System.Net.Http.HttpClient.NoLoggingHandler.ClientHandler[101]
        Received HTTP response headers after 100.873ms - 404
  info: System.Net.Http.HttpClient.NoLoggingHandler.LogicalHandler[101]
        End processing HTTP request after 100.9298ms - 404
  info: System.Net.Http.HttpClient.NoLoggingHandler.ClientHandler[101]
        Received HTTP response headers after 34.5449ms - 404
  info: System.Net.Http.HttpClient.NoLoggingHandler.LogicalHandler[101]
        End processing HTTP request after 34.6061ms - 404
  info: System.Net.Http.HttpClient.NoLoggingHandler.LogicalHandler[100]
        Start processing HTTP request GET https://github.com/dotnet/sourcelink/blob/main/LICENSE.txt
  info: System.Net.Http.HttpClient.NoLoggingHandler.ClientHandler[100]
        Sending HTTP request GET https://github.com/dotnet/sourcelink/blob/main/LICENSE.txt
  info: System.Net.Http.HttpClient.NoLoggingHandler.ClientHandler[101]
        Received HTTP response headers after 35.8508ms - 404
  info: System.Net.Http.HttpClient.NoLoggingHandler.LogicalHandler[101]
        End processing HTTP request after 35.8813ms - 404
  info: System.Net.Http.HttpClient.NoLoggingHandler.LogicalHandler[100]
        Start processing HTTP request GET https://github.com/mmanela/diffplex/blob/main/LICENSE.txt
  info: System.Net.Http.HttpClient.NoLoggingHandler.ClientHandler[100]
        Sending HTTP request GET https://github.com/mmanela/diffplex/blob/main/LICENSE.txt
  info: System.Net.Http.HttpClient.NoLoggingHandler.ClientHandler[101]
        Received HTTP response headers after 34.1347ms - 404
  info: System.Net.Http.HttpClient.NoLoggingHandler.LogicalHandler[101]
        End processing HTTP request after 34.1991ms - 404
  info: System.Net.Http.HttpClient.NoLoggingHandler.LogicalHandler[100]
        Start processing HTTP request GET https://github.com/dotnet/sourcelink/blob/main/license
  info: System.Net.Http.HttpClient.NoLoggingHandler.ClientHandler[100]
        Sending HTTP request GET https://github.com/dotnet/sourcelink/blob/main/license
  info: System.Net.Http.HttpClient.NoLoggingHandler.ClientHandler[101]
        Received HTTP response headers after 35.7918ms - 404
  info: System.Net.Http.HttpClient.NoLoggingHandler.LogicalHandler[101]
        End processing HTTP request after 35.8345ms - 404
  info: System.Net.Http.HttpClient.NoLoggingHandler.LogicalHandler[100]
        Start processing HTTP request GET https://github.com/mmanela/diffplex/blob/main/license
  info: System.Net.Http.HttpClient.NoLoggingHandler.ClientHandler[100]
        Sending HTTP request GET https://github.com/mmanela/diffplex/blob/main/license
  info: System.Net.Http.HttpClient.NoLoggingHandler.ClientHandler[101]
        Received HTTP response headers after 34.3166ms - 404
  info: System.Net.Http.HttpClient.NoLoggingHandler.LogicalHandler[101]
        End processing HTTP request after 34.3728ms - 404
  info: System.Net.Http.HttpClient.NoLoggingHandler.LogicalHandler[100]
        Start processing HTTP request GET https://github.com/dotnet/sourcelink/blob/main/license.md
  info: System.Net.Http.HttpClient.NoLoggingHandler.ClientHandler[100]
        Sending HTTP request GET https://github.com/dotnet/sourcelink/blob/main/license.md
  info: System.Net.Http.HttpClient.NoLoggingHandler.LogicalHandler[100]
        Start processing HTTP request GET https://github.com/dotnet/sourcelink/blob/main/LICENSE.md
  info: System.Net.Http.HttpClient.NoLoggingHandler.ClientHandler[100]
        Sending HTTP request GET https://github.com/dotnet/sourcelink/blob/main/LICENSE.md
  info: System.Net.Http.HttpClient.NoLoggingHandler.LogicalHandler[100]
        Start processing HTTP request GET https://github.com/dotnet/sourcelink/blob/main/LICENSE.md
  info: System.Net.Http.HttpClient.NoLoggingHandler.ClientHandler[100]
        Sending HTTP request GET https://github.com/dotnet/sourcelink/blob/main/LICENSE.md
  info: System.Net.Http.HttpClient.NoLoggingHandler.ClientHandler[101]
        Received HTTP response headers after 36.0917ms - 404
  info: System.Net.Http.HttpClient.NoLoggingHandler.LogicalHandler[101]
        End processing HTTP request after 36.1316ms - 404
  info: System.Net.Http.HttpClient.NoLoggingHandler.LogicalHandler[100]
        Start processing HTTP request GET https://github.com/mmanela/diffplex/blob/main/license.md
  info: System.Net.Http.HttpClient.NoLoggingHandler.ClientHandler[100]
        Sending HTTP request GET https://github.com/mmanela/diffplex/blob/main/license.md
  info: System.Net.Http.HttpClient.NoLoggingHandler.ClientHandler[101]
        Received HTTP response headers after 34.0999ms - 404
  info: System.Net.Http.HttpClient.NoLoggingHandler.LogicalHandler[101]
        End processing HTTP request after 34.1404ms - 404
  info: System.Net.Http.HttpClient.NoLoggingHandler.LogicalHandler[100]
        Start processing HTTP request GET https://github.com/dotnet/sourcelink/blob/main/license.txt
  info: System.Net.Http.HttpClient.NoLoggingHandler.ClientHandler[100]
        Sending HTTP request GET https://github.com/dotnet/sourcelink/blob/main/license.txt
  info: System.Net.Http.HttpClient.NoLoggingHandler.ClientHandler[101]
        Received HTTP response headers after 36.0735ms - 404
  info: System.Net.Http.HttpClient.NoLoggingHandler.LogicalHandler[101]
        End processing HTTP request after 36.1005ms - 404
  info: System.Net.Http.HttpClient.NoLoggingHandler.LogicalHandler[100]
        Start processing HTTP request GET https://github.com/dotnet/sourcelink/blob/main/LICENSE.txt
  info: System.Net.Http.HttpClient.NoLoggingHandler.ClientHandler[100]
        Sending HTTP request GET https://github.com/dotnet/sourcelink/blob/main/LICENSE.txt
  info: System.Net.Http.HttpClient.NoLoggingHandler.ClientHandler[101]
        Received HTTP response headers after 34.4578ms - 404
  info: System.Net.Http.HttpClient.NoLoggingHandler.LogicalHandler[101]
        End processing HTTP request after 34.4889ms - 404
  info: System.Net.Http.HttpClient.NoLoggingHandler.LogicalHandler[100]
        Start processing HTTP request GET https://github.com/dotnet/sourcelink/blob/main/LICENSE.txt
  info: System.Net.Http.HttpClient.NoLoggingHandler.ClientHandler[100]
        Sending HTTP request GET https://github.com/dotnet/sourcelink/blob/main/LICENSE.txt
  info: System.Net.Http.HttpClient.NoLoggingHandler.ClientHandler[101]
        Received HTTP response headers after 35.6366ms - 404
  info: System.Net.Http.HttpClient.NoLoggingHandler.LogicalHandler[101]
        End processing HTTP request after 35.6714ms - 404
  info: System.Net.Http.HttpClient.NoLoggingHandler.LogicalHandler[100]
        Start processing HTTP request GET https://github.com/mmanela/diffplex/blob/main/license.txt
  info: System.Net.Http.HttpClient.NoLoggingHandler.ClientHandler[100]
        Sending HTTP request GET https://github.com/mmanela/diffplex/blob/main/license.txt
  info: System.Net.Http.HttpClient.NoLoggingHandler.ClientHandler[101]
        Received HTTP response headers after 33.7587ms - 404
  info: System.Net.Http.HttpClient.NoLoggingHandler.LogicalHandler[101]
        End processing HTTP request after 33.7893ms - 404
  info: System.Net.Http.HttpClient.NoLoggingHandler.LogicalHandler[100]
        Start processing HTTP request GET https://github.com/dotnet/sourcelink/blob/main/License
  info: System.Net.Http.HttpClient.NoLoggingHandler.ClientHandler[100]
        Sending HTTP request GET https://github.com/dotnet/sourcelink/blob/main/License
  info: System.Net.Http.HttpClient.NoLoggingHandler.ClientHandler[101]
        Received HTTP response headers after 35.3902ms - 404
  info: System.Net.Http.HttpClient.NoLoggingHandler.LogicalHandler[101]
        End processing HTTP request after 35.4377ms - 404
  info: System.Net.Http.HttpClient.NoLoggingHandler.LogicalHandler[100]
        Start processing HTTP request GET https://github.com/dotnet/sourcelink/blob/main/license
  info: System.Net.Http.HttpClient.NoLoggingHandler.ClientHandler[100]
        Sending HTTP request GET https://github.com/dotnet/sourcelink/blob/main/license
  info: System.Net.Http.HttpClient.NoLoggingHandler.ClientHandler[101]
        Received HTTP response headers after 33.2852ms - 404
  info: System.Net.Http.HttpClient.NoLoggingHandler.LogicalHandler[101]
        End processing HTTP request after 33.3134ms - 404
  info: System.Net.Http.HttpClient.NoLoggingHandler.LogicalHandler[100]
        Start processing HTTP request GET https://github.com/dotnet/sourcelink/blob/main/license
  info: System.Net.Http.HttpClient.NoLoggingHandler.ClientHandler[100]
        Sending HTTP request GET https://github.com/dotnet/sourcelink/blob/main/license
  info: System.Net.Http.HttpClient.NoLoggingHandler.ClientHandler[101]
        Received HTTP response headers after 35.4524ms - 404
  info: System.Net.Http.HttpClient.NoLoggingHandler.LogicalHandler[101]
        End processing HTTP request after 35.4786ms - 404
  info: System.Net.Http.HttpClient.NoLoggingHandler.LogicalHandler[100]
        Start processing HTTP request GET https://github.com/mmanela/diffplex/blob/main/License
  info: System.Net.Http.HttpClient.NoLoggingHandler.ClientHandler[100]
        Sending HTTP request GET https://github.com/mmanela/diffplex/blob/main/License
  info: System.Net.Http.HttpClient.NoLoggingHandler.ClientHandler[101]
        Received HTTP response headers after 33.9291ms - 404
  info: System.Net.Http.HttpClient.NoLoggingHandler.LogicalHandler[101]
        End processing HTTP request after 33.9619ms - 404
  info: System.Net.Http.HttpClient.NoLoggingHandler.LogicalHandler[100]
        Start processing HTTP request GET https://github.com/dotnet/sourcelink/blob/main/License.md
  info: System.Net.Http.HttpClient.NoLoggingHandler.ClientHandler[100]
        Sending HTTP request GET https://github.com/dotnet/sourcelink/blob/main/License.md
  info: System.Net.Http.HttpClient.NoLoggingHandler.ClientHandler[101]
        Received HTTP response headers after 35.5174ms - 404
  info: System.Net.Http.HttpClient.NoLoggingHandler.LogicalHandler[101]
        End processing HTTP request after 35.5428ms - 404
  info: System.Net.Http.HttpClient.NoLoggingHandler.LogicalHandler[100]
        Start processing HTTP request GET https://github.com/dotnet/sourcelink/blob/main/license.md
  info: System.Net.Http.HttpClient.NoLoggingHandler.ClientHandler[100]
        Sending HTTP request GET https://github.com/dotnet/sourcelink/blob/main/license.md
  info: System.Net.Http.HttpClient.NoLoggingHandler.ClientHandler[101]
        Received HTTP response headers after 33.2973ms - 404
  info: System.Net.Http.HttpClient.NoLoggingHandler.LogicalHandler[101]
        End processing HTTP request after 33.3295ms - 404
  info: System.Net.Http.HttpClient.NoLoggingHandler.LogicalHandler[100]
        Start processing HTTP request GET https://github.com/dotnet/sourcelink/blob/main/license.md
  info: System.Net.Http.HttpClient.NoLoggingHandler.ClientHandler[100]
        Sending HTTP request GET https://github.com/dotnet/sourcelink/blob/main/license.md
  info: System.Net.Http.HttpClient.NoLoggingHandler.ClientHandler[101]
        Received HTTP response headers after 35.6553ms - 404
  info: System.Net.Http.HttpClient.NoLoggingHandler.LogicalHandler[101]
        End processing HTTP request after 35.6844ms - 404
  info: System.Net.Http.HttpClient.NoLoggingHandler.LogicalHandler[100]
        Start processing HTTP request GET https://github.com/mmanela/diffplex/blob/main/License.md
  info: System.Net.Http.HttpClient.NoLoggingHandler.ClientHandler[100]
        Sending HTTP request GET https://github.com/mmanela/diffplex/blob/main/License.md
  info: System.Net.Http.HttpClient.NoLoggingHandler.ClientHandler[101]
        Received HTTP response headers after 34.0469ms - 404
  info: System.Net.Http.HttpClient.NoLoggingHandler.LogicalHandler[101]
        End processing HTTP request after 34.0769ms - 404
  info: System.Net.Http.HttpClient.NoLoggingHandler.LogicalHandler[100]
        Start processing HTTP request GET https://github.com/dotnet/sourcelink/blob/main/License.txt
  info: System.Net.Http.HttpClient.NoLoggingHandler.ClientHandler[100]
        Sending HTTP request GET https://github.com/dotnet/sourcelink/blob/main/License.txt
  info: System.Net.Http.HttpClient.NoLoggingHandler.ClientHandler[101]
        Received HTTP response headers after 35.9578ms - 404
  info: System.Net.Http.HttpClient.NoLoggingHandler.LogicalHandler[101]
        End processing HTTP request after 35.9889ms - 404
  info: System.Net.Http.HttpClient.NoLoggingHandler.LogicalHandler[100]
        Start processing HTTP request GET https://github.com/dotnet/sourcelink/blob/main/license.txt
  info: System.Net.Http.HttpClient.NoLoggingHandler.ClientHandler[100]
        Sending HTTP request GET https://github.com/dotnet/sourcelink/blob/main/license.txt
  info: System.Net.Http.HttpClient.NoLoggingHandler.ClientHandler[101]
        Received HTTP response headers after 33.0886ms - 404
  info: System.Net.Http.HttpClient.NoLoggingHandler.LogicalHandler[101]
        End processing HTTP request after 33.1207ms - 404
  info: System.Net.Http.HttpClient.NoLoggingHandler.LogicalHandler[100]
        Start processing HTTP request GET https://github.com/dotnet/sourcelink/blob/main/license.txt
  info: System.Net.Http.HttpClient.NoLoggingHandler.ClientHandler[100]
        Sending HTTP request GET https://github.com/dotnet/sourcelink/blob/main/license.txt
  info: System.Net.Http.HttpClient.NoLoggingHandler.ClientHandler[101]
        Received HTTP response headers after 35.5171ms - 404
  info: System.Net.Http.HttpClient.NoLoggingHandler.LogicalHandler[101]
        End processing HTTP request after 35.5523ms - 404
  info: System.Net.Http.HttpClient.NoLoggingHandler.LogicalHandler[100]
        Start processing HTTP request GET https://github.com/mmanela/diffplex/blob/main/License.txt
  info: System.Net.Http.HttpClient.NoLoggingHandler.ClientHandler[100]
        Sending HTTP request GET https://github.com/mmanela/diffplex/blob/main/License.txt
  info: System.Net.Http.HttpClient.NoLoggingHandler.ClientHandler[101]
        Received HTTP response headers after 34.0662ms - 200
  info: System.Net.Http.HttpClient.NoLoggingHandler.LogicalHandler[101]
        End processing HTTP request after 34.096ms - 200
  info: System.Net.Http.HttpClient.Default.LogicalHandler[100]
        Start processing HTTP request GET https://raw.githubusercontent.com/dotnet/sourcelink/main/License.txt
  info: System.Net.Http.HttpClient.Default.ClientHandler[100]
        Sending HTTP request GET https://raw.githubusercontent.com/dotnet/sourcelink/main/License.txt
  info: System.Net.Http.HttpClient.NoLoggingHandler.ClientHandler[101]
        Received HTTP response headers after 35.7993ms - 404
  info: System.Net.Http.HttpClient.NoLoggingHandler.LogicalHandler[101]
        End processing HTTP request after 35.8299ms - 404
  info: System.Net.Http.HttpClient.NoLoggingHandler.LogicalHandler[100]
        Start processing HTTP request GET https://github.com/dotnet/sourcelink/blob/main/License
  info: System.Net.Http.HttpClient.NoLoggingHandler.ClientHandler[100]
        Sending HTTP request GET https://github.com/dotnet/sourcelink/blob/main/License
  info: System.Net.Http.HttpClient.NoLoggingHandler.ClientHandler[101]
        Received HTTP response headers after 32.9644ms - 404
  info: System.Net.Http.HttpClient.NoLoggingHandler.LogicalHandler[101]
        End processing HTTP request after 32.9948ms - 404
  info: System.Net.Http.HttpClient.NoLoggingHandler.LogicalHandler[100]
        Start processing HTTP request GET https://github.com/dotnet/sourcelink/blob/main/License
  info: System.Net.Http.HttpClient.NoLoggingHandler.ClientHandler[100]
        Sending HTTP request GET https://github.com/dotnet/sourcelink/blob/main/License
  info: System.Net.Http.HttpClient.NoLoggingHandler.ClientHandler[101]
        Received HTTP response headers after 35.3037ms - 404
  info: System.Net.Http.HttpClient.NoLoggingHandler.LogicalHandler[101]
        End processing HTTP request after 35.3379ms - 404
  info: System.Net.Http.HttpClient.NoLoggingHandler.LogicalHandler[100]
        Start processing HTTP request GET https://github.com/mmanela/diffplex/blob/main/LICENSE.TXT
  info: System.Net.Http.HttpClient.NoLoggingHandler.ClientHandler[100]
        Sending HTTP request GET https://github.com/mmanela/diffplex/blob/main/LICENSE.TXT
  info: System.Net.Http.HttpClient.Default.ClientHandler[101]
        Received HTTP response headers after 22.1627ms - 200
  info: System.Net.Http.HttpClient.Default.LogicalHandler[101]
        End processing HTTP request after 22.2209ms - 200
  info: System.Net.Http.HttpClient.NoLoggingHandler.ClientHandler[101]
        Received HTTP response headers after 33.6923ms - 404
  info: System.Net.Http.HttpClient.NoLoggingHandler.LogicalHandler[101]
        End processing HTTP request after 33.7418ms - 404
  info: System.Net.Http.HttpClient.NoLoggingHandler.ClientHandler[101]
        Received HTTP response headers after 35.596ms - 404
  info: System.Net.Http.HttpClient.NoLoggingHandler.LogicalHandler[101]
        End processing HTTP request after 35.6288ms - 404
  info: System.Net.Http.HttpClient.NoLoggingHandler.LogicalHandler[100]
        Start processing HTTP request GET https://github.com/dotnet/sourcelink/blob/main/License.md
  info: System.Net.Http.HttpClient.NoLoggingHandler.ClientHandler[100]
        Sending HTTP request GET https://github.com/dotnet/sourcelink/blob/main/License.md
  info: System.Net.Http.HttpClient.NoLoggingHandler.LogicalHandler[100]
        Start processing HTTP request GET https://github.com/dotnet/sourcelink/blob/main/License.md
  info: System.Net.Http.HttpClient.NoLoggingHandler.ClientHandler[100]
        Sending HTTP request GET https://github.com/dotnet/sourcelink/blob/main/License.md
  info: System.Net.Http.HttpClient.NoLoggingHandler.ClientHandler[101]
        Received HTTP response headers after 35.7513ms - 404
  info: System.Net.Http.HttpClient.NoLoggingHandler.LogicalHandler[101]
        End processing HTTP request after 35.7769ms - 404
  info: System.Net.Http.HttpClient.NoLoggingHandler.LogicalHandler[100]
        Start processing HTTP request GET https://github.com/mmanela/diffplex/blob/master/LICENSE
  info: System.Net.Http.HttpClient.NoLoggingHandler.ClientHandler[100]
        Sending HTTP request GET https://github.com/mmanela/diffplex/blob/master/LICENSE
  info: System.Net.Http.HttpClient.NoLoggingHandler.ClientHandler[101]
        Received HTTP response headers after 33.693ms - 404
  info: System.Net.Http.HttpClient.NoLoggingHandler.LogicalHandler[101]
        End processing HTTP request after 33.733ms - 404
  info: System.Net.Http.HttpClient.NoLoggingHandler.LogicalHandler[100]
        Start processing HTTP request GET https://github.com/dotnet/sourcelink/blob/main/License.txt
  info: System.Net.Http.HttpClient.NoLoggingHandler.ClientHandler[100]
        Sending HTTP request GET https://github.com/dotnet/sourcelink/blob/main/License.txt
  info: System.Net.Http.HttpClient.NoLoggingHandler.ClientHandler[101]
        Received HTTP response headers after 35.805ms - 404
  info: System.Net.Http.HttpClient.NoLoggingHandler.LogicalHandler[101]
        End processing HTTP request after 35.8309ms - 404
  info: System.Net.Http.HttpClient.NoLoggingHandler.LogicalHandler[100]
        Start processing HTTP request GET https://github.com/dotnet/sourcelink/blob/main/License.txt
  info: System.Net.Http.HttpClient.NoLoggingHandler.ClientHandler[100]
        Sending HTTP request GET https://github.com/dotnet/sourcelink/blob/main/License.txt
  info: System.Net.Http.HttpClient.NoLoggingHandler.ClientHandler[101]
        Received HTTP response headers after 35.7824ms - 404
  info: System.Net.Http.HttpClient.NoLoggingHandler.LogicalHandler[101]
        End processing HTTP request after 35.8098ms - 404
  info: System.Net.Http.HttpClient.NoLoggingHandler.LogicalHandler[100]
        Start processing HTTP request GET https://github.com/mmanela/diffplex/blob/master/LICENSE.md
  info: System.Net.Http.HttpClient.NoLoggingHandler.ClientHandler[100]
        Sending HTTP request GET https://github.com/mmanela/diffplex/blob/master/LICENSE.md
  info: System.Net.Http.HttpClient.NoLoggingHandler.ClientHandler[101]
        Received HTTP response headers after 33.7317ms - 200
  info: System.Net.Http.HttpClient.NoLoggingHandler.LogicalHandler[101]
        End processing HTTP request after 33.7741ms - 200
  info: System.Net.Http.HttpClient.Default.LogicalHandler[100]
        Start processing HTTP request GET https://raw.githubusercontent.com/dotnet/sourcelink/main/License.txt
  info: System.Net.Http.HttpClient.Default.ClientHandler[100]
        Sending HTTP request GET https://raw.githubusercontent.com/dotnet/sourcelink/main/License.txt
  info: System.Net.Http.HttpClient.NoLoggingHandler.ClientHandler[101]
        Received HTTP response headers after 35.7041ms - 200
  info: System.Net.Http.HttpClient.NoLoggingHandler.LogicalHandler[101]
        End processing HTTP request after 35.7323ms - 200
  info: System.Net.Http.HttpClient.Default.LogicalHandler[100]
        Start processing HTTP request GET https://raw.githubusercontent.com/dotnet/sourcelink/main/License.txt
  info: System.Net.Http.HttpClient.Default.ClientHandler[100]
        Sending HTTP request GET https://raw.githubusercontent.com/dotnet/sourcelink/main/License.txt
  info: System.Net.Http.HttpClient.NoLoggingHandler.ClientHandler[101]
        Received HTTP response headers after 35.2859ms - 404
  info: System.Net.Http.HttpClient.NoLoggingHandler.LogicalHandler[101]
        End processing HTTP request after 35.3126ms - 404
  info: System.Net.Http.HttpClient.NoLoggingHandler.LogicalHandler[100]
        Start processing HTTP request GET https://github.com/mmanela/diffplex/blob/master/LICENSE.txt
  info: System.Net.Http.HttpClient.NoLoggingHandler.ClientHandler[100]
        Sending HTTP request GET https://github.com/mmanela/diffplex/blob/master/LICENSE.txt
  info: System.Net.Http.HttpClient.Default.ClientHandler[101]
        Received HTTP response headers after 22.3488ms - 200
  info: System.Net.Http.HttpClient.Default.LogicalHandler[101]
        End processing HTTP request after 22.3814ms - 200
  info: System.Net.Http.HttpClient.Default.ClientHandler[101]
        Received HTTP response headers after 22.6872ms - 200
  info: System.Net.Http.HttpClient.Default.LogicalHandler[101]
        End processing HTTP request after 22.7201ms - 200
  info: System.Net.Http.HttpClient.NoLoggingHandler.ClientHandler[101]
        Received HTTP response headers after 35.9205ms - 404
  info: System.Net.Http.HttpClient.NoLoggingHandler.LogicalHandler[101]
        End processing HTTP request after 35.9836ms - 404
  info: System.Net.Http.HttpClient.NoLoggingHandler.LogicalHandler[100]
        Start processing HTTP request GET https://github.com/mmanela/diffplex/blob/master/license
  info: System.Net.Http.HttpClient.NoLoggingHandler.ClientHandler[100]
        Sending HTTP request GET https://github.com/mmanela/diffplex/blob/master/license
  info: System.Net.Http.HttpClient.NoLoggingHandler.ClientHandler[101]
        Received HTTP response headers after 36.3971ms - 404
  info: System.Net.Http.HttpClient.NoLoggingHandler.LogicalHandler[101]
        End processing HTTP request after 36.4719ms - 404
  info: System.Net.Http.HttpClient.NoLoggingHandler.LogicalHandler[100]
        Start processing HTTP request GET https://github.com/mmanela/diffplex/blob/master/license.md
  info: System.Net.Http.HttpClient.NoLoggingHandler.ClientHandler[100]
        Sending HTTP request GET https://github.com/mmanela/diffplex/blob/master/license.md
  info: System.Net.Http.HttpClient.NoLoggingHandler.ClientHandler[101]
        Received HTTP response headers after 36.1706ms - 404
  info: System.Net.Http.HttpClient.NoLoggingHandler.LogicalHandler[101]
        End processing HTTP request after 36.2286ms - 404
  info: System.Net.Http.HttpClient.NoLoggingHandler.LogicalHandler[100]
        Start processing HTTP request GET https://github.com/mmanela/diffplex/blob/master/license.txt
  info: System.Net.Http.HttpClient.NoLoggingHandler.ClientHandler[100]
        Sending HTTP request GET https://github.com/mmanela/diffplex/blob/master/license.txt
  info: System.Net.Http.HttpClient.NoLoggingHandler.ClientHandler[101]
        Received HTTP response headers after 36.2682ms - 404
  info: System.Net.Http.HttpClient.NoLoggingHandler.LogicalHandler[101]
        End processing HTTP request after 36.3251ms - 404
  info: System.Net.Http.HttpClient.NoLoggingHandler.LogicalHandler[100]
        Start processing HTTP request GET https://github.com/mmanela/diffplex/blob/master/License
  info: System.Net.Http.HttpClient.NoLoggingHandler.ClientHandler[100]
        Sending HTTP request GET https://github.com/mmanela/diffplex/blob/master/License
  info: System.Net.Http.HttpClient.NoLoggingHandler.ClientHandler[101]
        Received HTTP response headers after 36.138ms - 404
  info: System.Net.Http.HttpClient.NoLoggingHandler.LogicalHandler[101]
        End processing HTTP request after 36.196ms - 404
  info: System.Net.Http.HttpClient.NoLoggingHandler.LogicalHandler[100]
        Start processing HTTP request GET https://github.com/mmanela/diffplex/blob/master/License.md
  info: System.Net.Http.HttpClient.NoLoggingHandler.ClientHandler[100]
        Sending HTTP request GET https://github.com/mmanela/diffplex/blob/master/License.md
  info: System.Net.Http.HttpClient.NoLoggingHandler.ClientHandler[101]
        Received HTTP response headers after 35.807ms - 404
  info: System.Net.Http.HttpClient.NoLoggingHandler.LogicalHandler[101]
        End processing HTTP request after 35.8546ms - 404
  info: System.Net.Http.HttpClient.NoLoggingHandler.LogicalHandler[100]
        Start processing HTTP request GET https://github.com/mmanela/diffplex/blob/master/License.txt
  info: System.Net.Http.HttpClient.NoLoggingHandler.ClientHandler[100]
        Sending HTTP request GET https://github.com/mmanela/diffplex/blob/master/License.txt
  info: System.Net.Http.HttpClient.NoLoggingHandler.ClientHandler[101]
        Received HTTP response headers after 35.6776ms - 200
  info: System.Net.Http.HttpClient.NoLoggingHandler.LogicalHandler[101]
        End processing HTTP request after 35.7215ms - 200
  info: System.Net.Http.HttpClient.Default.LogicalHandler[100]
        Start processing HTTP request GET https://raw.githubusercontent.com/mmanela/diffplex/master/License.txt
  info: System.Net.Http.HttpClient.Default.ClientHandler[100]
        Sending HTTP request GET https://raw.githubusercontent.com/mmanela/diffplex/master/License.txt
  info: System.Net.Http.HttpClient.Default.ClientHandler[101]
        Received HTTP response headers after 22.8515ms - 200
  info: System.Net.Http.HttpClient.Default.LogicalHandler[101]
        End processing HTTP request after 22.907ms - 200
  info: Musoq.Cloud.LicensesGatherer.LicenseGatherer[0]
        Saved 11 licenses from 11 packages
  info: Musoq.Cloud.LicensesGatherer.LicenseGatherer[0]
        License texts saved in: D:\repos\Musoq.DataSources\.builds\license-refresh\Musoq.DataSources.System\snapshot\third-party-notices
[SNAPSHOT] package=Musoq.DataSources.System packages=10 files=12 manifest_sha256=09e79e9fee782ec8f9886514353932a9347a64e6d09849d4dddc53eba125ffaf source=checked-in
[UPDATED] License snapshot 'Musoq.DataSources.System'
Refreshing license snapshot: Musoq.DataSources.Time
  info: Musoq.Cloud.LicensesGatherer.LicenseGatherer[0]
        Starting license gathering for: D:\repos\Musoq.DataSources\Musoq.DataSources.Time\Musoq.DataSources.Time.csproj
  info: Musoq.Cloud.LicensesGatherer.LicenseGatherer[0]
        Output folder: D:\repos\Musoq.DataSources\.builds\license-refresh\Musoq.DataSources.Time\snapshot\third-party-notices
  info: Musoq.Cloud.LicensesGatherer.LicenseGatherer[0]
        Loaded 12 manual link overrides
  info: Musoq.Cloud.LicensesGatherer.LicenseGatherer[0]
        Loaded 0 cached links
  info: Musoq.Cloud.LicensesGatherer.LicenseGatherer[0]
        Found 10 packages to process
  info: Musoq.Cloud.LicensesGatherer.LicenseGatherer[0]
        After filtering runtime packages: 10 packages
  info: System.Net.Http.HttpClient.NoLoggingHandler.LogicalHandler[100]
        Start processing HTTP request GET https://github.com/dotnet/sourcelink/blob/main/LICENSE
  info: System.Net.Http.HttpClient.NoLoggingHandler.LogicalHandler[100]
        Start processing HTTP request GET https://github.com/mmanela/diffplex/blob/main/LICENSE
  info: System.Net.Http.HttpClient.Default.LogicalHandler[100]
        Start processing HTTP request GET https://raw.githubusercontent.com/DanHarltey/Fastenshtein/master/LICENSE
  info: System.Net.Http.HttpClient.Default.LogicalHandler[100]
        Start processing HTTP request GET https://raw.githubusercontent.com/dotnet/runtime/main/LICENSE.TXT
  info: System.Net.Http.HttpClient.Default.ClientHandler[100]
        Sending HTTP request GET https://raw.githubusercontent.com/DanHarltey/Fastenshtein/master/LICENSE
  info: System.Net.Http.HttpClient.Default.ClientHandler[100]
        Sending HTTP request GET https://raw.githubusercontent.com/dotnet/runtime/main/LICENSE.TXT
  info: System.Net.Http.HttpClient.NoLoggingHandler.ClientHandler[100]
        Sending HTTP request GET https://github.com/dotnet/sourcelink/blob/main/LICENSE
  info: System.Net.Http.HttpClient.NoLoggingHandler.ClientHandler[100]
        Sending HTTP request GET https://github.com/mmanela/diffplex/blob/main/LICENSE
  info: System.Net.Http.HttpClient.Default.ClientHandler[101]
        Received HTTP response headers after 111.0003ms - 200
  info: System.Net.Http.HttpClient.Default.ClientHandler[101]
        Received HTTP response headers after 109.3538ms - 200
  info: System.Net.Http.HttpClient.Default.LogicalHandler[101]
        End processing HTTP request after 116.4903ms - 200
  info: System.Net.Http.HttpClient.Default.LogicalHandler[101]
        End processing HTTP request after 116.5018ms - 200
  info: System.Net.Http.HttpClient.Default.LogicalHandler[100]
        Start processing HTTP request GET https://raw.githubusercontent.com/dotnet/runtime/main/LICENSE.TXT
  info: System.Net.Http.HttpClient.Default.ClientHandler[100]
        Sending HTTP request GET https://raw.githubusercontent.com/dotnet/runtime/main/LICENSE.TXT
  info: System.Net.Http.HttpClient.NoLoggingHandler.LogicalHandler[100]
        Start processing HTTP request GET https://github.com/dotnet/sourcelink/blob/main/LICENSE
  info: System.Net.Http.HttpClient.NoLoggingHandler.ClientHandler[100]
        Sending HTTP request GET https://github.com/dotnet/sourcelink/blob/main/LICENSE
  info: System.Net.Http.HttpClient.NoLoggingHandler.ClientHandler[101]
        Received HTTP response headers after 123.2076ms - 404
  info: System.Net.Http.HttpClient.NoLoggingHandler.ClientHandler[101]
        Received HTTP response headers after 123.2121ms - 404
  info: System.Net.Http.HttpClient.NoLoggingHandler.LogicalHandler[101]
        End processing HTTP request after 126.8113ms - 404
  info: System.Net.Http.HttpClient.NoLoggingHandler.LogicalHandler[101]
        End processing HTTP request after 126.8167ms - 404
  info: System.Net.Http.HttpClient.Default.ClientHandler[101]
        Received HTTP response headers after 26.066ms - 200
  info: System.Net.Http.HttpClient.Default.LogicalHandler[101]
        End processing HTTP request after 26.132ms - 200
  info: System.Net.Http.HttpClient.NoLoggingHandler.LogicalHandler[100]
        Start processing HTTP request GET https://github.com/dotnet/sourcelink/blob/main/LICENSE
  info: System.Net.Http.HttpClient.NoLoggingHandler.ClientHandler[100]
        Sending HTTP request GET https://github.com/dotnet/sourcelink/blob/main/LICENSE
  info: System.Net.Http.HttpClient.NoLoggingHandler.LogicalHandler[100]
        Start processing HTTP request GET https://github.com/mmanela/diffplex/blob/main/LICENSE.md
  info: System.Net.Http.HttpClient.NoLoggingHandler.ClientHandler[100]
        Sending HTTP request GET https://github.com/mmanela/diffplex/blob/main/LICENSE.md
  info: System.Net.Http.HttpClient.NoLoggingHandler.ClientHandler[101]
        Received HTTP response headers after 86.5598ms - 404
  info: System.Net.Http.HttpClient.NoLoggingHandler.LogicalHandler[101]
        End processing HTTP request after 86.6032ms - 404
  info: System.Net.Http.HttpClient.NoLoggingHandler.LogicalHandler[100]
        Start processing HTTP request GET https://github.com/dotnet/sourcelink/blob/main/LICENSE.md
  info: System.Net.Http.HttpClient.NoLoggingHandler.ClientHandler[100]
        Sending HTTP request GET https://github.com/dotnet/sourcelink/blob/main/LICENSE.md
  info: System.Net.Http.HttpClient.NoLoggingHandler.ClientHandler[101]
        Received HTTP response headers after 88.0841ms - 404
  info: System.Net.Http.HttpClient.NoLoggingHandler.LogicalHandler[101]
        End processing HTTP request after 88.1366ms - 404
  info: System.Net.Http.HttpClient.NoLoggingHandler.LogicalHandler[100]
        Start processing HTTP request GET https://github.com/dotnet/sourcelink/blob/main/LICENSE.md
  info: System.Net.Http.HttpClient.NoLoggingHandler.ClientHandler[100]
        Sending HTTP request GET https://github.com/dotnet/sourcelink/blob/main/LICENSE.md
  info: System.Net.Http.HttpClient.NoLoggingHandler.ClientHandler[101]
        Received HTTP response headers after 45.9913ms - 404
  info: System.Net.Http.HttpClient.NoLoggingHandler.LogicalHandler[101]
        End processing HTTP request after 46.0499ms - 404
  info: System.Net.Http.HttpClient.NoLoggingHandler.ClientHandler[101]
        Received HTTP response headers after 34.4345ms - 404
  info: System.Net.Http.HttpClient.NoLoggingHandler.LogicalHandler[101]
        End processing HTTP request after 34.4727ms - 404
  info: System.Net.Http.HttpClient.NoLoggingHandler.LogicalHandler[100]
        Start processing HTTP request GET https://github.com/dotnet/sourcelink/blob/main/LICENSE.txt
  info: System.Net.Http.HttpClient.NoLoggingHandler.ClientHandler[100]
        Sending HTTP request GET https://github.com/dotnet/sourcelink/blob/main/LICENSE.txt
  info: System.Net.Http.HttpClient.NoLoggingHandler.ClientHandler[101]
        Received HTTP response headers after 31.3745ms - 404
  info: System.Net.Http.HttpClient.NoLoggingHandler.LogicalHandler[101]
        End processing HTTP request after 31.4208ms - 404
  info: System.Net.Http.HttpClient.NoLoggingHandler.LogicalHandler[100]
        Start processing HTTP request GET https://github.com/dotnet/sourcelink/blob/main/LICENSE.txt
  info: System.Net.Http.HttpClient.NoLoggingHandler.ClientHandler[100]
        Sending HTTP request GET https://github.com/dotnet/sourcelink/blob/main/LICENSE.txt
  info: System.Net.Http.HttpClient.NoLoggingHandler.LogicalHandler[100]
        Start processing HTTP request GET https://github.com/dotnet/sourcelink/blob/main/LICENSE.md
  info: System.Net.Http.HttpClient.NoLoggingHandler.ClientHandler[100]
        Sending HTTP request GET https://github.com/dotnet/sourcelink/blob/main/LICENSE.md
  info: System.Net.Http.HttpClient.NoLoggingHandler.ClientHandler[101]
        Received HTTP response headers after 34.2492ms - 404
  info: System.Net.Http.HttpClient.NoLoggingHandler.LogicalHandler[101]
        End processing HTTP request after 34.2844ms - 404
  info: System.Net.Http.HttpClient.NoLoggingHandler.LogicalHandler[100]
        Start processing HTTP request GET https://github.com/dotnet/sourcelink/blob/main/license
  info: System.Net.Http.HttpClient.NoLoggingHandler.ClientHandler[100]
        Sending HTTP request GET https://github.com/dotnet/sourcelink/blob/main/license
  info: System.Net.Http.HttpClient.NoLoggingHandler.ClientHandler[101]
        Received HTTP response headers after 30.3974ms - 404
  info: System.Net.Http.HttpClient.NoLoggingHandler.LogicalHandler[101]
        End processing HTTP request after 30.4431ms - 404
  info: System.Net.Http.HttpClient.NoLoggingHandler.LogicalHandler[100]
        Start processing HTTP request GET https://github.com/dotnet/sourcelink/blob/main/license
  info: System.Net.Http.HttpClient.NoLoggingHandler.ClientHandler[100]
        Sending HTTP request GET https://github.com/dotnet/sourcelink/blob/main/license
  info: System.Net.Http.HttpClient.NoLoggingHandler.ClientHandler[101]
        Received HTTP response headers after 30.24ms - 404
  info: System.Net.Http.HttpClient.NoLoggingHandler.LogicalHandler[101]
        End processing HTTP request after 30.2904ms - 404
  info: System.Net.Http.HttpClient.NoLoggingHandler.LogicalHandler[100]
        Start processing HTTP request GET https://github.com/dotnet/sourcelink/blob/main/LICENSE.txt
  info: System.Net.Http.HttpClient.NoLoggingHandler.ClientHandler[100]
        Sending HTTP request GET https://github.com/dotnet/sourcelink/blob/main/LICENSE.txt
  info: System.Net.Http.HttpClient.NoLoggingHandler.ClientHandler[101]
        Received HTTP response headers after 34.011ms - 404
  info: System.Net.Http.HttpClient.NoLoggingHandler.LogicalHandler[101]
        End processing HTTP request after 34.0395ms - 404
  info: System.Net.Http.HttpClient.NoLoggingHandler.LogicalHandler[100]
        Start processing HTTP request GET https://github.com/dotnet/sourcelink/blob/main/license.md
  info: System.Net.Http.HttpClient.NoLoggingHandler.ClientHandler[100]
        Sending HTTP request GET https://github.com/dotnet/sourcelink/blob/main/license.md
  info: System.Net.Http.HttpClient.NoLoggingHandler.ClientHandler[101]
        Received HTTP response headers after 31.3332ms - 404
  info: System.Net.Http.HttpClient.NoLoggingHandler.LogicalHandler[101]
        End processing HTTP request after 31.3746ms - 404
  info: System.Net.Http.HttpClient.NoLoggingHandler.LogicalHandler[100]
        Start processing HTTP request GET https://github.com/dotnet/sourcelink/blob/main/license.md
  info: System.Net.Http.HttpClient.NoLoggingHandler.ClientHandler[100]
        Sending HTTP request GET https://github.com/dotnet/sourcelink/blob/main/license.md
  info: System.Net.Http.HttpClient.NoLoggingHandler.ClientHandler[101]
        Received HTTP response headers after 28.4467ms - 404
  info: System.Net.Http.HttpClient.NoLoggingHandler.LogicalHandler[101]
        End processing HTTP request after 28.4846ms - 404
  info: System.Net.Http.HttpClient.NoLoggingHandler.LogicalHandler[100]
        Start processing HTTP request GET https://github.com/mmanela/diffplex/blob/main/LICENSE.txt
  info: System.Net.Http.HttpClient.NoLoggingHandler.ClientHandler[100]
        Sending HTTP request GET https://github.com/mmanela/diffplex/blob/main/LICENSE.txt
  info: System.Net.Http.HttpClient.NoLoggingHandler.LogicalHandler[100]
        Start processing HTTP request GET https://github.com/dotnet/sourcelink/blob/main/license
  info: System.Net.Http.HttpClient.NoLoggingHandler.ClientHandler[100]
        Sending HTTP request GET https://github.com/dotnet/sourcelink/blob/main/license
  info: System.Net.Http.HttpClient.NoLoggingHandler.ClientHandler[101]
        Received HTTP response headers after 34.6361ms - 404
  info: System.Net.Http.HttpClient.NoLoggingHandler.LogicalHandler[101]
        End processing HTTP request after 34.6748ms - 404
  info: System.Net.Http.HttpClient.NoLoggingHandler.LogicalHandler[100]
        Start processing HTTP request GET https://github.com/dotnet/sourcelink/blob/main/license.txt
  info: System.Net.Http.HttpClient.NoLoggingHandler.ClientHandler[100]
        Sending HTTP request GET https://github.com/dotnet/sourcelink/blob/main/license.txt
  info: System.Net.Http.HttpClient.NoLoggingHandler.ClientHandler[101]
        Received HTTP response headers after 31.1594ms - 404
  info: System.Net.Http.HttpClient.NoLoggingHandler.LogicalHandler[101]
        End processing HTTP request after 31.1951ms - 404
  info: System.Net.Http.HttpClient.NoLoggingHandler.LogicalHandler[100]
        Start processing HTTP request GET https://github.com/dotnet/sourcelink/blob/main/license.txt
  info: System.Net.Http.HttpClient.NoLoggingHandler.ClientHandler[100]
        Sending HTTP request GET https://github.com/dotnet/sourcelink/blob/main/license.txt
  info: System.Net.Http.HttpClient.NoLoggingHandler.ClientHandler[101]
        Received HTTP response headers after 28.3462ms - 404
  info: System.Net.Http.HttpClient.NoLoggingHandler.LogicalHandler[101]
        End processing HTTP request after 28.3836ms - 404
  info: System.Net.Http.HttpClient.NoLoggingHandler.LogicalHandler[100]
        Start processing HTTP request GET https://github.com/dotnet/sourcelink/blob/main/license.md
  info: System.Net.Http.HttpClient.NoLoggingHandler.ClientHandler[100]
        Sending HTTP request GET https://github.com/dotnet/sourcelink/blob/main/license.md
  info: System.Net.Http.HttpClient.NoLoggingHandler.ClientHandler[101]
        Received HTTP response headers after 33.9113ms - 404
  info: System.Net.Http.HttpClient.NoLoggingHandler.LogicalHandler[101]
        End processing HTTP request after 33.9467ms - 404
  info: System.Net.Http.HttpClient.NoLoggingHandler.LogicalHandler[100]
        Start processing HTTP request GET https://github.com/mmanela/diffplex/blob/main/license
  info: System.Net.Http.HttpClient.NoLoggingHandler.ClientHandler[100]
        Sending HTTP request GET https://github.com/mmanela/diffplex/blob/main/license
  info: System.Net.Http.HttpClient.NoLoggingHandler.ClientHandler[101]
        Received HTTP response headers after 34.3541ms - 404
  info: System.Net.Http.HttpClient.NoLoggingHandler.LogicalHandler[101]
        End processing HTTP request after 34.3918ms - 404
  info: System.Net.Http.HttpClient.NoLoggingHandler.LogicalHandler[100]
        Start processing HTTP request GET https://github.com/dotnet/sourcelink/blob/main/License
  info: System.Net.Http.HttpClient.NoLoggingHandler.ClientHandler[100]
        Sending HTTP request GET https://github.com/dotnet/sourcelink/blob/main/License
  info: System.Net.Http.HttpClient.NoLoggingHandler.ClientHandler[101]
        Received HTTP response headers after 31.3116ms - 404
  info: System.Net.Http.HttpClient.NoLoggingHandler.LogicalHandler[101]
        End processing HTTP request after 31.3368ms - 404
  info: System.Net.Http.HttpClient.NoLoggingHandler.LogicalHandler[100]
        Start processing HTTP request GET https://github.com/dotnet/sourcelink/blob/main/License
  info: System.Net.Http.HttpClient.NoLoggingHandler.ClientHandler[100]
        Sending HTTP request GET https://github.com/dotnet/sourcelink/blob/main/License
  info: System.Net.Http.HttpClient.NoLoggingHandler.ClientHandler[101]
        Received HTTP response headers after 29.0744ms - 404
  info: System.Net.Http.HttpClient.NoLoggingHandler.LogicalHandler[101]
        End processing HTTP request after 29.1047ms - 404
  info: System.Net.Http.HttpClient.NoLoggingHandler.LogicalHandler[100]
        Start processing HTTP request GET https://github.com/dotnet/sourcelink/blob/main/license.txt
  info: System.Net.Http.HttpClient.NoLoggingHandler.ClientHandler[100]
        Sending HTTP request GET https://github.com/dotnet/sourcelink/blob/main/license.txt
  info: System.Net.Http.HttpClient.NoLoggingHandler.ClientHandler[101]
        Received HTTP response headers after 34.2603ms - 404
  info: System.Net.Http.HttpClient.NoLoggingHandler.LogicalHandler[101]
        End processing HTTP request after 34.2944ms - 404
  info: System.Net.Http.HttpClient.NoLoggingHandler.LogicalHandler[100]
        Start processing HTTP request GET https://github.com/mmanela/diffplex/blob/main/license.md
  info: System.Net.Http.HttpClient.NoLoggingHandler.ClientHandler[100]
        Sending HTTP request GET https://github.com/mmanela/diffplex/blob/main/license.md
  info: System.Net.Http.HttpClient.NoLoggingHandler.ClientHandler[101]
        Received HTTP response headers after 34.2677ms - 404
  info: System.Net.Http.HttpClient.NoLoggingHandler.LogicalHandler[101]
        End processing HTTP request after 34.3011ms - 404
  info: System.Net.Http.HttpClient.NoLoggingHandler.ClientHandler[101]
        Received HTTP response headers after 31.4723ms - 404
  info: System.Net.Http.HttpClient.NoLoggingHandler.LogicalHandler[101]
        End processing HTTP request after 31.4986ms - 404
  info: System.Net.Http.HttpClient.NoLoggingHandler.LogicalHandler[100]
        Start processing HTTP request GET https://github.com/dotnet/sourcelink/blob/main/License.md
  info: System.Net.Http.HttpClient.NoLoggingHandler.ClientHandler[100]
        Sending HTTP request GET https://github.com/dotnet/sourcelink/blob/main/License.md
  info: System.Net.Http.HttpClient.NoLoggingHandler.LogicalHandler[100]
        Start processing HTTP request GET https://github.com/dotnet/sourcelink/blob/main/License.md
  info: System.Net.Http.HttpClient.NoLoggingHandler.ClientHandler[100]
        Sending HTTP request GET https://github.com/dotnet/sourcelink/blob/main/License.md
  info: System.Net.Http.HttpClient.NoLoggingHandler.ClientHandler[101]
        Received HTTP response headers after 28.72ms - 404
  info: System.Net.Http.HttpClient.NoLoggingHandler.LogicalHandler[101]
        End processing HTTP request after 28.7472ms - 404
  info: System.Net.Http.HttpClient.NoLoggingHandler.LogicalHandler[100]
        Start processing HTTP request GET https://github.com/dotnet/sourcelink/blob/main/License
  info: System.Net.Http.HttpClient.NoLoggingHandler.ClientHandler[100]
        Sending HTTP request GET https://github.com/dotnet/sourcelink/blob/main/License
  info: System.Net.Http.HttpClient.NoLoggingHandler.ClientHandler[101]
        Received HTTP response headers after 34.1065ms - 404
  info: System.Net.Http.HttpClient.NoLoggingHandler.LogicalHandler[101]
        End processing HTTP request after 34.136ms - 404
  info: System.Net.Http.HttpClient.NoLoggingHandler.LogicalHandler[100]
        Start processing HTTP request GET https://github.com/mmanela/diffplex/blob/main/license.txt
  info: System.Net.Http.HttpClient.NoLoggingHandler.ClientHandler[100]
        Sending HTTP request GET https://github.com/mmanela/diffplex/blob/main/license.txt
  info: System.Net.Http.HttpClient.NoLoggingHandler.ClientHandler[101]
        Received HTTP response headers after 31.7143ms - 404
  info: System.Net.Http.HttpClient.NoLoggingHandler.LogicalHandler[101]
        End processing HTTP request after 31.7457ms - 404
  info: System.Net.Http.HttpClient.NoLoggingHandler.LogicalHandler[100]
        Start processing HTTP request GET https://github.com/dotnet/sourcelink/blob/main/License.txt
  info: System.Net.Http.HttpClient.NoLoggingHandler.ClientHandler[100]
        Sending HTTP request GET https://github.com/dotnet/sourcelink/blob/main/License.txt
  info: System.Net.Http.HttpClient.NoLoggingHandler.ClientHandler[101]
        Received HTTP response headers after 29.2681ms - 404
  info: System.Net.Http.HttpClient.NoLoggingHandler.LogicalHandler[101]
        End processing HTTP request after 29.3123ms - 404
  info: System.Net.Http.HttpClient.NoLoggingHandler.ClientHandler[101]
        Received HTTP response headers after 35.3024ms - 404
  info: System.Net.Http.HttpClient.NoLoggingHandler.LogicalHandler[101]
        End processing HTTP request after 35.3273ms - 404
  info: System.Net.Http.HttpClient.NoLoggingHandler.LogicalHandler[100]
        Start processing HTTP request GET https://github.com/dotnet/sourcelink/blob/main/License.md
  info: System.Net.Http.HttpClient.NoLoggingHandler.ClientHandler[100]
        Sending HTTP request GET https://github.com/dotnet/sourcelink/blob/main/License.md
  info: System.Net.Http.HttpClient.NoLoggingHandler.LogicalHandler[100]
        Start processing HTTP request GET https://github.com/dotnet/sourcelink/blob/main/License.txt
  info: System.Net.Http.HttpClient.NoLoggingHandler.ClientHandler[100]
        Sending HTTP request GET https://github.com/dotnet/sourcelink/blob/main/License.txt
  info: System.Net.Http.HttpClient.NoLoggingHandler.ClientHandler[101]
        Received HTTP response headers after 34.6534ms - 404
  info: System.Net.Http.HttpClient.NoLoggingHandler.LogicalHandler[101]
        End processing HTTP request after 34.7362ms - 404
  info: System.Net.Http.HttpClient.NoLoggingHandler.LogicalHandler[100]
        Start processing HTTP request GET https://github.com/mmanela/diffplex/blob/main/License
  info: System.Net.Http.HttpClient.NoLoggingHandler.ClientHandler[100]
        Sending HTTP request GET https://github.com/mmanela/diffplex/blob/main/License
  info: System.Net.Http.HttpClient.NoLoggingHandler.ClientHandler[101]
        Received HTTP response headers after 28.8832ms - 404
  info: System.Net.Http.HttpClient.NoLoggingHandler.LogicalHandler[101]
        End processing HTTP request after 28.9107ms - 404
  info: System.Net.Http.HttpClient.NoLoggingHandler.LogicalHandler[100]
        Start processing HTTP request GET https://github.com/dotnet/sourcelink/blob/main/License.txt
  info: System.Net.Http.HttpClient.NoLoggingHandler.ClientHandler[100]
        Sending HTTP request GET https://github.com/dotnet/sourcelink/blob/main/License.txt
  info: System.Net.Http.HttpClient.NoLoggingHandler.ClientHandler[101]
        Received HTTP response headers after 32.8625ms - 200
  info: System.Net.Http.HttpClient.NoLoggingHandler.LogicalHandler[101]
        End processing HTTP request after 32.8866ms - 200
  info: System.Net.Http.HttpClient.Default.LogicalHandler[100]
        Start processing HTTP request GET https://raw.githubusercontent.com/dotnet/sourcelink/main/License.txt
  info: System.Net.Http.HttpClient.Default.ClientHandler[100]
        Sending HTTP request GET https://raw.githubusercontent.com/dotnet/sourcelink/main/License.txt
  info: System.Net.Http.HttpClient.NoLoggingHandler.ClientHandler[101]
        Received HTTP response headers after 34.3584ms - 200
  info: System.Net.Http.HttpClient.NoLoggingHandler.LogicalHandler[101]
        End processing HTTP request after 34.3846ms - 200
  info: System.Net.Http.HttpClient.Default.LogicalHandler[100]
        Start processing HTTP request GET https://raw.githubusercontent.com/dotnet/sourcelink/main/License.txt
  info: System.Net.Http.HttpClient.Default.ClientHandler[100]
        Sending HTTP request GET https://raw.githubusercontent.com/dotnet/sourcelink/main/License.txt
  info: System.Net.Http.HttpClient.NoLoggingHandler.ClientHandler[101]
        Received HTTP response headers after 33.5467ms - 404
  info: System.Net.Http.HttpClient.NoLoggingHandler.LogicalHandler[101]
        End processing HTTP request after 33.5885ms - 404
  info: System.Net.Http.HttpClient.NoLoggingHandler.LogicalHandler[100]
        Start processing HTTP request GET https://github.com/mmanela/diffplex/blob/main/License.md
  info: System.Net.Http.HttpClient.NoLoggingHandler.ClientHandler[100]
        Sending HTTP request GET https://github.com/mmanela/diffplex/blob/main/License.md
  info: System.Net.Http.HttpClient.Default.ClientHandler[101]
        Received HTTP response headers after 25.4866ms - 200
  info: System.Net.Http.HttpClient.Default.LogicalHandler[101]
        End processing HTTP request after 25.5218ms - 200
  info: System.Net.Http.HttpClient.NoLoggingHandler.ClientHandler[101]
        Received HTTP response headers after 28.8591ms - 200
  info: System.Net.Http.HttpClient.NoLoggingHandler.LogicalHandler[101]
        End processing HTTP request after 28.8903ms - 200
  info: System.Net.Http.HttpClient.Default.ClientHandler[101]
        Received HTTP response headers after 23.6544ms - 200
  info: System.Net.Http.HttpClient.Default.LogicalHandler[101]
        End processing HTTP request after 23.6872ms - 200
  info: System.Net.Http.HttpClient.Default.LogicalHandler[100]
        Start processing HTTP request GET https://raw.githubusercontent.com/dotnet/sourcelink/main/License.txt
  info: System.Net.Http.HttpClient.Default.ClientHandler[100]
        Sending HTTP request GET https://raw.githubusercontent.com/dotnet/sourcelink/main/License.txt
  info: System.Net.Http.HttpClient.Default.ClientHandler[101]
        Received HTTP response headers after 22.0879ms - 200
  info: System.Net.Http.HttpClient.Default.LogicalHandler[101]
        End processing HTTP request after 22.1394ms - 200
  info: System.Net.Http.HttpClient.NoLoggingHandler.ClientHandler[101]
        Received HTTP response headers after 34.3926ms - 404
  info: System.Net.Http.HttpClient.NoLoggingHandler.LogicalHandler[101]
        End processing HTTP request after 34.4333ms - 404
  info: System.Net.Http.HttpClient.NoLoggingHandler.LogicalHandler[100]
        Start processing HTTP request GET https://github.com/mmanela/diffplex/blob/main/License.txt
  info: System.Net.Http.HttpClient.NoLoggingHandler.ClientHandler[100]
        Sending HTTP request GET https://github.com/mmanela/diffplex/blob/main/License.txt
  info: System.Net.Http.HttpClient.NoLoggingHandler.ClientHandler[101]
        Received HTTP response headers after 34.1119ms - 404
  info: System.Net.Http.HttpClient.NoLoggingHandler.LogicalHandler[101]
        End processing HTTP request after 34.1607ms - 404
  info: System.Net.Http.HttpClient.NoLoggingHandler.LogicalHandler[100]
        Start processing HTTP request GET https://github.com/mmanela/diffplex/blob/main/LICENSE.TXT
  info: System.Net.Http.HttpClient.NoLoggingHandler.ClientHandler[100]
        Sending HTTP request GET https://github.com/mmanela/diffplex/blob/main/LICENSE.TXT
  info: System.Net.Http.HttpClient.NoLoggingHandler.ClientHandler[101]
        Received HTTP response headers after 34.2255ms - 404
  info: System.Net.Http.HttpClient.NoLoggingHandler.LogicalHandler[101]
        End processing HTTP request after 34.267ms - 404
  info: System.Net.Http.HttpClient.NoLoggingHandler.LogicalHandler[100]
        Start processing HTTP request GET https://github.com/mmanela/diffplex/blob/master/LICENSE
  info: System.Net.Http.HttpClient.NoLoggingHandler.ClientHandler[100]
        Sending HTTP request GET https://github.com/mmanela/diffplex/blob/master/LICENSE
  info: System.Net.Http.HttpClient.NoLoggingHandler.ClientHandler[101]
        Received HTTP response headers after 34.2404ms - 404
  info: System.Net.Http.HttpClient.NoLoggingHandler.LogicalHandler[101]
        End processing HTTP request after 34.2736ms - 404
  info: System.Net.Http.HttpClient.NoLoggingHandler.LogicalHandler[100]
        Start processing HTTP request GET https://github.com/mmanela/diffplex/blob/master/LICENSE.md
  info: System.Net.Http.HttpClient.NoLoggingHandler.ClientHandler[100]
        Sending HTTP request GET https://github.com/mmanela/diffplex/blob/master/LICENSE.md
  info: System.Net.Http.HttpClient.NoLoggingHandler.ClientHandler[101]
        Received HTTP response headers after 34.8958ms - 404
  info: System.Net.Http.HttpClient.NoLoggingHandler.LogicalHandler[101]
        End processing HTTP request after 34.9537ms - 404
  info: System.Net.Http.HttpClient.NoLoggingHandler.LogicalHandler[100]
        Start processing HTTP request GET https://github.com/mmanela/diffplex/blob/master/LICENSE.txt
  info: System.Net.Http.HttpClient.NoLoggingHandler.ClientHandler[100]
        Sending HTTP request GET https://github.com/mmanela/diffplex/blob/master/LICENSE.txt
  info: System.Net.Http.HttpClient.NoLoggingHandler.ClientHandler[101]
        Received HTTP response headers after 34.4363ms - 404
  info: System.Net.Http.HttpClient.NoLoggingHandler.LogicalHandler[101]
        End processing HTTP request after 34.5011ms - 404
  info: System.Net.Http.HttpClient.NoLoggingHandler.LogicalHandler[100]
        Start processing HTTP request GET https://github.com/mmanela/diffplex/blob/master/license
  info: System.Net.Http.HttpClient.NoLoggingHandler.ClientHandler[100]
        Sending HTTP request GET https://github.com/mmanela/diffplex/blob/master/license
  info: System.Net.Http.HttpClient.NoLoggingHandler.ClientHandler[101]
        Received HTTP response headers after 34.0869ms - 404
  info: System.Net.Http.HttpClient.NoLoggingHandler.LogicalHandler[101]
        End processing HTTP request after 34.146ms - 404
  info: System.Net.Http.HttpClient.NoLoggingHandler.LogicalHandler[100]
        Start processing HTTP request GET https://github.com/mmanela/diffplex/blob/master/license.md
  info: System.Net.Http.HttpClient.NoLoggingHandler.ClientHandler[100]
        Sending HTTP request GET https://github.com/mmanela/diffplex/blob/master/license.md
  info: System.Net.Http.HttpClient.NoLoggingHandler.ClientHandler[101]
        Received HTTP response headers after 33.7787ms - 404
  info: System.Net.Http.HttpClient.NoLoggingHandler.LogicalHandler[101]
        End processing HTTP request after 33.8403ms - 404
  info: System.Net.Http.HttpClient.NoLoggingHandler.LogicalHandler[100]
        Start processing HTTP request GET https://github.com/mmanela/diffplex/blob/master/license.txt
  info: System.Net.Http.HttpClient.NoLoggingHandler.ClientHandler[100]
        Sending HTTP request GET https://github.com/mmanela/diffplex/blob/master/license.txt
  info: System.Net.Http.HttpClient.NoLoggingHandler.ClientHandler[101]
        Received HTTP response headers after 33.8488ms - 404
  info: System.Net.Http.HttpClient.NoLoggingHandler.LogicalHandler[101]
        End processing HTTP request after 33.8938ms - 404
  info: System.Net.Http.HttpClient.NoLoggingHandler.LogicalHandler[100]
        Start processing HTTP request GET https://github.com/mmanela/diffplex/blob/master/License
  info: System.Net.Http.HttpClient.NoLoggingHandler.ClientHandler[100]
        Sending HTTP request GET https://github.com/mmanela/diffplex/blob/master/License
  info: System.Net.Http.HttpClient.NoLoggingHandler.ClientHandler[101]
        Received HTTP response headers after 34.0736ms - 404
  info: System.Net.Http.HttpClient.NoLoggingHandler.LogicalHandler[101]
        End processing HTTP request after 34.1098ms - 404
  info: System.Net.Http.HttpClient.NoLoggingHandler.LogicalHandler[100]
        Start processing HTTP request GET https://github.com/mmanela/diffplex/blob/master/License.md
  info: System.Net.Http.HttpClient.NoLoggingHandler.ClientHandler[100]
        Sending HTTP request GET https://github.com/mmanela/diffplex/blob/master/License.md
  info: System.Net.Http.HttpClient.NoLoggingHandler.ClientHandler[101]
        Received HTTP response headers after 35.1036ms - 404
  info: System.Net.Http.HttpClient.NoLoggingHandler.LogicalHandler[101]
        End processing HTTP request after 35.1614ms - 404
  info: System.Net.Http.HttpClient.NoLoggingHandler.LogicalHandler[100]
        Start processing HTTP request GET https://github.com/mmanela/diffplex/blob/master/License.txt
  info: System.Net.Http.HttpClient.NoLoggingHandler.ClientHandler[100]
        Sending HTTP request GET https://github.com/mmanela/diffplex/blob/master/License.txt
  info: System.Net.Http.HttpClient.NoLoggingHandler.ClientHandler[101]
        Received HTTP response headers after 34.9469ms - 200
  info: System.Net.Http.HttpClient.NoLoggingHandler.LogicalHandler[101]
        End processing HTTP request after 35.0163ms - 200
  info: System.Net.Http.HttpClient.Default.LogicalHandler[100]
        Start processing HTTP request GET https://raw.githubusercontent.com/mmanela/diffplex/master/License.txt
  info: System.Net.Http.HttpClient.Default.ClientHandler[100]
        Sending HTTP request GET https://raw.githubusercontent.com/mmanela/diffplex/master/License.txt
  info: System.Net.Http.HttpClient.Default.ClientHandler[101]
        Received HTTP response headers after 23.0256ms - 200
  info: System.Net.Http.HttpClient.Default.LogicalHandler[101]
        End processing HTTP request after 23.0854ms - 200
  info: Musoq.Cloud.LicensesGatherer.LicenseGatherer[0]
        Saved 11 licenses from 11 packages
  info: Musoq.Cloud.LicensesGatherer.LicenseGatherer[0]
        License texts saved in: D:\repos\Musoq.DataSources\.builds\license-refresh\Musoq.DataSources.Time\snapshot\third-party-notices
[SNAPSHOT] package=Musoq.DataSources.Time packages=10 files=12 manifest_sha256=97757ae333f46564622bf543e2221f493acefe9ee11b3dd030763297f0165d73 source=checked-in
[UPDATED] License snapshot 'Musoq.DataSources.Time'
[SNAPSHOT] package=Musoq.DataSources.Archives packages=12 files=14 manifest_sha256=3aed3e1dbdb783a91f384641c9e89a9d82f286e77df80816ddf6721a4bbe962d source=checked-in
[SNAPSHOT] package=Musoq.DataSources.CANBus packages=22 files=24 manifest_sha256=c8775dd907dd3f53415f727a75744045c285df3618c79b3129c4acc2cc72ff47 source=checked-in
[SNAPSHOT] package=Musoq.DataSources.Docker packages=12 files=14 manifest_sha256=680a4596649bdba1dd1cc6c04033c0feb9330dee622a41448be2a7340c3fb9a0 source=checked-in
[SNAPSHOT] package=Musoq.DataSources.FlatFile packages=10 files=12 manifest_sha256=fb9fe2134a746c988a47dcab549209c05f3f592473a6936b1fea6eec23ffbc40 source=checked-in
[SNAPSHOT] package=Musoq.DataSources.Git packages=9 files=11 manifest_sha256=1739345d803cc0a320bef8aa1b5089f1ebadd640310ea5a8e0fb67562166b263 source=checked-in
[SNAPSHOT] package=Musoq.DataSources.GitHub packages=11 files=13 manifest_sha256=a779009cc27b4a4898dc71aebec56a4c9f4180186745c318b9923262cffbe8c5 source=checked-in
[SNAPSHOT] package=Musoq.DataSources.Jira packages=15 files=17 manifest_sha256=c984b613f964daa04ce3cd8e8dfca0e8c3046fcbf5c5a81b76d7730236e3a4cc source=checked-in
[SNAPSHOT] package=Musoq.DataSources.Json packages=10 files=12 manifest_sha256=8cb5134a4bf42db8e6acf3b417c6b0780c39c79b28389c52c6d113a6b19f5a45 source=checked-in
[SNAPSHOT] package=Musoq.DataSources.Ollama packages=28 files=30 manifest_sha256=fadd724b68bef5a3ab873f88ab0c7904f6438b6ffa0d85d965e36e740d6fb21e source=checked-in
[SNAPSHOT] package=Musoq.DataSources.OpenAI packages=14 files=16 manifest_sha256=2dfe7683c7de542555cd47c26d4edd1dbaf7aca1f31459e78da452c56545bd02 source=checked-in
[SNAPSHOT] package=Musoq.DataSources.Os packages=12 files=14 manifest_sha256=fd9dd637a6bf3779ee2d2dd7689912e345fd8de29111da5828eefda6edb6d268 source=checked-in
[SNAPSHOT] package=Musoq.DataSources.Roslyn packages=39 files=41 manifest_sha256=e7faa9b258eebf3006b2bd5059d47daa14bd39520881fc77d0d354c3a283753d source=checked-in
[SNAPSHOT] package=Musoq.DataSources.Search packages=10 files=12 manifest_sha256=743c02bf4579e5275b20371c190ef4039ac92121a6bdbc5596f27975754d7f5d source=checked-in
[SNAPSHOT] package=Musoq.DataSources.SeparatedValues packages=10 files=12 manifest_sha256=c6d16155467de7b86837c684f37833afe334e0212c90d67292c1abc6d2676dfe source=checked-in
[SNAPSHOT] package=Musoq.DataSources.System packages=10 files=12 manifest_sha256=09e79e9fee782ec8f9886514353932a9347a64e6d09849d4dddc53eba125ffaf source=checked-in
[SNAPSHOT] package=Musoq.DataSources.Time packages=10 files=12 manifest_sha256=97757ae333f46564622bf543e2221f493acefe9ee11b3dd030763297f0165d73 source=checked-in
